USE [master]
GO
/****** Object:  Database [University_DB]    Script Date: 25-Dec-19 12:24:33 AM ******/
CREATE DATABASE [University_DB]
 CONTAINMENT = NONE
 
GO
ALTER DATABASE [University_DB] SET COMPATIBILITY_LEVEL = 140
GO
IF (1 = FULLTEXTSERVICEPROPERTY('IsFullTextInstalled'))
begin
EXEC [University_DB].[dbo].[sp_fulltext_database] @action = 'enable'
end
GO
ALTER DATABASE [University_DB] SET ANSI_NULL_DEFAULT OFF 
GO
ALTER DATABASE [University_DB] SET ANSI_NULLS OFF 
GO
ALTER DATABASE [University_DB] SET ANSI_PADDING OFF 
GO
ALTER DATABASE [University_DB] SET ANSI_WARNINGS OFF 
GO
ALTER DATABASE [University_DB] SET ARITHABORT OFF 
GO
ALTER DATABASE [University_DB] SET AUTO_CLOSE OFF 
GO
ALTER DATABASE [University_DB] SET AUTO_SHRINK OFF 
GO
ALTER DATABASE [University_DB] SET AUTO_UPDATE_STATISTICS ON 
GO
ALTER DATABASE [University_DB] SET CURSOR_CLOSE_ON_COMMIT OFF 
GO
ALTER DATABASE [University_DB] SET CURSOR_DEFAULT  GLOBAL 
GO
ALTER DATABASE [University_DB] SET CONCAT_NULL_YIELDS_NULL OFF 
GO
ALTER DATABASE [University_DB] SET NUMERIC_ROUNDABORT OFF 
GO
ALTER DATABASE [University_DB] SET QUOTED_IDENTIFIER OFF 
GO
ALTER DATABASE [University_DB] SET RECURSIVE_TRIGGERS OFF 
GO
ALTER DATABASE [University_DB] SET  DISABLE_BROKER 
GO
ALTER DATABASE [University_DB] SET AUTO_UPDATE_STATISTICS_ASYNC OFF 
GO
ALTER DATABASE [University_DB] SET DATE_CORRELATION_OPTIMIZATION OFF 
GO
ALTER DATABASE [University_DB] SET TRUSTWORTHY OFF 
GO
ALTER DATABASE [University_DB] SET ALLOW_SNAPSHOT_ISOLATION OFF 
GO
ALTER DATABASE [University_DB] SET PARAMETERIZATION SIMPLE 
GO
ALTER DATABASE [University_DB] SET READ_COMMITTED_SNAPSHOT OFF 
GO
ALTER DATABASE [University_DB] SET HONOR_BROKER_PRIORITY OFF 
GO
ALTER DATABASE [University_DB] SET RECOVERY FULL 
GO
ALTER DATABASE [University_DB] SET  MULTI_USER 
GO
ALTER DATABASE [University_DB] SET PAGE_VERIFY CHECKSUM  
GO
ALTER DATABASE [University_DB] SET DB_CHAINING OFF 
GO
ALTER DATABASE [University_DB] SET FILESTREAM( NON_TRANSACTED_ACCESS = OFF ) 
GO
ALTER DATABASE [University_DB] SET TARGET_RECOVERY_TIME = 60 SECONDS 
GO
ALTER DATABASE [University_DB] SET DELAYED_DURABILITY = DISABLED 
GO
EXEC sys.sp_db_vardecimal_storage_format N'University_DB', N'ON'
GO
ALTER DATABASE [University_DB] SET QUERY_STORE = OFF
GO
USE [University_DB]
GO
/****** Object:  Table [dbo].[Course]    Script Date: 25-Dec-19 12:24:33 AM ******/
SET ANSI_NULLS ON
GO
SET QUOTED_IDENTIFIER ON
GO
CREATE TABLE [dbo].[Course](
	[Id] [int] IDENTITY(1,1) NOT NULL,
	[CourseCode] [nvarchar](50) NOT NULL,
	[CourseName] [nvarchar](50) NOT NULL,
	[CourseCredit] [float] NOT NULL,
	[CourseDetails] [nvarchar](1000) NULL,
	[DepartmentId] [int] NOT NULL,
	[SemesterId] [int] NULL,
 CONSTRAINT [PK__Course__3214EC073EA406C2] PRIMARY KEY CLUSTERED 
(
	[Id] ASC
)WITH (PAD_INDEX = OFF, STATISTICS_NORECOMPUTE = OFF, IGNORE_DUP_KEY = OFF, ALLOW_ROW_LOCKS = ON, ALLOW_PAGE_LOCKS = ON) ON [PRIMARY]
) ON [PRIMARY]
GO
/****** Object:  Table [dbo].[Teacher]    Script Date: 25-Dec-19 12:24:33 AM ******/
SET ANSI_NULLS ON
GO
SET QUOTED_IDENTIFIER ON
GO
CREATE TABLE [dbo].[Teacher](
	[Id] [int] IDENTITY(1,1) NOT NULL,
	[Name] [nvarchar](100) NOT NULL,
	[Address] [nvarchar](1000) NOT NULL,
	[email] [nvarchar](255) NOT NULL,
	[Contact No] [nvarchar](50) NOT NULL,
	[Credit] [float] NOT NULL,
	[DesignationId] [int] NOT NULL,
	[DepartmentId] [int] NOT NULL,
 CONSTRAINT [PK__Teacher__3214EC07EB0EB7C7] PRIMARY KEY CLUSTERED 
(
	[Id] ASC
)WITH (PAD_INDEX = OFF, STATISTICS_NORECOMPUTE = OFF, IGNORE_DUP_KEY = OFF, ALLOW_ROW_LOCKS = ON, ALLOW_PAGE_LOCKS = ON) ON [PRIMARY]
) ON [PRIMARY]
GO
/****** Object:  Table [dbo].[TeacherCourseAssign]    Script Date: 25-Dec-19 12:24:33 AM ******/
SET ANSI_NULLS ON
GO
SET QUOTED_IDENTIFIER ON
GO
CREATE TABLE [dbo].[TeacherCourseAssign](
	[id] [int] IDENTITY(1,1) NOT NULL,
	[DepartmentId] [int] NOT NULL,
	[TeacherId] [int] NOT NULL,
	[CourseId] [int] NOT NULL,
	[IsAssigned] [bit] NOT NULL,
PRIMARY KEY CLUSTERED 
(
	[id] ASC
)WITH (PAD_INDEX = OFF, STATISTICS_NORECOMPUTE = OFF, IGNORE_DUP_KEY = OFF, ALLOW_ROW_LOCKS = ON, ALLOW_PAGE_LOCKS = ON) ON [PRIMARY]
) ON [PRIMARY]
GO
/****** Object:  View [dbo].[TeacherTotalAssignedCredit]    Script Date: 25-Dec-19 12:24:33 AM ******/
SET ANSI_NULLS ON
GO
SET QUOTED_IDENTIFIER ON
GO
CREATE VIEW [dbo].[TeacherTotalAssignedCredit]
AS
SELECT CA.TeacherId, SUM( C.CourseCredit) AS [TOTAL COURSE CREDIT] FROM Teacher AS T
JOIN TeacherCourseAssign AS CA 
ON CA.TeacherId = T.Id
JOIN Course AS C
ON C.Id = CA.CourseId
GROUP BY CA.TeacherId
GO
/****** Object:  Table [dbo].[__MigrationHistory]    Script Date: 25-Dec-19 12:24:33 AM ******/
SET ANSI_NULLS ON
GO
SET QUOTED_IDENTIFIER ON
GO
CREATE TABLE [dbo].[__MigrationHistory](
	[MigrationId] [nvarchar](150) NOT NULL,
	[ContextKey] [nvarchar](300) NOT NULL,
	[Model] [varbinary](max) NOT NULL,
	[ProductVersion] [nvarchar](32) NOT NULL,
 CONSTRAINT [PK_dbo.__MigrationHistory] PRIMARY KEY CLUSTERED 
(
	[MigrationId] ASC,
	[ContextKey] ASC
)WITH (PAD_INDEX = OFF, STATISTICS_NORECOMPUTE = OFF, IGNORE_DUP_KEY = OFF, ALLOW_ROW_LOCKS = ON, ALLOW_PAGE_LOCKS = ON) ON [PRIMARY]
) ON [PRIMARY] TEXTIMAGE_ON [PRIMARY]
GO
/****** Object:  Table [dbo].[AllocateClassrooms]    Script Date: 25-Dec-19 12:24:33 AM ******/
SET ANSI_NULLS ON
GO
SET QUOTED_IDENTIFIER ON
GO
CREATE TABLE [dbo].[AllocateClassrooms](
	[Id] [int] IDENTITY(1,1) NOT NULL,
	[DepartmentId] [int] NOT NULL,
	[CourseId] [int] NOT NULL,
	[RoomId] [int] NOT NULL,
	[Day] [nvarchar](15) NOT NULL,
	[FromTime] [datetime] NOT NULL,
	[ToTime] [datetime] NOT NULL,
	[IsAllocated] [bit] NOT NULL,
 CONSTRAINT [PK_dbo.AllocateClassrooms] PRIMARY KEY CLUSTERED 
(
	[Id] ASC
)WITH (PAD_INDEX = OFF, STATISTICS_NORECOMPUTE = OFF, IGNORE_DUP_KEY = OFF, ALLOW_ROW_LOCKS = ON, ALLOW_PAGE_LOCKS = ON) ON [PRIMARY]
) ON [PRIMARY]
GO
/****** Object:  Table [dbo].[AspNetRoles]    Script Date: 25-Dec-19 12:24:33 AM ******/
SET ANSI_NULLS ON
GO
SET QUOTED_IDENTIFIER ON
GO
CREATE TABLE [dbo].[AspNetRoles](
	[Id] [nvarchar](128) NOT NULL,
	[Name] [nvarchar](256) NOT NULL,
 CONSTRAINT [PK_dbo.AspNetRoles] PRIMARY KEY CLUSTERED 
(
	[Id] ASC
)WITH (PAD_INDEX = OFF, STATISTICS_NORECOMPUTE = OFF, IGNORE_DUP_KEY = OFF, ALLOW_ROW_LOCKS = ON, ALLOW_PAGE_LOCKS = ON) ON [PRIMARY]
) ON [PRIMARY]
GO
/****** Object:  Table [dbo].[AspNetUserClaims]    Script Date: 25-Dec-19 12:24:33 AM ******/
SET ANSI_NULLS ON
GO
SET QUOTED_IDENTIFIER ON
GO
CREATE TABLE [dbo].[AspNetUserClaims](
	[Id] [int] IDENTITY(1,1) NOT NULL,
	[UserId] [nvarchar](128) NOT NULL,
	[ClaimType] [nvarchar](max) NULL,
	[ClaimValue] [nvarchar](max) NULL,
 CONSTRAINT [PK_dbo.AspNetUserClaims] PRIMARY KEY CLUSTERED 
(
	[Id] ASC
)WITH (PAD_INDEX = OFF, STATISTICS_NORECOMPUTE = OFF, IGNORE_DUP_KEY = OFF, ALLOW_ROW_LOCKS = ON, ALLOW_PAGE_LOCKS = ON) ON [PRIMARY]
) ON [PRIMARY] TEXTIMAGE_ON [PRIMARY]
GO
/****** Object:  Table [dbo].[AspNetUserLogins]    Script Date: 25-Dec-19 12:24:33 AM ******/
SET ANSI_NULLS ON
GO
SET QUOTED_IDENTIFIER ON
GO
CREATE TABLE [dbo].[AspNetUserLogins](
	[LoginProvider] [nvarchar](128) NOT NULL,
	[ProviderKey] [nvarchar](128) NOT NULL,
	[UserId] [nvarchar](128) NOT NULL,
 CONSTRAINT [PK_dbo.AspNetUserLogins] PRIMARY KEY CLUSTERED 
(
	[LoginProvider] ASC,
	[ProviderKey] ASC,
	[UserId] ASC
)WITH (PAD_INDEX = OFF, STATISTICS_NORECOMPUTE = OFF, IGNORE_DUP_KEY = OFF, ALLOW_ROW_LOCKS = ON, ALLOW_PAGE_LOCKS = ON) ON [PRIMARY]
) ON [PRIMARY]
GO
/****** Object:  Table [dbo].[AspNetUserRoles]    Script Date: 25-Dec-19 12:24:33 AM ******/
SET ANSI_NULLS ON
GO
SET QUOTED_IDENTIFIER ON
GO
CREATE TABLE [dbo].[AspNetUserRoles](
	[UserId] [nvarchar](128) NOT NULL,
	[RoleId] [nvarchar](128) NOT NULL,
 CONSTRAINT [PK_dbo.AspNetUserRoles] PRIMARY KEY CLUSTERED 
(
	[UserId] ASC,
	[RoleId] ASC
)WITH (PAD_INDEX = OFF, STATISTICS_NORECOMPUTE = OFF, IGNORE_DUP_KEY = OFF, ALLOW_ROW_LOCKS = ON, ALLOW_PAGE_LOCKS = ON) ON [PRIMARY]
) ON [PRIMARY]
GO
/****** Object:  Table [dbo].[AspNetUsers]    Script Date: 25-Dec-19 12:24:33 AM ******/
SET ANSI_NULLS ON
GO
SET QUOTED_IDENTIFIER ON
GO
CREATE TABLE [dbo].[AspNetUsers](
	[Id] [nvarchar](128) NOT NULL,
	[Email] [nvarchar](256) NULL,
	[EmailConfirmed] [bit] NOT NULL,
	[PasswordHash] [nvarchar](max) NULL,
	[SecurityStamp] [nvarchar](max) NULL,
	[PhoneNumber] [nvarchar](max) NULL,
	[PhoneNumberConfirmed] [bit] NOT NULL,
	[TwoFactorEnabled] [bit] NOT NULL,
	[LockoutEndDateUtc] [datetime] NULL,
	[LockoutEnabled] [bit] NOT NULL,
	[AccessFailedCount] [int] NOT NULL,
	[UserName] [nvarchar](256) NOT NULL,
 CONSTRAINT [PK_dbo.AspNetUsers] PRIMARY KEY CLUSTERED 
(
	[Id] ASC
)WITH (PAD_INDEX = OFF, STATISTICS_NORECOMPUTE = OFF, IGNORE_DUP_KEY = OFF, ALLOW_ROW_LOCKS = ON, ALLOW_PAGE_LOCKS = ON) ON [PRIMARY]
) ON [PRIMARY] TEXTIMAGE_ON [PRIMARY]
GO
/****** Object:  Table [dbo].[Department]    Script Date: 25-Dec-19 12:24:33 AM ******/
SET ANSI_NULLS ON
GO
SET QUOTED_IDENTIFIER ON
GO
CREATE TABLE [dbo].[Department](
	[DepartmentId] [int] IDENTITY(1,1) NOT NULL,
	[DepartmentName] [nvarchar](100) NOT NULL,
	[DepartmentCode] [nvarchar](7) NOT NULL,
PRIMARY KEY CLUSTERED 
(
	[DepartmentId] ASC
)WITH (PAD_INDEX = OFF, STATISTICS_NORECOMPUTE = OFF, IGNORE_DUP_KEY = OFF, ALLOW_ROW_LOCKS = ON, ALLOW_PAGE_LOCKS = ON) ON [PRIMARY]
) ON [PRIMARY]
GO
/****** Object:  Table [dbo].[Designation]    Script Date: 25-Dec-19 12:24:33 AM ******/
SET ANSI_NULLS ON
GO
SET QUOTED_IDENTIFIER ON
GO
CREATE TABLE [dbo].[Designation](
	[Id] [int] IDENTITY(1,1) NOT NULL,
	[DesignationName] [nvarchar](50) NOT NULL,
PRIMARY KEY CLUSTERED 
(
	[Id] ASC
)WITH (PAD_INDEX = OFF, STATISTICS_NORECOMPUTE = OFF, IGNORE_DUP_KEY = OFF, ALLOW_ROW_LOCKS = ON, ALLOW_PAGE_LOCKS = ON) ON [PRIMARY]
) ON [PRIMARY]
GO
/****** Object:  Table [dbo].[Results]    Script Date: 25-Dec-19 12:24:33 AM ******/
SET ANSI_NULLS ON
GO
SET QUOTED_IDENTIFIER ON
GO
CREATE TABLE [dbo].[Results](
	[Id] [int] IDENTITY(1,1) NOT NULL,
	[DepartmentId] [int] NOT NULL,
	[StudentId] [int] NOT NULL,
	[CourseId] [int] NOT NULL,
	[Grade] [nvarchar](max) NULL,
	[IsResultAvailable] [bit] NOT NULL,
 CONSTRAINT [PK_dbo.Results] PRIMARY KEY CLUSTERED 
(
	[Id] ASC
)WITH (PAD_INDEX = OFF, STATISTICS_NORECOMPUTE = OFF, IGNORE_DUP_KEY = OFF, ALLOW_ROW_LOCKS = ON, ALLOW_PAGE_LOCKS = ON) ON [PRIMARY]
) ON [PRIMARY] TEXTIMAGE_ON [PRIMARY]
GO
/****** Object:  Table [dbo].[Rooms]    Script Date: 25-Dec-19 12:24:33 AM ******/
SET ANSI_NULLS ON
GO
SET QUOTED_IDENTIFIER ON
GO
CREATE TABLE [dbo].[Rooms](
	[RoomId] [int] IDENTITY(1,1) NOT NULL,
	[RoomNo] [nvarchar](20) NOT NULL,
 CONSTRAINT [PK_dbo.Rooms] PRIMARY KEY CLUSTERED 
(
	[RoomId] ASC
)WITH (PAD_INDEX = OFF, STATISTICS_NORECOMPUTE = OFF, IGNORE_DUP_KEY = OFF, ALLOW_ROW_LOCKS = ON, ALLOW_PAGE_LOCKS = ON) ON [PRIMARY]
) ON [PRIMARY]
GO
/****** Object:  Table [dbo].[Semester]    Script Date: 25-Dec-19 12:24:33 AM ******/
SET ANSI_NULLS ON
GO
SET QUOTED_IDENTIFIER ON
GO
CREATE TABLE [dbo].[Semester](
	[SemesterId] [int] IDENTITY(1,1) NOT NULL,
	[SemesterName] [nvarchar](50) NOT NULL,
PRIMARY KEY CLUSTERED 
(
	[SemesterId] ASC
)WITH (PAD_INDEX = OFF, STATISTICS_NORECOMPUTE = OFF, IGNORE_DUP_KEY = OFF, ALLOW_ROW_LOCKS = ON, ALLOW_PAGE_LOCKS = ON) ON [PRIMARY]
) ON [PRIMARY]
GO
/****** Object:  Table [dbo].[Student]    Script Date: 25-Dec-19 12:24:33 AM ******/
SET ANSI_NULLS ON
GO
SET QUOTED_IDENTIFIER ON
GO
CREATE TABLE [dbo].[Student](
	[Id] [int] IDENTITY(1,1) NOT NULL,
	[StudentName] [nvarchar](70) NOT NULL,
	[Email] [nvarchar](255) NOT NULL,
	[ContactNo] [nvarchar](11) NOT NULL,
	[Date] [date] NOT NULL,
	[Address] [nvarchar](500) NOT NULL,
	[DepartmentId] [int] NOT NULL,
	[RegistrationNumber] [nvarchar](100) NOT NULL,
PRIMARY KEY CLUSTERED 
(
	[Id] ASC
)WITH (PAD_INDEX = OFF, STATISTICS_NORECOMPUTE = OFF, IGNORE_DUP_KEY = OFF, ALLOW_ROW_LOCKS = ON, ALLOW_PAGE_LOCKS = ON) ON [PRIMARY]
) ON [PRIMARY]
GO
/****** Object:  Table [dbo].[StudentCourseAssigns]    Script Date: 25-Dec-19 12:24:33 AM ******/
SET ANSI_NULLS ON
GO
SET QUOTED_IDENTIFIER ON
GO
CREATE TABLE [dbo].[StudentCourseAssigns](
	[Id] [int] IDENTITY(1,1) NOT NULL,
	[StudentId] [int] NOT NULL,
	[DepartmentId] [int] NOT NULL,
	[CourseId] [int] NOT NULL,
	[EnrollmentDate] [datetime] NOT NULL,
	[IsAssigned] [bit] NOT NULL,
 CONSTRAINT [PK_dbo.StudentCourseAssigns] PRIMARY KEY CLUSTERED 
(
	[Id] ASC
)WITH (PAD_INDEX = OFF, STATISTICS_NORECOMPUTE = OFF, IGNORE_DUP_KEY = OFF, ALLOW_ROW_LOCKS = ON, ALLOW_PAGE_LOCKS = ON) ON [PRIMARY]
) ON [PRIMARY]
GO
INSERT [dbo].[__MigrationHistory] ([MigrationId], [ContextKey], [Model], [ProductVersion]) VALUES (N'201912091518514_Initial table Creation', N'University_Management.Migrations.Application_DbContext.Configuration', 0x1F8B0800000000000400DD5CDB6EE336107D2FD07F10F4D416592B97EE621BD85B649DA40DBAB9609D5DF42DA025DA1156A2B412952628FA657DE827F5173A94A81B2FBAD88AED14058A581C9E190E0FC92139DC7FFFFE67FCF3A3EF190F388ADD804CCC83D1BE696062078E4B961333A18B576FCD9FDF7DFBCDF8CCF11F8DCFB9DC1193839A249E98F79486C79615DBF7D847F1C877ED288883051DD9816F2127B00EF7F77FB20E0E2C0C10266019C6F86342A8EBE3F407FC9C06C4C6214D90771938D88BF9772899A5A8C615F2711C221B4FCC4FC44DCDA54F779788A025F631A1A3AC9E699C782E029B66D85B98062224A08882C5C79F623CA3514096B3103E20EFF629C420B7405E8C794B8E4BF1AE8DDA3F648DB2CA8A39949DC434F07B021E1C712F5962F5957C6D165E043F9E81BFE9136B75EACB8979E1E0F4D3C7C00307880A8FA75EC48427E665A1E2240EAF301DE5154719E47904707F04D197511571CFE85C6FAF60D5E1689FFDB7674C138F26119E109CD008797BC64D32F75CFB37FC741B7CC1647274305F1CBD7DFD0639476F7EC447AFAB2D85B6825CED037CBA89821047601B5E14ED370DAB5ECF122B16D52A7532AF0097608098C6257AFC80C992DEC3D0397C6B1AE7EE2376F22F9C5C4058184F50894609FCBC4A3C0FCD3D5C945B8D3AD9FF1BB41EBE7E3388D62BF4E02ED3AE17F4C3C089605C7DC45E5A1ADFBB6136BC6AFD7DC7C5CEA3C067BFEBFCCA4AEF664112D9AC318156E416454B4CEBD68DAD92BC9D28CDA086A7758EBAFBD46696CAF4568AB206AD321272159B1E0DB9BDCFABB733E34EC2103A2FA516F34813E19A96AD9180B36794D2AF4AE9924E075DE944A099FFE7D9F1CC47AE37C0F4D8410BC4280B37F271D1CAF701901191DE36DFA03886D9C1F915C5F70DA6C39F03983EC37612018D6614F9E1B36BBBB90F08BE4AFC391B0B9BD33558D7DCFE119C239B06D11961B5D6C6FB10D85F82849E11E71451FC89DA3920FB79EBFADD010631E7C4B6711C9F0399B1330D2004CF012F083D3AEC0DC7A6AA6D8727530FB9BE3A3E1126D5BB5CB48C51D412529CA21153C52A4DA67E08962EE9666A2EAA3735936835958BF535958175B3944BEA0D4D055AEDCCA4068BFED21E1A3EFC4B61773FFE5B6FF1D6CD051537CE6086C4BF60822398C69C1B44298E48D9035DE68D6D040B69F731A5CFBE36A59A3E232F195AD54AA3219D04861F0D29ECEE8F86D44CF8FCE03A2C2AE9B029CA8501BE93BC7ABFD53EE604CB363D1C6ACDDCB4F2CDCC01BAE17212C781EDA6A340711CC60F33EAF6430C67B49F6C64AD114F47A0614074972D79F005DA668AA4BA26A7D8C3141B2776765C3845B18D1CD98DD020A78761F98AAA30AC3C25A91BF783A413988E235609B14D500C23D525541E162EB1DD1079AD5E126A765CC258DB0B1D62C9290E31610A5B3DD145B9FA50841950E8113AA5CD4363ABC2B866226AA2565D9FB785B065BF4B67151BE1644BECACE1258FDF9E8598CD1EDB00399B5DD2C500ED01DF3608CAF72A5D09206E5C768DA0C28E4943501E526D84A0758F6D81A07597BC3882665BD4AEFD2FEC57778D9EF58DF2E697F546776D819B357FEC1835B3D813EA50A88123999EA77356881FA962730676F2FD59CC435D91220C7C8669FDC8A68C779571A8D50C2292A809B0245A0B28BF1A9480A401D5C3B8FC2CAFD13A1E45F480CDCFDD1A61F9DC2FC05638206357AF482B82FA8B54919C9D761F45CB0A364824EFB459A8E02808214E5EF58677708AEE5C56764C9758B84F345C6918EF8C0607B544AE1A27E58D19DC4B3935DBBDA40AC8FA84646B7949089F345ECA1B33B8973847DB9DA4080A7A84056BB9A8BE840F34D8F2938E62B529CAC6569643C53F8C2D4DB2D5F81285A14B9695E42BFEC598659957D357B3FE89487E8661D9B1221FA9B0B6D04483082DB1500AAAC1D273378AE929A2688ED839CFD4F12531E5DAAA99FE7395D5E553EEC47C1DC8A5D9DF7C596BBAD0AFADBA7258C2D1CEA1ADAC56DA6CAC6082BABAC1D2E2908722C519FE34F0129FE8432D7DEDEC26AF5A3FFB22238C2DC17E299492FC2605BCF54EE8D445F2F018BCBB8A9866F52ED343E81C9F47A455D7EBA2543D4A7E685545D11D646DAD0B75C1CD8ADD264690FD7BAD15E179C61A4F5BA902F04F3D312A990F1258A5AC3B6A3D39A58A592FE98E2864A0542185A21E5656F34C6A46560B56C2D378542DD15D839C595245974BBB232B724CAAD08AE215B015368B65DD511569285560457177EC3227459C4E777835D3EE6B0658CEB24DF07AEB9906E379E6C66196C3CA5D7F15A8F2B92716BFCD97C0F8F79DE49576273800AFB25390F578A5C1D0CF46B5FBF2FA64D478C9AFC7AC5D82D726FCA624003D5E3FF63E2B47A42DA12852682FB686C21670CCB763ED8F72A4FD5926621AB91B61B17F8A29F6474C6034FBEA4D3D17B3A93D1700B6B90B1CD32CF1C33CDC3F38145EF3ECCECB1A2B8E1D4FB19DD53DAFA9F7D90672B8C8038AEC7B14C919156BBC3E2941A5C3EA0BE2E0C789F9675AEB383DF7607FA59FF78C8B186695AF0914DC460936FE92334487C9C6EFF0FEA330F4AF17F1B0A2BBCB2F7EBFCBAAEE19D7110CA763635F70F42ADD5F7F6ED1CB9AACEA1AD6ACFC08E3E58EB6DA6B0625AA305A567FBC3077E9200F17722BBFF3D1E3F77D4D533E4E580B51F1006128BC415CA87B60B00A96F67181033F69FAB8A05F63D58F0D56314DFBD0C025FDC1C46706DDA7A1BCE616D721C5D669135352EAE7D634EDB57236B7BD3649D9DC6B0D743963BB07DCA059D9EB85282F2CDB79B0A55391CC3C18F63679FFEC19CCBB92B45C06EDDBCD55DE647A72C375D3FF2A2B7907F2E8147941DBCF3DDE34D77467C13B9EC0D92FC378C7C8C697F9EDE7116F9A6CBA03E21D275BAF6CE11DE3DAB6D6CF2D33ADF312BAF5DC5F398D4973A7A33A456ECBEDCD8EDC61FB3F0F80045944993DC9542793E9949564D12A2C45F44AF5596CA26269E0487A258966B5FDDACA17FCC6C6729966B59ADCCF26DD7CFE6FD4CD659A756B322AB79195ACCC6954658AB7CC634DC9552F290BB9D69296A4F7B698B5F182FE25251D0FE294DAE8D1DC2EBF9C1CE3415C32E4D0E991532C5F14C3DA59F9371E61FD8EDD6509C1FEC54782EDDAAA59C85C9045902FDE8245B98870427389297260493D89A8BB4036856276009DBE294F0FF5D835C81C3B17E43AA16142A1C9D89F7BB5032F160434E94F13A7EB368FAF43F62B1EA20960A6CB0EEEAFC9FBC4F59CC2EE73C5999006824517FCB897F52565C7BECBA702E92A201D81B8FB8AA0E816FBA10760F13599A107BC8A6D40BF0F7889ECA7F2045007D2DE1175B78F4F5DB48C901F738CB23EFC040E3BFEE3BBFF00A19F60EEEA540000, N'6.4.0')
GO
INSERT [dbo].[__MigrationHistory] ([MigrationId], [ContextKey], [Model], [ProductVersion]) VALUES (N'201912091542425_Initial table Creation', N'University_Management.Migrations.Project_DbContext.Configuration', 0x1F8B0800000000000400ED5D5B6FE3BA117E2FD0FF20E8B1C8C671168B3D0DEC73B0C7D914414F92459C3DE85BC0588CA3561757A28304457F591FFA93FA174ADD288A77EAEA2C827D714472381C7E331C0EC9D9FFFDE7BF8B5F5EC2C0798649EAC7D1D29D1F9FB80E8C36B1E747DBA5BB478F1F7E727FF9F98F7F587CF5C217E7F7AADEC7AC1E6E19A54BF709A1DDD96C966E9E6008D2E3D0DF24711A3FA2E34D1CCE8017CF4E4F4EFE3C9BCF67109370312DC759DCEE23E48730FF03FFB98AA30DDCA13D08AE620F0669F91D97AC73AACE350861BA031BB874BF477ECE2E7ABDBF0211D8C21046E8B868E73A5F021F609ED63078741D1045310208737CF63D856B94C4D176BDC31F4070F7BA83B8DE230852588EE4ACAE6E3AA893D36C50B3BA61456AB34F511C5A129C7F2CA534639BB792B54BA488E5F815CB1BBD66A3CE65B97457F13E49E19734F5B7983CDBE1D92A48B2CA6A711FD3448E9CBAEA87BAEA11010DC656F6EFC859ED03B44FE032827B9480E0C8F9B67F08FCCD5FE1EB5DFC0F182DA37D10D0CC63F67159E303FEF42D89773041AFB7F0B11C92EFB9CEACD96EC63624CDA836C5402F23F4F1D475AE71E7E02180041B9450D6284EE05F60041380A0F70D2004133CB5971ECCA5CBF5CEF4750E77204199502EB5BDAA29DD418011907425B34AA0E7A3BBF8577807B0E0BB11BBC588F4236C360AAA1D39CB81D5797C3995EC774507DB00CCA1EB5C8197DF60B4454F4BF713B66417FE0BF4AA0F25698C666C06711B94ECA1BEEB6BF0EC6F73980899709D5B18E4C5E993BF2B0C54A93EF7B41661137691C4E16D1C90A6CDF2FB3B906C6126DE5851698DFFDA5830594353C8685D2C6756568763585AD196E9520B841C976572768515385EC5B5448C2E66B5893530BC1D4DEEF4C6F6B285B1D5EB737FC6B690D30A0B6D78DD9FD0EC8847DD9B053E8708F8995F251DC7FCE4C46C2463AD8D6B18FA296AB1386A2C38B1217D19F2CA8A280D7965908632E46A136E60BCEDCD7635414206AB42117B6C19C71C57A193A1A645D9D258D724DE0DB6B905D058CEB9A1C1B1B41B75FF9A45E3F318FEA2CADA74F2C658ABA375DBECF836E4586776B45CDAF3B746FB0C895A06EB7A420EAB62158BA48E2D8FA5BBA9E5B1AE27E4B12A56F148EA887834B691E5485B1BC8B2FDBB75D47A3585A034A6F1F32096F12BDED8078A5E4F3F7D1AC6978D10D8A0EB58B516CC07590AF014559D66BFEFFCD09EC817CF4B60AA729D3F0DBD90F5E7029BBB95A6E653E1587226B6956922D18196A6A96CFF6E9A74789BC65DD3AB97F1CED4B26738A939BC57DAC381A20A3DC413CE61E656E680EBBAC31FC2C0E9BDEE961145D60553C71DFBB7C7A6AEA2C21E73EEA4399764CE256C9272099F7CB9805141A58E1B7F8AEDD63B7F42E37D05B1B00D131FD66836602DE0CA6FC114986EB70723F1B4B69BB092C03B504D63CB0771A42806A955009505A734C26A024CBC96C51B3FE7A7C127B36236C7F835F21C93187921EA3AD68EE58D31E8EF30EA302BD8D9E3A4A7A14C961196727525A249FF4F1C7D8C5A9864B0010176CD52AC077E847888FBD1C6DF81C060904C5B4305C9E683F4C296E0451C4619B60D2461D27D7D2CCF3341FA62F45727A7C58C028E1A4FD2C0A76CE6F551D07AF66997CA1C5BFA53EF51F1A51BF00818D349C48485A6877F1858B340D990F852206B2C4C4D8AA6378C23121A33986CFE98A14724F141B89A3889E80F8D257684E3828915C11B41933808219B724D44A29E74122B358793E6FED4A8AB9E729C23E04A290B93FEA9FB9C131929C1CE566E4854DB5CDA4C5161141B3BA50AFA6831DB9BA1920F72144B25178299A96A445BA75EF90C30A538BCEE71E59B1250D2118EBBF2B583D3E42B1F17D790CDB63CC84139392464668E22F9EDB391FC70D9C046808F6CEC265DD3F73147404E119BCA0FCBFC0826251398ADBFC30D3A7FC80AE08BE8C2CAF71496E1D2B40CD0B148C808AF21129F18D53131A1DFC3C14A444C4E464BA0D6501111DA6E6A08D5E7F71C15B235D090A863E31C096263B5C321EB97783C946BA11B50893FE188881D608850E06227893D00A4AAAA6E03B3C8370C7C92D15018E1B4C830D4C9D122636063EECDE11B88467E2591178F5914CF2E8E470DADA1090A51692377638ACB4C505622EA57380AB1F42C90DA002925220EA6188753BAC9840BA050E46AFE3B4B4572E580978B4158C02230400DA636E50AC1A8430183AA91E84056041BDDF6D67C83DB000EBD482991A3D8D21A48BB9B42A925A3D9A319EFD2BA29D44852E10F477991A8371A665B0DDA1CD4EE874214D2CD45276B5B9DD4126F98942D66C5C3FAF2C362267981BFB802BB9D1F6DA917F9E517675D3CC75F7D58DBBF4E0F0B1AB34D43BAACEF4E7A427102B69029CD04E2C10B3F49D13940E001645EF2CA0BB96A9CEF2FF117ABEE44EE3D3F73952759B5CA7E172D8D5FCC0BB64F25B50B3CDEAC553E7428B1A07C7327CB97000290081EB9AFE2601F46B287F2AAD6CDCD3F4D471D169053A4C29D34394514544E8B7BC34E53E40ACDE972CFD969BA5CA105BFE408BDC1A8F4605D47A9B88AC2D32ABEF3D416330663DC969CC336636E5885B150A7DE15A9B50A992B0F3B556D26A97851C64F52F17DE829D7F026C077B3C496227934CC932445539A1F3A2245D35345AA26531CDA99EA4D79A87890BD02A91A0FA344ECD35031086CE1CF3EF8145395A9E84470506C7B5B62A18AEAD90341DA721814349EC035F4962E30A7573E6BA329959F6C0C1E79A3D63476E4B3051EF357670D14E65FCC299037313411F2710C933B915628F6AE2DB5A20A54DB6B85B4E5305AC1AB83AD1EF4851AC8EB136CA94FF7128572EC344AE8DA583B35CC597A531D94C7EC2A9A6F4CC31AB1AE1EFD90FA1CA78D23A2683D9427C2BC5491A0E1C0765F7510AA3FB7A13A3A6BE137489B0EE438345E6D883CFE49A68B8BCEB15548EF244AC744E31665644C9F34930B9515555C078BEAD9F7B230D9FA154B223CCE2A1CAFFF19AC023FF3ED48058C00FF11A6A878E0E39E9ECC4F996C9B8793F97296A65E20882CCAD25F36E76C845C937E2659ED5BA41E9EC5FAC2DC1C9791075F96EEBFF28667CEE5DFEEE9B647CE4D8227FCCC3971FEDD3D33A52907A461A7EE25192D7326FAC967D986541DDDB39349D5AE9B48A8D850D17DF40C92CD1348B8376B4ACAB6090E5B2855B7E77F8328159F46B09DF4869B1729CF3DC19649012864B248B550936F9BF16F7473C5270B3465A16E69C1409BDC733F861E89B3BBC9C0D453F23621F9CF7DCD9130FCF566274890604A2C3EFBC969E48F1212CD53A6744D0F2506D3BC53F6272FFFDD2D358DC4AC7701F96816D33ADBD28FA10C83D8281358B00BA97D42A2BEF5CBD128581BFFA4B367224C2664AE0A54E34EDEC3212BA43438F6669552922566E0DD8C3858F5668528CA60D2AF047B4903D24BC68FEAEDC514293EC6CBE621BD4BF623A5EFE8E115E0949850DEB7981E1707F0BCAF55BA8DDE503145328DF190F0063160912AA3071090876D13E4C118E5F9A6F48ACF41E2A055928BAEF92CA65C1EE4974DA65F1BDE6A6A8A3E52515840ABFFB41323262EF9C1534AF4B0424C81843157083B204CBE42582783E89CFD616C3F5171BD664A2FF1209239F0EFBED85993676AD0266A282EC62C5DEF218B7B16D18F16A91C14991CE43D6869D3C68BA34F178AFAB04F02A1CA0121EAC13241842A3F84887C8BE411BADC116239D9279750E696108AEA70324F081E992ADFAA8AD4897F9CD8EB13E661734A481E2F1FA610FACC14D17EE0069839BC2C106D86CB58C2C6BB97EE031E3AC183E81DFD81C07AE8CC0DB24C0DCAE15B88EDF07232B481F7B0031E28DD8230BFC2E046CB2299027F2D1BFBC07BDC3A2C4ECA16051E098905A619C14DC3FB25752EA3C7B872C4198EAA2ACC19DF1544C0C3AEF19704F98F608370F10662CDCDFE9782DF41B087D9959C07E85D46377BB4DB233C64183E048DFFFD2073E655FDE719239A3C2F6E76F9F3903E8680D9F4B3BB3737D1AF7B3FF008DF1782734809896C97501E9C667389B203D4ED2BA1741D4786844AF191CDCD1D0C77012696DE446BF00CDBF0F63D85BFC12DD8BC56B7EBE544F413D114FBE2DC07DB04846949A36E8FFFC418F6C2979FFF0F118D81F5F8830000, N'6.4.0')
GO
INSERT [dbo].[__MigrationHistory] ([MigrationId], [ContextKey], [Model], [ProductVersion]) VALUES (N'201912091624151_PropertyModification', N'University_Management.Migrations.Project_DbContext.Configuration', 0x1F8B0800000000000400ED5D5B6FE3BA117E2FD0FF20E8B1C8C671168B3D0DEC73B0C7D914414F92C53A7BD0B780B11847AD2EAE4407098AFEB23EF427F52F94BA5114EFD4D509827D7144723833FC381C0EC9D9FFFDE7BF8B5F9EC3C0798249EAC7D1D29D1F9FB80E8C36B1E747DBA5BB470F1F7E727FF9F98F7F587CF5C267E7F7AADEC7AC1E6E19A54BF711A1DDD96C966E1E6108D2E3D0DF24711A3FA0E34D1CCE8017CF4E4F4EFE3C9BCF67109370312DC7597CDF47C80F61FE07FE7315471BB8437B105CC51E0CD2F23B2E59E7549D6B10C274073670E9FE88FC9C5DF472770522B085218CD071D1CE75BE043EC03CAD61F0E03A208A620410E6F8EC470AD72889A3ED7A873F80E0F6650771BD0710A4B094E4ACAE6E2AD4C96926D4AC6E5891DAEC5314879604E71F4B2DCDD8E6AD74ED122D623D7EC5FA462F99D4B92E97EE2ADE2729FC92A6FE1693673B3C5B05495659ADEE639AC8915357FD50573D22A0C1D8CAFE1D39AB7D80F6095C46708F12101C39DFF6F781BFF92B7CB98DFF01A365B40F029A79CC3E2E6B7CC09FBE25F10E26E8E53B7C2845BAF45C67D66C37631B9266549B42D0CB087D3C759D6BDC39B80F20C106A594358A13F81718C10420E87D0308C124CA68C05CBB5CEF4C5FE7700712942945DFAB9AD22D041801495732AB047A3EBA8D7F85B7002BBE23B11C0B9D59CAA964BF2B3A78DA625BE43A57E0F937186DD1E3D2FD848DCF85FF0CBDEA43491A03105B2EDC06257BA8EFFA1A3CF9DB7C64854CB8CE7718E4C5E9A3BF2B6C4A89F83B1AF8D8EA5C2471F83D0E48D366F9DD2D48B61061816245A535FE6B63C1648D2621A375B19C59591D8E6169455BA64BE00A392ECBE4EC0A2B70BC8A6B89185DCC6AAB68602B3B5AC977FB6836F7575869C3CFFD09CD8E58EADC14F7613BCF21027EE60A49E5989F9C984932D672B686A19FA216EB99C682131BD29721AFAC88D2905706692843AE36E106C6DBDE6C57032464B02A14B1C79671CC71153A196A5A952D8D754DE2DD609B5B008DE59C1B1A1C4BBB51F7AF59343E8FE12FAAAC4D276F8CB53A5AB7CD8E6F438E756647CBA53D7F6BB4CF90A865B0AE27E4B02A56B148EAD8F258BA9B5A1EEB7A421EAB62158FA48E8847631B594ADADA4096EDDFADA3D6AB2914A5318D9F07B18C5F43EC032A7A3DFDF469185F36426083AE63D55A301F6429C04354759AFDBEF5437B225F3C2F81A9CA75FE34F442D69F0B6CEE569A9A4F8563C999D856A68944075A9AA6B2FDBB69D2E16D1A774D3FBD8C77A6963DC349CDE19DD21E0E1455E8219E700E33B732075CD71DFE10064EEF75B78C28B22E983AEED8BF3D36751515F6987327CDB924632E6193944BF8E4CB058C0A2A75DCF8536CB7DEF9131AEF2B88856D98F8B046B3016B01577E0BA6C074BB3D1889A7B5DD849504DE816A1A5B3E8823453148AD02A82C38A511561360E2B52CDEF8393F0D3E9915B329E3D7C8734C62E485AAEB583BD637C6A0BFC3A8C3AC60678FD39E8632594658CAD52D8626FD3F71F4316A6192C10604D8354BF13CF023C443DC8F36FE0E040642326D0D2748361EA417B6042FE230CAB06DA00993EEEB63799E09D217337F757A5ACC28E0A8F1240D7CCA465E1F05AD479F76A9CCB1A53FF51E155F3A8147C0984E23262C343DFCC3C09A05CA86C497025963616A5234BD621C91D098C160F3C70C3D22890FC2D5C449447F682CB1128E0B265605AF044DE220846CC83511897AD049ACD41C4E9AFB53A3AE7A4A3947C095521726FD535730273252829DADDC90A8B6B9B499A2C22836764A15F4D162B63743251772144B25578299A96A445BA75EF90C30A538BCEE71E59B12505209C75DF9DAC169F2958F8B6BC8465B1EE4A09C1C1232334791FCF6D9487EB84CB011E02393DDA46BFA3EE608C8296253F961991FC1A46402B3F577B841E7F759017C165D58F991C2325C9A96013A160919E13544E213A33A2626F47B38588988C9C96809D433544484B69B1A42F5F93D47856C0D3424EAD8384782D858AD3864FD12CB43B9163A814AFC09252276802142818B1D24F60090AAAABA0DCC22DF30F049A4A130C2CD22C35027478BC8C0C6DC9BE21BA8467E2591578F5914CF2E8E4789D698090A5569237763AACB4C51562AEA57390AB5F4AC90DA002935220EA6188753BAE9840BA050E46AFE3B6B4572E580D78B4158C022304009539B728562D4A18041A791E84056041BDDF6D67C83DB000EBD482991A3D8D21A68BBDB84526B46B34733DEA5759B502369853F1CE555A2DE68986D35687350BB1F0A554837179DAC6D75524BBC6152B698156FE1CB0F8B99E4D1FCE20AEC767EB4A51ED1975F9C75F1827EF5616DFFA03C2C68CC360DEDB2BE3BE909C509D842A6345388072FFC2445E700817B9079C92B2FE4AA71BEBFC45FACBA13B9F7FCC8559E64D52AFB5DB4347EE42ED83E95D42EB0BC59AB5C7428B1A07C73274B7100029008AE48ACE2601F46F2DDA0BC7573F34FD3518705E414A970274D4E110595D3E29E9DD314B9420BBAE4A8BB41507A00AEA3545C19E16915DF796A8B1983056EEBCC6190310B2CB02D60DF3BE05B437D2C90D3CF85F9412ABE0F3DE41ADECA4BB802EECA125B8AE4712F4F92144D6926E8C8114D4F15519A6CE2D04E4F6F93878ADBD84F2055E3A1570A1EFA6C591BAAFCF464CB0E060E8AED694B2C54D1377B20485B0E8382C653B5C6BCA50BCCE995CFCF684AE5271B8347DE92358D1DF96C81C7FC75580385F917730AE4ED0A4D847C1CC3E44E342B147BCC96B3A20A28DBCF0A69CB6166053F1D6CE7415FA881FC7C822DE7D39D64423976334AE8DA583B35CC9977733A288FC355345FD90C6BC4A47AF443EAF396368E88A2F5509E08F3A244828603DB7DD5C1A2FEDC86EA88AB85DF206D3A90E3D0785D21F2F827192E2E8AC65621BD93681A13355B94112C7D3E4A2EA45554711DACAA27DFCBC259EB17AC89F038AB70BCFE67B00AFCCCB723153002FC0798A2E2218E7B7A323F6512591E4E52C9599A7A81200228CB2CD91CB3115E14F99966B56F867A78BEEA0B73685C461E7C5EBAFFCA1B9E39977FBBA3DB1E3937091EF033E7C4F977F7A48FA61C90869DBA97248BCC99E8982AD25490AA5D3739A8804ED17DF40492CD2348B807614ACAB6D903DFC64CE073F4B5D3DE70E322E5B9F122BE3D6C99FC7A42268B3C0635F9B6E9F446B7317C263E5316EA96160CB449ECF636E69138759A0C4C3D65461392FFDCD718096356AF768004D99BC4EAB31F9C46722621D13C1F49D7DC4B6230CD3BA556F2F2DFDDF2BE48CC7A17908F6631AD5319BD8DC930888D328105BB90DA67FBE97B7E399A09D6C63FE9EC990833F5984F05AA7127EFE19027A434A2F56A27A52405CBC0BB197184E9D52A51941EA45F0DF69263A397741AD5C38629F2678C972A437A51EB2DE5C6E8E189DD9498505E92981E1707F076AE552E8BDE503145A68AF190F00A31609187A2071090576313249918E56DA4F45ECE41E2A0550689AEC922A65C1EE43744A65F1B5E6BDE873EF23C5840ABFF9C0E23660579E3F91A7A5821A640C2982B841D10265F21AC332D744EAD30B69FA8B81333A59778109912F84755ECA8C9D32068B32014B75996AE779FC53D8BE8478B3C098A3409F21EB4B469E3C5D1A70B457DD8675850255810F560997D41957C4144BE4566065D6206B19EEC333728133708557538691D042F38950F4145D3897FF9D7EBFBE0611336485E061FA612FA4CC3D05E7003CC1C5E8A8536E23296B0F158A5BBC043674F103D523F10580F9D164196064129BE85DA0E2FE1411B780F2BF040B90C84C90B06375A16990AF8BBD4D807DEE3D6617152B628F048482C30CD086E1ADE2FA973193DC49523CE70545561CEF8AE20021E768DBF24C87F001B848B3710CFDCECBF00F81D047B985DC9B987DE6574B347BB3DC222C3F03E68FCD7029933AFEA3F4FC7D0E47971B3CBDF74F4210266D3CFEEDEDC44BFEEFDC0237C5F08CE212524B25D4279709A8D25CA0E50B72F84D2751C19122AD5473637B730DC0598587A13ADC1136CC3DB8F14FE06B760F3525D899713D10F4453ED8B731F6C1310A6258DBA3DFE1363D80B9F7FFE3F576F945008830000, N'6.4.0')
GO
INSERT [dbo].[__MigrationHistory] ([MigrationId], [ContextKey], [Model], [ProductVersion]) VALUES (N'201912091956304_DepartmentTableColumnTypeUpdate', N'University_Management.Migrations.Project_DbContext.Configuration', 0x1F8B0800000000000400ED5DDB6E1C37127D5F60FFA1D14FBB0B59A391613811661238236B2124920C8F1CEC9B404D53A3DEEDCB6C37479010E4CBF6613F29BF10F68DCDE69D7D1D19865F464DB2582C9E2A168B64F98FFFFD7FF1E37318384F3049FD385ABAF3E313D781D126F6FC68BB74F7E8E1CD77EE8F3FFCF52F8B8F5EF8ECFC5AD57B9BD5C32DA374E93E22B43B9BCDD2CD230C417A1CFA9B244EE30774BC89C319F0E2D9E9C9C9F7B3F97C06310917D3729CC5E77D84FC10E67FE03F5771B4813BB407C155ECC1202DBFE392754ED5B906214C77600397EE97C8CFD9452F775720025B18C2081D17ED5CE743E003CCD31A060FAE03A2284600618ECFBEA4708D9238DAAE77F803086E5F7610D77B00410ACB919CD5D54D0775729A0D6A5637AC486DF6298A434B82F3B7A594666CF356B2768914B11C3F6279A3976CD4B92C97EE2ADE2729FC90A6FE1693673B3C5B054956592DEE639AC89153577D53573D22A0C1D8CAFE1D39AB7D80F6095C46708F12101C399FF6F781BFF919BEDCC6FF81D132DA0701CD3C661F97353EE04F9F92780713F4F2193E9443BAF45C67D66C37631B9266549B62A097117A7BEA3AD7B873701F40820D4A286B1427F09F30820940D0FB0410824994D180B974B9DE99BECEE10E2428138ABE5735A55B08300292AE645609F47C741BFF046F01167C476239163AB39453C97E5774B0DA625BE43A57E0F917186DD1E3D27D878DCF85FF0CBDEA43491A03105B2EDC06257BA8EFFA1A3CF9DB7C66854CB8CE6718E4C5E9A3BF2B6C4A89F83B1AF8D8EA5C2471F8390E48D366F9DD2D48B610E101C58A4A6BFCD7C682C91A4D4246EB6239B3B23A1CC3D28AB64C97C015725C96C9D91556E07815D71231BA98D556D1C05676B492DFECA399EEAFB0D086D7FD09CD8E78D4B929EEC3769E4304FCCC15928E637E72623692B196B3350CFD14B558CF34169CD890BE0C7965459486BC3248431972B5093730DEF666BB9A20218355A1883DB68C638EABD0C950D3A26C69AC6B12D31BECA686D99A6E1BFD1CC2C9D55853FC7308735AF7AF5948DE8FE143AA2C50270F8DB5445A57CE8E6F438E75A648CBA53D7F6BB4CF90A865B0AE27E4B02A56B148EAD8F258BAA05A1EEB7A421EAB62158FA48E884763BB598EB4B5D12CDB4F6F310FDDC52D05A5318DEF0771343F86D82F54F47AFAEEDD30FE6D84C0065DC72A8F743EC85280A7A8EA34FB7DEB87F6443E785E0253953BFDCED09B6EBD90F5E7169BBB9AA6E653E16C7226B6956922118396A6A96CFFCD34E9F0A6B149F36150AE572FE3DDAA65CF70527378A7B48703451A7A88319CC3CCADCC01D775D73F8481D37BDD2DA38CAC0BA68E45F66F8F4D5D45853DE6DC49732EC99C4BD824E5123EF97201A3824A1D830114DBADA30184C6B715C4C2364C7C80A3D980B5802BBF055360BADD1E8CC4D8DA6EC24A02DF806A1A6F3E8863463148AD82AA2C38A551571360E2B52CDEF8393F0D3E9915B339C68F91E798C4CD0B51D7F1772C6F8C417F87518759C1CE1E273D0D65B28CB094AB9B0D4DFAFFE0E863D4C224830D08B06B96623DF023C443DC8F36FE0E04068364DA1A2A48361FA417B6042FE230CAB06D200993EEEBA37A9E09D217A3BF3A392D661470D47892063E6533AF8F82D6B34FBB54E6D8D29F848F8A2FDD804D265975786085369D6CFA60660AD459E06D48A429303616BA0E0457AF1851245C6630EDFCD1438F98E20373357112E51F1A55EC08A782152B8C57822B71884236F99A78453DFD24926A0E2CCD8DAB51D744E5384770BA94B230E99FBAB43991B912EC7BE52645B509A60D161564B1B158AA909016B3BD992CF9204740944A0866A6AA118B9D7A0D34C094E268BBC735704A40494738D51AD80E5893AF815CFC4336EFF26008E5F890D09A399EE437D746F2D265031BC130C9C66ED2357D977304E41431ACFC50CD8F60523281D9FA37DCA0F3FBAC003E8B2EB67C496119564DCB401E8B848CF01A22F1C9521D3B137A401CAC44C4E464B4046A0D1511A12DA886507DCECF5121DB050D893A86CE9120D6563B1CB29289C7433919BA0195F8138E88D8018608052E7692D88342AAAAEA26318B7CC30029190D85114E8B0C43A21C2D32063636DF1CBE8168E4571779F19845FBECE27DD4D01A9AA0109536C237A6B8CC046525A27E85A3104BCF02A90D905222E2008B7188A59B4CB8A00A45AEE6BFB35424571378B91804082C4204D4606A53AE108C3A2830A81A890E6E45B0D16D74CDB7BA0DE0D08B9412398ACDAD81B4BB29945A329ADD9AF17EAD9B428D2415FE109517897AA361B6D5A0CD41ED7E284421DD5C74B2B6D5892EF18649D96256BCA32F3F2C669207F78B2BB0DBF9D1967A805F7E71D6C5EBFBD59BB5FD63F4B0A031DB34A4CBFAEEA4271427600B99D24C201EBCF093149D0304EE41E625AFBC90ABC6F9FE127FB1EA4EE4DEF33357799255ABEC77D1D2F881BC60FB5452BBC0E3CD5AE54387120BCA3777B2F408200089E02AC52A0EF66124DF0DCA5B3737FF341D7558404E910A7CD2E414F150392DEEC93A4D912BB4A04B8EC41B04A507E53A4AC5D5129E56F19DA7B6983158E0B6CE1C0619B3C002DB02F6BD03BE35D4C70239FDD4989FA4E2FBD053AEE1ADBCAC2BE0AE2CB1A5481E06F32449D19466828E1CD1F45411A5C91487767A7A531E2A6E63AF40AAC6E34D22FBFC534CD35625D8479D62AA32B59D08228A2D6B4B7C5411397B70485B0E635E1BCFDC1ABA4C1798D32B9FAED194CA4F364690BC436B1A40F2D9028FF9CBB2060AF32FE614C8BB179A08F93886199E482B14FBCE965A510599EDB542DA7218ADE0D5C1560FFA420DE4F509B6D4A73B894239761A257477AC1D1DE644BCA90ECAC37215CD57A6618D38558FBE497D06D3C63951B41E6A1FCBBC4691A0E1C076647500A93FB7A13AF66AE137489B0EE438345E66887601934C17175963AB90DE49848D89A42DCAA8963EBF2517E62AAAB80E16D593EF6521AEF50B9644789C55385EFF3758057EE6DB910A1801FE034C51F188C73D3D999F3289310F2749E52C4DBD4010159465AA6CCED908AF91FC4CB2DAF7463D3C7DF585F9372E230F3E2FDDDFF28667CEE5BFEEE8B647CE4D8227FCCC39717EEF9E44D29403D2B053F792E49339131D534F9A0EA46AD76D1C5490A7E83E7A02C9E61124DC63322565DB6C845F8726F039FFDA496FB87991F2DC784DDF1EB64CBE3E2193450E849A7CDBF47CA3DB183EB39F290B754B0B06DA248A6BA147FDE7651B78951169C1DF42F0FCF79ED2AB0941FBBEAFC91206AF5EADC513A480128BCFDE3035323C0989E6494DBA2670129BA879A7FC4C5EFEBB5BF218897DB797E304A6D33A1FD2D7A10C5A2D98B7983E1358B02BAA7DCAA0BEF5CBD128581B47A5B38B224CF763AE0A54E34E6EC4212BA434B4F56A955292C765E06D8D38D4F46A8528CA31D2AF047B49D4D14B4E8EEAD5C3144938C6CBB721BDC5F53525D8E8E125DE949850DEA018F0C19D35420EE0895DAB8418BDE1638A74175360E215A2C12299450F7020CFCC26C854312E20E4D7770E1211ADD25074CD3831E5E221BF4832BD47F15A9347F4912CC2025AFD27861831B5C8579EF4A187B5620A244CB356D84162F2B5C23A5D43E7FC0C637B918A4B3403AD0EAF27DD02FF328B9D35792E056D2A85E2FACBD2F5EEB3F868112569916C41916B41DE8396366DC638FA74A1A80FFB340DAA2C0DA21E2C5338A8323888C8B748EFA0CBEE2096937DFA0765F607A1A80E273784E019A8F235A9489DF8E783BD3E321E36EB83E479F1610AA1CF5C0EED076E8099C3CBD3D066B88C256CBC6EE93EE0A15330885EBA1F08AC87CEAD20CBA5A01CBE85D80E2F6B421B780F3BE08112220833200C6EB42CD21DF097AFB10FBCC7ADC3E2446D51E0919058609A11DC34BC5F52E7327A882B479CE1A8AAC29C055E41043CEC1A7F4890FF003608176F20D6DCECFF1BF815047B985DDDB987DE6574B347BB3DC24386E17DD0F87F0C32675ED57F9ED3A1C9F3E266973F02E96308984D3FBBA37313FDB4F7038FF07D2138AF9490C87609E5016B3697283B68DDBE104AD7716448A8141FD9DCDCC270176062E94DB4064FB00D6F5F52F80BDC82CD4B75875E4E443F114DB12FCE7DB04D40989634EAF6F84F8C612F7CFEE14FFDCA6AD589830000, N'6.4.0')
GO
INSERT [dbo].[__MigrationHistory] ([MigrationId], [ContextKey], [Model], [ProductVersion]) VALUES (N'201912100227464_CourseDetailsTypeUpdate', N'University_Management.Migrations.Project_DbContext.Configuration', 0x1F8B0800000000000400ED5DDB6E1C37127D5F60FFA1D14FBB0B59A391613811661238236B2124920C8F1CEC9B404D53A3DEEDCB6C37479010E4CBF6613F29BF10F68DCDE69D7D1D19865F464DB2582C9E2A168B64F98FFFFD7FF1E37318384F3049FD385ABAF3E313D781D126F6FC68BB74F7E8E1CD77EE8F3FFCF52F8B8F5EF8ECFC5AD57B9BD5C32DA374E93E22B43B9BCDD2CD230C417A1CFA9B244EE30774BC89C319F0E2D9E9C9C9F7B3F97C06310917D3729CC5E77D84FC10E67FE03F5771B4813BB407C155ECC1202DBFE392754ED5B906214C77600397EE97C8CFD9452F775720025B18C2081D17ED5CE743E003CCD31A060FAE03A2284600618ECFBEA4708D9238DAAE77F803086E5F7610D77B00410ACB919CD5D54D0775729A0D6A5637AC486DF6298A434B82F3B7A594666CF356B2768914B11C3F6279A3976CD4B92C97EE2ADE2729FC90A6FE1693673B3C5B054956592DEE639AC89153577D53573D22A0C1D8CAFE1D39AB7D80F6095C46708F12101C399FF6F781BFF919BEDCC6FF81D132DA0701CD3C661F97353EE04F9F92780713F4F2193E9443BAF45C67D66C37631B9266549B62A097117A7BEA3AD7B873701F40820D4A286B1427F09F30820940D0FB0410824994D180B974B9DE99BECEE10E2428138ABE5735A55B08300292AE645609F47C741BFF046F01167C476239163AB39453C97E5774B0DA625BE43A57E0F917186DD1E3D27D878DCF85FF0CBDEA43491A03105B2EDC06257BA8EFFA1A3CF9DB7C66854CB8CE6718E4C5E9A3BF2B6C4A89F83B1AF8D8EA5C2471F8390E48D366F9DD2D48B610E101C58A4A6BFCD7C682C91A4D4246EB6239B3B23A1CC3D28AB64C97C015725C96C9D91556E07815D71231BA98D556D1C05676B492DFECA399EEAFB0D086D7FD09CD8E78D4B929EEC3769E4304FCCC15928E637E72623692B196B3350CFD14B558CF34169CD890BE0C7965459486BC3248431972B5093730DEF666BB9A20218355A1883DB68C638EABD0C950D3A26C69AC6B12D31BECA686D99A6E1BFD1CC2C9D55853FC7308735AF7AF5948DE8FE143AA2C50270F8DB5445A57CE8E6F438E75A648CBA53D7F6BB4CF90A865B0AE27E4B02A56B148EAD8F258BAA05A1EEB7A421EAB62158FA48E884763BB598EB4B5D12CDB4F6F310FDDC52D05A5318DEF0771343F86D82F54F47AFAEEDD30FE6D84C0065DC72A8F743EC85280A7A8EA34FB7DEB87F6443E785E0253953BFDCED09B6EBD90F5E7169BBB9AA6E653E16C7226B6956922118396A6A96CFFCD34E9F0A6B149F36150AE572FE3DDAA65CF70527378A7B48703451A7A88319CC3CCADCC01D775D73F8481D37BDD2DA38CAC0BA68E45F66F8F4D5D45853DE6DC49732EC99C4BD824E5123EF97201A3824A1D830114DBADA30184C6B715C4C2364C7C80A3D980B5802BBF055360BADD1E8CC4D8DA6EC24A02D303958EE7DA02D63C16DCE3AEACECF3208E1DC5A0B50AB2B2609546614D808AD7B678E3E7FC34F86456D0E6183F469E6312472F445DC7E3B1BC3126FD1D462166053B7F9CF43494C9B2C252AE6E3A34E9FF83A38F510C930C3620C0AE5A8AF5C28F100F793FDAF83B10180C92696B68D9B3F920BDB02578518751866D034998745F1FDDF34C90BE183DD6C96931A380A3C69334102A9B797D54B49E7DDAC532C796FE647C547CE9066C32C9AAC3042BB4E964D3073353A0CE026F43224D81B1B1D07520B87AC58822E1338369E78F227AC4141FA8AB8993A8FFD0A862473815AC5861BC125C894316B2C9D7C42FEAE92791557360696E608DBA262AC73982D3A5948549FFD425CE89CC95601F2C3729AA4D316DB0A8A08B8DC5528588B498EDCD64C9073902A254423033558DD8ECD46BA001A61447DD3DAE8153024A3AC2A9D6C076C09A7C0DE4E21FB27997074328C78784DACCF124BFC93692972E1B98C904CA0372563092C9A03B0BBD23A88865E5876D7E04939209CCD6BFE1069DDF6705F05974E1E54B0ACB706B5A06F458446484D710894F9CEA189AD013E2E025222627A325506BAA88086D493584EAF37F8E0AD9366848D4B1758E04B1BADAE190154D3C1ECAD9D00DA8C49F7044C41E30442870B193C41E20525555378C59E41B064AC968288C705A64181AE5689131B0B1FAE6F00D4423BFD2C88BC72CEA6717F7A386D6D00485A8B491BE31C56526282B11F52B1C85587A16486D80941211075A8C432DDD64C20557287235FF9DA522B9B2C0CBC5205060112AA006539B728560D4C18141D54874A02B828D6EC36BBEE56D00875EA494C8516C720DA4DD4DA1D492D1ECDA8CF76DDD146A24A9F087A9BC48D41B0EB32D076D0E6AF743210AE926A393B5AD4E7689374CCA16B3E27D7DF96131933CC45F5C81DDCE8FB6D4C3FCF28BB32E5EE5AFDEACED1FA987058DD9A6215DD677273DA138015BC8946602F1E0859FA4E81C20700F322F79E5855C35CEF797F88B557722F79E9FB9CA93AC5A65BF8B96C60FE705DBA792DA051E6FD62A1F3A945850BEB993A54D0001480477815671B00F2379B84ADEBA1904A0E9A8C303728A54009426A7888BCA69714FD9698A5CA1055D7234DE20283D30D7512AAE98F0B48AEF3CB5C58CC102B775E630C8980516D816B0EF1DF0ADA13E16C8E927C8FC2415DF879E720D6FE5255E017765892D45F2609827498AA6341374E488A6A78A284DA638B4D3D39BF250711B7B0552351E6F12D967A1629AB62AC13EF6145395A9ED4410516C595BE2A38AC8D98343DA7218F3DA78FED6D065BAC09C5EF9A48DA6547EB23182E47D5AD30092CF1678CC5F9C3550987F31A740DEC3D044C8C731CCF0445AA1D877B6D48A2AC86CAF15D296C36805AF0EB67AD0176A20AF4FB0A53EDD4914CAB1D328A1BB63EDE83027E34D75501E9AAB68BE320D6BC4A97AF44DEA339836CE89A2F550FB58E6958A040D07B623AB0348FDB90DD5B1570BBF41DAB45F2F5E474DE049344A469E3E2ED2C65621BD93881B13595B94512E7D1E4C2EEC5554711D2CAA27DFCB425EEB172C89F038AB70BCFE6FB00AFCCCD723153022FC0798A2E2B18F7B7A323F6512681E4E32CB599A7A81204A28CB68D99CB3119ED7F99964B5EF907A7822EB0BF3745C461E7C5EBABFE50DCF9CCB7FDDD16D8F9C9B044FF89973E2FCDE3DD9A42907A461A7EE25492A73263AA6A8341D48D5AEDB38A8A04FD17DF40492CD2348B847664ACAB6590BBF0E4DE07303B693DE70F322E5B9F1EABE3D6C99BC7E42268B5C0935F9B669FC46B731FCAB4F5316EA96160CB44928D7428FFACFDF36F02A23D282BF85E0F9EF3DA5611382F67D5F93250C66BD5A8B27481525169FBD616A64821212CD939F744DF4243651F34E799CBCFC77B7243312FB6E2FC7094CA775DEA4AF4319B45A306F317D26B0605754FBD4427DEB97A351B0368E4A6717459816C85C15A8C69DDC8843564869A8EBD52AA524DFCBC0DB1A71E8698AC424C32CFB825C24FD4AB497841EBDE4EEA85E454C91AC63BCBC1CD25B5E5F53228E1E5EEC4D8909E50D8B011FE65923E4009EE2B54A9CD11B3EA6488B3105265E211A2C925EF40007F20C6D828C16E302427EBDE72011D12A5D45D7CC14532E1EF28B26D37B14AF35C9441F49252CA0D57F02891153907CE5C9217A582BA640C2346B851D24265F2BACD33A74CEE330B617A9B86433589E060B0FF220D232F02FB8D8D993E75CD0A65C28AEC52C5DEF3E8B9B16D192164919143919E43D6869D3E68CA34F178AFAB04FE7A0CAE620EAC132D5832AD383887C8B3410BA2C106239D9A789506689108AEA707248089E8B2A5F9D8AD4897F66D8EB63E461B343489E211FA610FACCF9D07EE0069839BC7C0E6D86CB58C2C62B98EE031E3A5583E845FC81C07AE81C0CB29C0BCAE15B88EDF0B22BB481F7B0031E2871823053C2E046CB222D027F291BFBC07BDC3A2C4ED616051E098905A619C14DC3FB25752EA387B872C4198EAA2ACC99E01544C0C3AEF18704F90F608370F10662CDCDFE7F825F41B087D9959E7BE85D46377BB4DB233C6418DE078DFFF72073E655FDE7B91F9A3C2F6E76F963913E8680D9F4B3BB3B37D14F7B3FF008DF1782734B09896C97501EB4667389B203D7ED0BA1741D4786844AF191CDCD2D0C77012696DE446BF004DBF0F62585BFC02DD8BC5477EBE544F413D114FBE2DC07DB04846949A36E8FFFC418F6C2E71FFE04E4F05A92C9830000, N'6.4.0')
GO
INSERT [dbo].[__MigrationHistory] ([MigrationId], [ContextKey], [Model], [ProductVersion]) VALUES (N'201912100400335_CourseCreditColumnTypeUpdate', N'University_Management.Migrations.Project_DbContext.Configuration', 0x1F8B0800000000000400ED5DDB6E1C37127D5F60FFA1D14FBB0B59A391613811661238236B2124920C8F1CEC9B404D53A3DEEDCB6C37479010E4CBF6613F29BF10F68DCDE69D7D1D19865F464DB2582C9E2A168B64F98FFFFD7FF1E37318384F3049FD385ABAF3E313D781D126F6FC68BB74F7E8E1CD77EE8F3FFCF52F8B8F5EF8ECFC5AD57B9BD5C32DA374E93E22B43B9BCDD2CD230C417A1CFA9B244EE30774BC89C319F0E2D9E9C9C9F7B3F97C06310917D3729CC5E77D84FC10E67FE03F5771B4813BB407C155ECC1202DBFE392754ED5B906214C77600397EE97C8CFD9452F775720025B18C2081D17ED5CE743E003CCD31A060FAE03A2284600618ECFBEA4708D9238DAAE77F803086E5F7610D77B00410ACB919CD5D54D0775729A0D6A5637AC486DF6298A434B82F3B7A594666CF356B2768914B11C3F6279A3976CD4B92C97EE2ADE2729FC90A6FE1693673B3C5B054956592DEE639AC89153577D53573D22A0C1D8CAFE1D39AB7D80F6095C46708F12101C399FF6F781BFF919BEDCC6FF81D132DA0701CD3C661F97353EE04F9F92780713F4F2193E9443BAF45C67D66C37631B9266549B62A097117A7BEA3AD7B873701F40820D4A286B1427F09F30820940D0FB0410824994D180B974B9DE99BECEE10E2428138ABE5735A55B08300292AE645609F47C741BFF046F01167C476239163AB39453C97E5774B0DA625BE43A57E0F917186DD1E3D27D878DCF85FF0CBDEA43491A03105B2EDC06257BA8EFFA1A3CF9DB7C66854CB8CE6718E4C5E9A3BF2B6C4A89F83B1AF8D8EA5C2471F8390E48D366F9DD2D48B610E101C58A4A6BFCD7C682C91A4D4246EB6239B3B23A1CC3D28AB64C97C015725C96C9D91556E07815D71231BA98D556D1C05676B492DFECA399EEAFB0D086D7FD09CD8E78D4B929AE3A3F8FF18CB725750E11F0335F483A90F9C989D950C65ACFD630F453D46241D398706244FAB2E49519515AF2CA220D65C9D536DCC07ADBDBED6A82840C568522F6D8328E39AE42274B4D8BB2A5B5AE494C6FB19B1A666BBB6DF473082F57634EF1CF21EC69DDBF6625793F8613A9B2409D5C34D612697D393BBE0D39D699222D97F6FCADD13E43A296C1BA9E90C3AA58C522A963CB63E9836A79ACEB0979AC8A553C923A221E8DED6639D2D646B36C3FBDC53C741FB71494C634BE1FC4D3FC1862BF50D1EBE9BB77C338B811021B741DAB3CD2F9204B019E22E252E3DFB77E684FE483E7253055B9D3EF0CBDE9D60B597F6EB1B9AB696A3E15CE2667625B9926123268699ACAF6DF4C930E6F1A9B341F06E57AF532DEAD5AF60C273587774A7B3850A8A1116468B7553F87995B9903AEEBAE7F0803A7F7BA5B861959174C1D8CECDF1E9BBA8A0A7BCCB993E65C923997B049CA257CF2E5024605953A060328B65B4703088D6F2B88856D98F80447B3016B01577E0BA6C074BB3D1889B1B5DD849504A6072A1DCFB505AC792CB8C75D59D9E7419C3B8A416B156465C12A8DC29A0015AF6DF1C6CFF969F0C9ACA0CD317E8C3CC7248E5E88BA8EC76379634CFA3B8C42CC0A76FE38E96928936585A55C5D7568D2FF07471FA31826196C40805DB514EB851F211EF27EB4F17720301824D3D6D0B267F3417A614BF0A20EA30CDB069230E9BE3EBBE799207D317AAC93D3624601478D2769205436F3FAA8683DFBB48B658E2DFDD1F8A8F8D20DD864925587095668D3C9A60F66A6409D05DE86449A026363A1EB4070F58A1145C26706D3CE1F45F488293E5057132751FFA151C58E702A58B1C27825B812872C6493AF895FD4D34F22ABE6C0D25CC11A754D548E7304A74B290B93FEA95B9C13992BC13E586E52549B62DA605141171B8BA50A116931DB9BC9920F720444A9846066AA1AB1D9A9D740034C298EBA7B5C03A70494748453AD81ED8035F91AC8C53F64F32E0F86508E0F09B599E3497E936D242F5D363093099407E4AC6024934177167A475011CBCA0FDBFC0826251398AD7FC30D3ABFCF0AE0B3E8C2CB971496E1D6B40CE8B188C808AF21129F38D53134A127C4C14B444C4E464BA0D6541111DA926A08D5E7FF1C15B26DD090A863EB1C096275B5C3212B9A783C94B3A11B50893FE188883D608850E06227893D40A4AAAA6E18B3C8370C9492D15018E1B4C83034CAD122636063F5CDE11B88467EA591178F59D4CF2EEE470DADA1090A5169237D638ACB4C505622EA57380AB1F42C90DA002925220EB418875ABAC9840BAE50E46AFE3B4B45726581978B41A0C02254400DA636E50AC1A8830383AA91E84057041BDD86D77CCBDB000EBD482991A3D8E41A48BB9B42A925A3D9B519EFDBBA29D44852E10F537991A8371C665B0EDA1CD4EE874214D24D46276B5B9DEC126F98942D66C503FBF2C362267989BFB802BB9D1F6DA997F9E517675D3CCB5FBD59DBBF520F0B1AB34D43BAACEF4E7A427102B69029CD04E2C10B3F49D13940E01E645EF2CA0BB96A9CEF2FF117ABEE44EE3D3F73952759B5CA7E172D8D5FCE0BB64F25B50B3CDEAC553E7428B1A07C7327CB9B00029008EE02ADE2601F46F27095BC75330840D3518707E414A900284D4E111795D3E2DEB2D314B9420BBAE468BC41507A60AEA3545C31E16915DF796A8B1983056EEBCC6190310B2CB02D60DF3BE05B437D2C90D36F90F9492ABE0F3DE51ADECA4BBC02EECA125B8AE4C1304F92144D6926E8C8114D4F15519A4C7168A7A737E5A1E236F60AA46A3CDE24B2CF42C5346D55827DEC29A62A53DB8920A2D8B2B6C4471591B30787B4E530E6B5F1FCADA1CB748139BDF2491B4DA9FC646304C9FBB4A601249F2DF098BF386BA030FF624E81BC87A189908F6398E189B442B1EF6CA9155590D95E2BA42D87D10A5E1D6CF5A02FD4405E9F604B7DBA93289463A7514277C7DAD1614EC69BEAA03C3457D17C651AD68853F5E89BD467306D9C1345EBA1F6B1CC2B15091A0E6C47560790FA731BAA63AF167E83B469BF5EBC8E9AC09368948C3C7D5CA48DAD427A27113726B2B628A35CFA44985CD8ABA8E23A58544FBE9785BCD62F5812E17156E178FDDF6015F899AF472A6044F80F3045C5631FF7F4647ECA64D03C9C6C96B334F50241945096D2B23967233CAFF333C96ADF21F5F044D617E6E9B88C3CF8BC747FCB1B9E3997FFBAA3DB1E3937099EF033E7C4F9BD7BB649530E48C34EDD4BB254E64C74CC51693A90AA5DB77150419FA2FBE809249B4790708FCC94946DD3167E1D9AC027076C27BDE1E645CA73E3D5FD431083B6C06532FB09D92CB225D4E4DB26F21BDDCAF0EF3E4D59A85B5A30D026A55C0B4DEA3F83DBC0EB8C480FFE1682E7BFF794884D08DAF77D4D96309CF56A6D9E205994587CF6A6A9910B4A48344F7FD235D593D844CD3B6572F2F2DFDDD2CC482CBCBD1C27309DD69993BE0E65D06AC1BCC5F499C0825D51ED930BF5AD5F8E46C1DAB82A0D27A58D6F2D4C0C64AE0A54E34E6EC4212BA434D8F56A955292F165E08D8D38F834456A9261967D4136927E25DA4B4A8F5EB27754EF22A648D7315E660EE93DAFAF2915470F6FF6A6C484F28EC5804FF3AC1172008FF15AA5CEE80D1F5324C6980213AF100D16692F7A8003798836414E8B710121BFE07390886895B0A26B6E8A29170FF95593E93D8AD79A66A28FB41216D0EA3F85C4884948BEF2F4103DAC155320619AB5C20E1293AF15D6891D3A677218DB8B545CB3192C5383850779108919F8375CECECC9B32E68932E14176396AE779FC54D8B68498BB40C8AAC0CF21EB4B46973C6D1A70B457DD8277450E57310F56099EC4195EB4144BE4522085D1E08B19CEC134528F344084575385924040F4695EF4E45EAC43F34ECF539F2B0F921240F910F53087D667D683F7003CC1C5E468736C3652C61E31D4CF7010F9DAC41F426FE40603D74160659D605E5F02DC47678F915DAC07BD8010F943A41982B6170A365911881BF968D7DE03D6E1D16276B8B028F84C402D38CE0A6E1FD923A97D1435C39E20C475515E64CF00A22E061D7F84382FC07B041B87803B1E666FF43C1AF20D8C3EC4ACF3DF42EA39B3DDAED111E320CEF83C6FF7C9039F3AAFEF3EC0F4D9E1737BBFCB9481F43C06CFAD9DD9D9BE8A7BD1F7884EF0BC1B9A58444B64B280F5AB3B944D981EBF68550BA8E234342A5F8C8E6E61686BB00134B6FA23578826D78FB92C25FE0166C5EAADBF57222FA89688A7D71EE836D02C2B4A451B7C77F620C7BE1F30F7F023214B790CC830000, N'6.4.0')
GO
INSERT [dbo].[__MigrationHistory] ([MigrationId], [ContextKey], [Model], [ProductVersion]) VALUES (N'201912100702191_CoruseCreditColumnAdded', N'University_Management.Migrations.Project_DbContext.Configuration', 0x1F8B0800000000000400ED5DDB6E1CB9117D0F907F68F45312C81A8D0CC38930B30BAF6407C2AE24C3232FF22650DDD4A893BE4CBA398284205F96877CD2FEC2B26F6C36EFECEBC830FC326A92C562F154B15824CBBFFDEFFFAB1F9FA3D07982691624F1DA5D1E9FB80E8CBDC40FE2EDDADDA387377F757FFCE18F7F587DF4A367E7D7BADEDBBC1E6E19676BF711A1DDD96291798F3002D97114786992250FE8D84BA205F093C5E9C9C9DF16CBE50262122EA6E538AB2FFB1805112CFEC07F9E27B10777680FC2ABC48761567DC7259B82AA730D2298ED8007D7EED73828D8452F775720065B18C1181D97ED5CE7431800CCD306860FAE03E2384100618ECFBE667083D224DE6E76F803086F5F7610D77B006106AB919C35D54D0775729A0F6AD134AC4979FB0C259125C1E5DB4A4A0BB6792759BB448A588E1FB1BCD14B3EEA42966BF73CD9A719FC9065C11693673B3C3B0FD3BCB25ADCC7349123A7A9FAA6A97A444083B195FF3B72CEF721DAA7701DC33D4A4178E47CDEDF8781F7337CB94DFE05E375BC0F439A79CC3E2E6B7DC09F3EA7C90EA6E8E50B7CA88674E9BBCEA2DD6EC13624CDA836E5402F63F4F6D475AE71E7E03E84041B9450362849E1DF610C5380A0FF192004D338A7010BE972BD337D5DC01D48512E147DAF6A4AB7106004A47DC99CA7D00FD06DF213BC0558F03D891558E8CD5241A5646C084AF9EF9A0E3600D8AAB9CE1578FE05C65BF4B876DF6133F62978867EFDA1228DA18C6D206E83D23DD4777D0D9E826D81112113AEF305864571F618EC4AEB54E9CE1DAD42D87E7D4A93E84B1292A6EDF2BB5B906E612E9844516983FFF22C986C702964B42996332BABC3312CAD68CB74A502428EAB3239BBC20A1CAFE25A2246578BC6BE1A58DD9EF6F6BBA535B4225868E3EBFE8C66C7C0765E2478C6BB92BA800804B957251DC8F2E4C46C2853AD8C1B180519EAB0346A4C3831224359F2DA8C282D796D91C6B2E46A1B6E60BDEDED763D414206EB42117B6C19C71C57A197A5A645D9D15A3724E6B7D86D0DB3B5DD36FA3986BFAC31A7F8E718F6B4E95FB392BC9FC2895459A05E2E1A6B89B4BE9C1DDF861CEB4C91964B7BFE36689F2351CB60534FC8615DAC6291D4B1E5B1F241B53C36F5843CD6C52A1E491D118FC676B31A6967A359B59FDF621EBA8F5B094A631ADF8FE2697E8CB05FA8E8F5F4DDBB711CDC18010F5D272A8F7439CA5280A788B8D4F8F76D10D913F9E0FB29CC54EEF43B436FBAF342369C5B6CEE6A9A9A4F85B3C999D84EA689840C3A9AA6AAFD77D3A4C39BC6262DC741B95EBD8C77AB963DC359CDE19DD21E8E146A1820407B0173B7B2005CDF5DFF18064EEF75770C33B22E983A1839BC3D36751515F6987327CDB924732E6193944BF8E4CB058C0A2AF50C06506C778E06101ADF57100BDB30F3098E6603D601AEFC164C81E96E7B301263EBBA09AB08CC0F543A9E6B0B58F358F080BBB2AACF8338771483D62AC8CA82551A8535012A5EDB122F28F869F1C9ACA0ED317E8C7DC7248E5E8ABA89C76379634C063B8C42CC0A76FE38E96928936585A55C5F9A68D3FF0B471FA318A6396C40885DB50CEB4510231EF241EC053B101A0C92696B68D9F3F920BDB025785187718E6D03499874DFDC02E099207D317AAC93D36A4101478D2769205436F3FAA86833FBB48B658E2DFDD1F8A4F8D20DD864925587095668D3C9660866E6409D05DEC6449A026353A1EB4070F58A1145C26706D3CE1F450C88293E50D7102751FFB151C58E702E58B1C27825B812872C6493AF895F34D34F22ABE6C0D25CC19A744D548E7302A74B290B93FEA9FBA033992BC13E586E52549B62DA605141171B8BA50A1169313B98C9920F720244A9846066AA5AB1D9B9D740034C298EBA075C03E70494748473AD81DD8035FB1AC8C53F64F32E0F86508E0F09B599E3497E936D222F5D363093099407E4AC602493417F1606475019CB2A0EDB8218A6151398AD7F420F5DDCE705F05974E1E56B06AB706B5605F45844E4843710894F9C9A189AD013E2E025222627A325D068AA88086D4935849AF37F8E0AD936684834B1758E04B1BADAE190154D3C1ECAD9D00DA8C29F7044C41E30442870B193C41E20525555378C59E41B064AC968288C705A64181AE5689131B0B1FAF6F00D4423BFD2C88BC72CEA6717F7A386D6D20485A8B491BE29C56526282B110D2B1C85580616486380941211075A8C432DFD64C2055728720DFFBDA522B9B2C0CBC5205060112AA006D398728560D4C18151D54874A02B828D6EC36BBEE56D01875EA494C8516C720DA4DD4FA1D492D1ECDA8CF76DFD146A22A9F087A9BC48D41B0EB32D076D0E1AF743210AE926A397B5AD4F7689374CCA568BF2A97EF561B590BCE95F5D81DD2E88B7D41BFFEA8BB3291FF89FBFD9D8BF778F4A1A0BAF255DD677273DA124055BC894E602F1E1A720CDD00540E01EE45EF2B91F71D538DF5FE22FD6DD89DC7B7EE66A4FB26E95FF2E5B1ABFC1176C9F2A6A9FF078F356C5D0A1C482F2CD9D3C030308412AB80B749E84FB289687ABE4ADDB41009A8E3A3C20A748054069728AB8A89C16F72A9EA6C8155AD02547E32D82D203731DA5FA0E264FAD2EB1A5585E5AE1E995DF796AAB05832E6E33CEA19A3134ACAA5828D2E02AD45979A6521BFA55B360D28BEF634FF9D490244F907992A4684EC343C7A2687AAA18D56C8A43BB5183290F1509B2572055E3E926917D682AA669AB12ECF351315599DACE0411C526B8233EEA189F3D38A42DC731AFAD07752D5DA60BCCE9558FE4684AD5271B23485EBCB50D20F96C81C7E20D5B0B85C517730AE4850D4D847C9CC20CCFA4158A9D6C47ADA8C3D6F65A216D398E56F0EA60AB0743A106F2FA043BEAD39D44A11C3B8D12BA3BD68E0E73D6DE5607E531BC8AE62BD3B056E46B40DFA439D5E9E29C285A8FB53366DEBD48D070603BB22624359CDB501FA475F01BA44D87F5E275D4049E44AB64E2E9E362776C15D23B89E131B1BA551537D327E9E402696515D7C1A27A0AFC3C88B679C192888EF30AC79B7F87E76190FB7AA4024644F00033543E1F724F4F96A74C76CFC3C9B4B9C8323F14C41D65E936DB7336C183BD2097ACF665D3008F6E0361E68FCBD887CF6BF73F45C333E7F21F7774DB23E726C5137EE69C38FFED9F09D39403D2B057F7920C9A05133DF3679A0EA46ED76F1CAD204DDF4194E6ADA4123F81D47B0429F7FC4D49D936A1E2B7A1517420AF8FF4C69B1733E43C8409E88A1D26E7A090CD328F4343BE6B8AC1C9AD15FF22D59485A6A505035D92DD75D0A4E173CB8DBC5E89F4E04F1178FEF34029E284A07D3FD46409C362AFD6E609D25889C5676F9A5A59AA84448BC42C7D9350894DD4B2578E29BFF8DD2F018EC4C2DBCB7106D3699DD3E9DB5006AD162C3B4C9F092CD815D53EEDD1D0FAE56814AC8BABD2DBBD15A62C325705AA712F37E29015521A347BB54A29C94533F2C6461CC49A2369CA38CBBE204FCAB0121D24D9C8207945EA171B732412992E6788F406DAB794246480D784736242795763C44783D608398067829D927A0C868F395276CC81895788068B841C03C0813C919B21DBC6B480905F143A4844744AA5D1376BC69C8B87FCCACAFC1EC56B4D803144C20B0B680D9FDC62C2F428DF78E28A01D68A399030CF5A610789D9D70AEB9413BD734C4CED452AAEEB8C9643C2C2833C889411FCEB3276F6E4F920B4E920CA0B366BD7BFCFE3A665B4A443C20845BE08790F5ADAB439E3E8D385A23EEC534DA8324D887AB04C43A1CA422122DF2145852E4385584EF6292C94192C84A23A9CFC1682A7ACCA17B12275E29F400EFA507ADCCC159227D287298421F351741FB801660E2FD74497E13296B0F59EA6FF80C74E23217AAD7F20B01E3B3F842C1F8472F816623BBCCC0F5DE03DEE80474AEA20CCE230BAD1B248D9C05FEFC63EF01EB78ECA93B555894742628569C6D06B79BFA4CE65FC90D48E38C3515D853913BC8208F8D835FE90A2E0017808177B106B6EFE7F27FC0AC23DCCAFF4DC43FF32BED9A3DD1EE121C3E83E6CFD9F0CB933AFEABFC84BD1E67975B32B9E9D0C3104CC6690DFDDB9897FDA07A14FF8FE2438B79490C87709D5416B3E97283F70DDBE104AD7496C48A8121FD9DCDCC268176262D94DBC014FB00B6F5F33F80BDC02EFA5BEA52F27A29F88B6D8571701D8A620CA2A1A4D7BFC27C6B01F3DFFF03BA643AB4EB0840000, N'6.4.0')
GO
INSERT [dbo].[__MigrationHistory] ([MigrationId], [ContextKey], [Model], [ProductVersion]) VALUES (N'201912100706301_IsAssignedColumnAdded', N'University_Management.Migrations.Project_DbContext.Configuration', 0x1F8B0800000000000400ED5D5B6FDCBA117E2FD0FF20E8A92D1CAFD74190D6D83D07899D14C639B683AC73D0378396E8B55A5DB612D7B051F497F5A13FA97FA1D48DA278A7AEEB20C8CB5A2487C3E137C3E1909CFCEF3FFF5DFDFC1C85CE134CB32089D7EEF2F8C47560EC257E106FD7EE1E3DBCF9B3FBF34FBFFFDDEA931F3D3BBFD5F5DEE6F570CB385BBB8F08EDCE168BCC7B8411C88EA3C04B932C7940C75E122D809F2C4E4F4EFEB2582E17109370312DC7597DDDC7288860F107FEF33C893DB8437B105E253E0CB3EA3B2ED914549D6B10C16C073CB876BFC541C12E7AB9BB0231D8C208C6E8B86CE73A1FC200609E36307C701D10C7090208737CF62D831B9426F176B3C31F4078FBB283B8DE030833588DE4ACA96E3AA893D37C508BA6614DCADB6728892C092EDF56525AB0CD3BC9DA2552C472FC84E58D5EF25117B25CBBE7C93ECDE0872C0BB6983CDBE1D97998E695D5E23EA6891C394DD5374DD523021A8CADFCDF9173BE0FD13E85EB18EE510AC223E7CBFE3E0CBC5FE0CB6DF20F18AFE37D18D2CC63F67159EB03FEF4254D7630452F5FE14335A44BDF7516ED760BB6216946B529077A19A3B7A7AE738D3B07F72124D8A084B241490AFF0A63980204FD2F002198C6390D584897EB9DE9EB02EE408A72A1E87B5553BA85002320ED4BE63C857E806E938FF01660C1F7245660A1374B059592B17E942EB312979070F431494208623316F2DF75436C39B039749D2BF0FC2B8CB7E871EDBEC3F6EF73F00CFDFA43C513D6016C3C711B94EEA19EE76BF0146C0B700999709DAF302C8AB3C760579AB54AE9EE68DDC386EF739A445F9390346D97DFDD82740B7389268A4A1BFC9767C164036821A34DB19C59591D8E6169455BA62BDD11725C95C9D91556E07815D71231BA5A3486D9C05CF734D43F4CB4A1F9C1421B5FF767343B0646F722C133DE95D4054420C8DD31E9409627276643996A49DDC028C85087355563C2891119CA92D7664469C96B8B34962557DB7003EB6D6FB7EB09123258178AD863CB38E6B80ABD2C352DCA8ED6BA2131BFC56E6B98ADEDB6D1CF311C6D8D39C53FC7B0A74DFF9A95E4FD144EA4CA02F572D1584BA4F5E5ECF836E458678AB45CDAF3B741FB1C895A069B7A420EEB62158BA48E2D8F950FAAE5B1A927E4B12E56F148EA887834B69BD5483B1BCDAAFDFC16F3D07DDC4A501AD3F87E144FF35384FD4245AFA7EFDE8DE3E0C60878E83A5179A4CB5196023C45C4A5C6BF6F83C89EC807DF4F61A672A7DF197AD39D17B2E1DC627357D3D47C2A9C4DCEC476324D2464D0D13455ED7F98261DDE343669390ECAF5EA65BC5BB5EC19CE6A0EEF94F670A450C30091DD0B98BB9505E0FAEEFAC730707AAFBB63989175C1D4C1C8E1EDB1A9ABA8B0C79C3B69CE259973099BA45CC2275F2E605450A967308062BB733480D0F8B18258D886994F70341BB00E70E5B7600A4C77DB8391185BD74D5845607EA0D2F15C5BC09AC78207DC95557D1EC4B9A318B456415616ACD228AC0950F1DA967841C14F8B4F66056D8FF153EC3B2671F452D44D3C1ECB1B6332D861146256B0F3C7494F43992C2B2CE5FAB6459BFE9F38FA18C530CD610342ECAA65582F8218F1900F622FD881D060904C5B43CB9ECF07E9852DC18B3A8C736C1B48C2A4FBE6FA00CF04E98BD1639D9C560B0A386A3C4903A1B299D747459BD9A75D2C736CE98FC627C5976EC02693AC3A4CB0429B4E3643303307EA2CF03626D214189B0A5D0782AB578C28123E339876FE2862404CF181BA863889FA8F8D2A768473C18A15C62BC1953864219B7C4DFCA2997E1259350796E60AD6A46BA2729C13385D4A5998F44F5D249DC95C09F6C17293A2DA14D3068B0ABAD8582C5588488BD9C14C967C9013204A25043353D58ACDCEBD061A604A71D43DE01A3827A0A4239C6B0DEC06ACD9D7402EFE219B77793084727C48A8CD1C4FF29B6C1379E9B281994CA03C20670523990CFAB3303882CA585671D816C430AD98C06CFD1D7AE8E23E2F80CFA20B2FDF3258855BB32AA0C7222227BC81487CE2D4C4D0849E10072F113139192D8146534544684BAA21D49CFF7354C8B64143A289AD732488D5D50E87AC68E2F150CE866E4015FE842322F6802142818B9D24F60091AAAABA61CC22DF30504A46436184D322C3D028478B8C818DD5B7876F201AF995465E3C66513FBBB81F35B496262844A58DF44D292E334159896858E128C432B0401A03A4948838D0621C6AE927132EB842916BF8EF2D15C995055E2E0681028B50013598C6942B04A30E0E8CAA46A2035D116C741B5EF32D6F0B38F422A5448E62936B20ED7E0AA5968C66D766BC6FEBA7501349853F4CE545A2DE70986D396873D0B81F0A51483719BDAC6D7DB24BBC6152B65A946FFCAB0FAB852419C0EA0AEC7641BCA59203545F9C4D9919E0FCCDC6FEA17C54D258782DE9B2BE3BE9092529D842A63417880F3F0769862E0002F720F792CFFD88ABC6F9FE127FB1EE4EE4DEF333577B9275ABFC77D9D2F8F1BE60FB5451FB8CC79BB72A860E2516946FEEE4A91B400852C15DA0F324DC47B13C5C256FDD0E02D074D4E10139452A004A9353C445E5B4B8E7F43445AED0822E391A6F11941E98EB28D57730796A75893945FA957D6B5EA9EFB6FC95576078EECAEF3CB5D582C12AB7B5E77484315BACE259A8E5E00AD95915A75242FA8DB40042C5F7B1A77C3A80330F9A7992A4684E334647B6687AAA88D76C8A433B6583290F1557B2572055E3E926917DB62AA669AB12EC6354315599DACE0411C596BA233EEA88A13D38A42DC731AFADE7792D5DA60BCCE9554FEE684AD5271B2348DECFB50D20F96C81C7E2455C0B85C517730AE4BD0E4D847C9CC20CCFA4158A7D7147ADA883E0F65A216D398E56F0EA60AB0743A106F2FA043BEAD39D44A11C3B8D12BA3BD68E0E7372DF5607E5A1BE8AE62BD3B0561C6D40DFA43923EAE29C285A8FB5CF665ED148D070603BB226C0359CDB501FCB75F01BA44D87F5E275D4049E44AB64E2E9E322816C15D23B89083291BF551585D3E70AE5C2726515D7C1A27A0AFC3C24B779C192888EF30AC79B7F86E76190FB7AA4024644F00033543E46724F4F96A74C92D1C349F8B9C8323F14443165593FDB7336C1F3BF2097ACF69DD4004F7803611E91CBD887CF6BF75F45C333E7F26F7774DB23E726C5137EE69C38FFEE9F90D39403D2B057F792449E05133DD3789A0EA46ED76F1CAD204DF741F0B93FEF83161593DC727C42BEF809A4DE2348B917794AF66C733C7E1F6A494703FB486FBC793183DF439880AE5AC4A44114B259A696B043E641983CFE91AC290B4D4B0B06BAE4DFEBA049C3A7BB1B79D113E9C11F22F0FCC781B2D60941FB7EA8C912C6D65EADCD1364D6128BCFDE34B51267098916B962FAE6C5129BA865AFB4577EF1BB5F4E1E8985B797E30CA6D33ACDD4F7A10C5A2D5876983E1358B02BAA7D26A6A1F5CBD128581757A5B78F2CCCA264AE0A54E35E6EC4212BA434F2F66A9552921E67E48D8D381236471E9771967D41EA9661253A48FE9341529DD48F48E6C86D325D1A13E9A5B8EF296FC9000F1CE7C484F2C2C788EF18AD1172002F173BE519190C1F736411990313AF100D16394206800379B537430290690121BF6D749088E894DDA36F228F39170FF9BD97F93D8AD79A9363881C1C16D01A3EDFC684195BBEF35C1A03AC157320619EB5C20E12B3AF15D659307AA7BD98DA8B54DCF9192DAD8585077910592CF8076FECECC9535468335494B774D6AE7F9FC74DCB6849871C168A1416F21EB4B46973C6D1A70B457DD867BF5025BF10F56099194395184344BE43D60C5DD20CB19CECB36A28936A08457538293704AF6B958F7445EAC4BFCA1CF4EDF6B8C93424AFB60F530843A6C8E83E7003CC1C5EFA8B2EC3652C61EB514EFF018F9DD9429440E040603D76CA0A598A0AE5F02DC47678C928BAC07BDC018F94674298586274A365914582BF238E7DE03D6E1D95276BAB128F84C40AD38CA1D7F27E499DCBF821A91D7186A3BA0A7326780511F0B16BFC2145C103F0102EF620D6DCFCBF73F80D847B985FE9B987FE657CB347BB3DC24386D17DD8FA6F2272675ED57F912AA3CDF3EA6657BC5D19620898CD20BFBB73137FDC07A14FF8FE2C38B79490C87709D5416B3E97283F70DDBE104AD7496C48A8121FD9DCDCC268176262D94DBC014FB00B6FDF32F82BDC02EFA5BEEA2F27A29F88B6D8571701D8A620CA2A1A4D7BFC27C6B01F3DFFF47F56BF6FD97C850000, N'6.4.0')
GO
INSERT [dbo].[__MigrationHistory] ([MigrationId], [ContextKey], [Model], [ProductVersion]) VALUES (N'201912101805401_CourseAssignTableColumnChange', N'University_Management.Migrations.Project_DbContext.Configuration', 0x1F8B0800000000000400ED5DDB6E1CB9117D0F907F68F45312C81A8D0CC38930B30BAF6407C2AE24C3232FF22650DDD4A893BE4CBA398284205F96877CD2FEC2B26F6C36EFECEBC830FC326A92C562F154B15824CBBFFDEFFFAB1F9FA3D07982691624F1DA5D1E9FB80E8CBDC40FE2EDDADDA387377F757FFCE18F7F587DF4A367E7D7BADEDBBC1E6E19676BF711A1DDD96291798F3002D97114786992250FE8D84BA205F093C5E9C9C9DF16CBE50262122EA6E538AB2FFB1805112CFEC07F9E27B10777680FC2ABC48761567DC7259B82AA730D2298ED8007D7EED73828D8452F775720065B18C1181D97ED5CE7431800CCD306860FAE03E2384100618ECFBE667083D224DE6E76F803086F5F7610D77B006106AB919C35D54D0775729A0F6AD134AC4979FB0C259125C1E5DB4A4A0BB6792759BB448A588E1FB1BCD14B3EEA42966BF73CD9A719FC9065C11693673B3C3B0FD3BCB25ADCC7349123A7A9FAA6A97A444083B195FF3B72CEF721DAA7701DC33D4A4178E47CDEDF8781F7337CB94DFE05E375BC0F439A79CC3E2E6B7DC09F3EA7C90EA6E8E50B7CA88674E9BBCEA2DD6EC13624CDA836E5402F63F4F6D475AE71E7E03E84041B9450362849E1DF610C5380A0FF192004D338A7010BE972BD337D5DC01D48512E147DAF6A4AB7106004A47DC994D3D797CA65560200123A3F25490841DC919FFC774D09EB2C3644AE73059E7F81F1163DAEDD77D8F27C0A9EA15F7FA84863F461B385DBA0740FF55D5F83A7605B4CAB9009D7F902C3A2387B0C76A541A9E07E47A31E9B9C4F69127D4942D2B45D7E770BD22D44784089A2D206FFE55930D94049C868532C6756568763585AD196E90AB5428EAB3239BBC20A1CAFE25A2246578BC6241A18CA9E26F2BB7134D3FD732CB4F1757F46B3231E750AFD00D59D5F2478C6BB92BA800804B923241DC8F2E4C46C28532D661B180519EAB09A694C3831224359F2DA8C282D796D91C6B2E46A1B6E60BDEDED763D414206EB42117B6C19C71C57A197A5A645D9D15A3724E6B7D86D0DB3B5DD36FA39868BAB31A7F8E718F6B4E95FB392BC9FC2895459A05E2E1A6B89B4BE9C1DDF861CEB4C91964B7BFE36689F2351CB60534FC8615DAC6291D4B1E5B1F241B53C36F5843CD6C52A1E491D118FC676B31A6967A359B59FDF621EBA8F5B094A631ADF8FE2697E8CB05FA8E8F5F4DDBB711CDC18010F5D272A8F7439CA5280A788B8D4F8F76D10D913F9E0FB29CC54EEF43B436FBAF342369C5B6CEE6A9A9A4F85B3C999D84EA689840C3A9AA6AAFD77D3A4C39BC6262DC741B95EBD8C77AB963DC359CDE19DD21E8E146A680519BA6DD52F60EE561680EBBBEB1FC3C0E9BDEE8E6146D60553072387B7C7A6AEA2C21E73EEA4399764CE256C9272099F7CB9805141A59EC1008AEDCED10042E3FB0A62611B663EC1D16CC03AC095DF822930DD6D0F46626C5D37611581F9814AC7736D016B1E0B1E705756F57910E78E62D05A055959B04AA3B02640C56B5BE205053F2D3E9915B43DC68FB1EF98C4D14B5137F1782C6F8CC96087518859C1CE1F273D0D65B2ACB094EB7B0E6DFA7FE1E86314C334870D08B1AB9661BD0862C4433E88BD6007428341326D0D2D7B3E1FA417B6042FEA30CEB16D200993EE9B5B003C13A42F468F75725A2D28E0A8F1240D84CA665E1F156D669F76B1CCB1A53F1A9F145FBA019B4CB2EA30C10A6D3AD90CC1CC1CA8B3C0DB984853606C2A741D08AE5E31A248F8CC60DAF9A3880131C507EA1AE224EA3F36AAD811CE052B5618AF0457E290856CF235F18B66FA4964D51C589A2B5893AE89CA714EE074296561D23F758573267325D807CB4D8A6A534C1B2C2AE86263B15421222D66073359F2414E80289510CC4C552B363BF71A688029C551F7806BE09C80928E70AE35B01BB0665F03B9F8876CDEE5C110CAF121A136733CC96FB24DE4A5CB06663281F2809C158C6432E8CFC2E0082A6359C5615B10C3B46202B3F54FE8A18BFBBC003E8B2EBC7CCD60156ECDAA801E8B889CF00622F189531343137A421CBC44C4E464B4041A4D1511A12DA9865073FECF5121DB060D8926B6CE912056573B1CB2A289C743391BBA0155F8138E88D8038608052E7692D80344AAAAEA86318B7CC34029190D85114E8B0C43A31C2D32063656DF1EBE8168E4571A79F19845FDECE27ED4D05A9AA0109536D237A5B8CC046525A26185A310CBC002690C905222E2408B71A8A59F4CB8E00A45AEE1BFB75424571678B918040A2C4205D4601A53AE108C3A3830AA1A890E7445B0D16D78CDB7BC2DE0D08B9412398A4DAE81B4FB29945A329A5D9BF1BEAD9F424D2415FE309517897AC361B6E5A0CD41E37E284421DD64F4B2B6F5C92EF18649D96A51BEAEAF3EAC169267F8AB2BB0DB05F1967A965F7D7136E59BFCF3371BFB27EA514963E1B5A4CBFAEEA42794A4600B99D25C203EFC14A419BA0008DC83DC4B3EF723AE1AE7FB4BFCC5BA3B917BCFCF5CED49D6ADF2DF654BE367F382ED5345ED131E6FDEAA183A945850BEB993274D002148057781CE93701FC5F27095BC753B0840D3518707E414A900284D4E111795D36A8EB06952F2836D8594A8C7EC2D6951DF6DF92A2F96F09C95DF796AAB0583006EC3CC218F31062C9C2DC03E38CC3B037C2A68D32F8FF9492ABF8F3DE51ADEAAABBB02EEAA125B8AE499304F9214CD691CE878114D4F15479A4D7168576730E5A1A235F60AA46A3CDD24B28F41C5346D55827DE229A62A53DB9920A2D8A876C4471D87B30787B4E538E6B5F5E8ADA5CB748139BDEA211B4DA9FA646304C9ABB4B601249F2DF058BC336BA1B0F8624E81BC82A189908F5398E199B442B1DBECA8157568D95E2BA42DC7D10A5E1D6CF56028D4405E9F60477DBA93289463A7514277C7DAD161CEC3DBEAA03C2A57D17C651AD68A4E0DE89B34272F5D9C1345EBB176AFCCDB14091A0E6C47D6848D86731BEAC3AE0E7E83B4E9B05EBC8E9AC09368954C3C7D5C7C8DAD427A277136269EB6AA625BFADC975CB0ABACE23A58544F819F07BA362F5812D1715EE178F3EFF03C0C725F8F54C088081E6086CA273EEEE9C9F294499A7938092C1759E68782D8A02C8B657BCE26785417E492D5BE3E1AE0616C20CCCE7119FBF079EDFEA76878E65CFEE38E6E7BE4DCA478C2CF9C13E7BFFD134C9A72401AF6EABE89DCD9F55EB7EBD5399FCFF23EF73C7A27958B9F40EA3D82947B55A6A46C9BA7F0DB50023E1B6037E98D372F529E5BCFEC1FC20474C50E93CA4FC866991EA121DF3573DFE406867FE869CA42D3D282812E39E43A68D2F029DB465E62447AF0A7083CFF79A0CC6B42D0BE1F6AB28491AC576BF304D9A1C4E2B3374DADE44F42A245BE93BEB99DC4266AD92B75935FFCEE97574662E1EDE53883E9B44E95F46D2883560B961DA6CF0416EC8A6A9F4D6868FD72340AD6C555693929C5040E9109C85C15A8C6BDDC88435648699CEBD52AA524C5CBC81B1B71DC698E5C24E32CFB82F423C34A74901C1E83A4EBA81F42CC919F63BA541CD28B5DDF52EE8D011EE9CD8909E5F58A11DFE25923E4005EDF75CA9531183EE6C8843107265E211A2CF25C0C0007F2F26C862416D302427EB7E72011D1294345DF6414732E1EF25B26F37B14AF35AFC41079242CA0357CCE8809B38E7CE3F92006582BE640C23C6B851D24665F2BAC3339F44EDD30B517A9B861335A6A060B0FF2203231F08FB6D8D993A759D0665928EFC4AC5DFF3E8F9B96D1920E7918146918E43D6869D3E68CA34F178AFAB0CFE0A04AE020EAC132BB832AB983887C87CC0FBAC40F6239D96786502686108AEA70D246085E882A1F9A8AD4897F5938E8FBE3711342485E1E1FA610864CF3D07DE0069839BC140E5D86CB58C2D61398FE031E3B3B83E811FC81C07AECB40BB2340BCAE15B88EDF0122A7481F7B8031E2957823039C2E846CB2213027F231BFBC07BDC3A2A4FD656251E098915A61943AFE5FD923A97F143523BE20C477515E64CF00A22E063D7F8438A8207E0215CEC41ACB9F97F49F02B08F730BFD2730FFDCBF8668F767B84870CA3FBB0F55F1DE4CEBCAAFF22DD439BE7D5CDAE782932C410309B417E77E726FE691F843EE1FB93E0DC524222DF255407ADF95CA2FCC075FB42285D27B121A14A7C6473730BA35D88896537F1063CC12EBC7DCDE02F700BBC97FA62BD9C887E22DA625F5D04609B8228AB6834EDF19F18C37EF4FCC3EFB73A43A2BA830000, N'6.4.0')
GO
INSERT [dbo].[__MigrationHistory] ([MigrationId], [ContextKey], [Model], [ProductVersion]) VALUES (N'201912101819523_CourseAssignTableIsAssignedTypeChange', N'University_Management.Migrations.Project_DbContext.Configuration', 0x1F8B0800000000000400ED5D5B6FDCBA117E2FD0FF20E8A92D1CAFD74190D6D83D07A91D17468FED20EB1CF4CDA0257AAD5697ADC4356C14FD657DE84FEA5F2875A328DEA9EB3A08F2B216C9E170F8CD70382427FFFBCF7F573FBF44A1F30CD32C48E2B5BB3C3E711D187B891FC4DBB5BB478FEFFEE8FEFCD36F7FB3FAEC472FCEAF75BDF7793DDC32CED6EE1342BBB3C522F39E6004B2E328F0D2244B1ED1B197440BE0278BD393933F2D96CB05C4245C4CCB71565FF7310A2258FC81FF3C4F620FEED01E84D7890FC3ACFA8E4B360555E7064430DB010FAEDD6F7150B08B5EEFAF410CB63082313A2EDBB9CEA7300098A70D0C1F5D07C4718200C21C9F7DCBE006A549BCDDECF00710DEBDEE20AEF708C20C5623396BAA9B0EEAE4341FD4A2695893F2F6194A224B82CBF79594166CF34EB2768914B11C3F6379A3D77CD4852CD7EE79B24F33F829CB822D26CF7678761EA67965B5B88F6922474E53F55D53F5888006632BFF77E49CEF43B44FE13A867B9482F0C8F9B27F0803EFAFF0F52EF9078CD7F13E0C69E631FBB8ACF5017FFA92263B98A2D7AFF0B11AD295EF3A8B76BB05DB9034A3DA9403BD8AD1FB53D7B9C19D838710126C5042D9A024857F81314C0182FE1780104CE39C062CA4CBF5CEF47501772045B950F4BDAA29DD41801190F625534E5F5F2A57590900380837F9EF9A0ED6586C865CE71ABCFC02E32D7A5ABB1FB0DDB90C5EA05F7FA84863EC61A385DBA0740FF55DDF80E7605B4CAA9009D7F90AC3A2387B0A76A539A9C07E4F631E1B9CCB3489BE262169DA2EBFBF03E916223CA044516983FFF22C986C802464B42996332BABC3312CAD68CB74855921C755999C5D61058E57712D11A3AB4563100DCC644F03F9C3349AE9FE3916DAF8BA3FA3D9118F3A857E80EACE2F123CE35D495D400482DC0D920E647972623694A996B20D8C820C7558CB34269C1891A12C796D469496BCB648635972B50D37B0DEF676BB9E20218375A1883DB68C638EABD0CB52D3A2EC68AD1B12F35BECB686D9DA6E1BFD1CC3C1D59853FC730C7BDAF4AF59493E4EE144AA2C502F178DB5445A5FCE8E6F438E75A648CBA53D7F1BB4CF91A865B0A927E4B02E56B148EAD8F258F9A05A1E9B7A421EEB62158FA48E884763BB598DB4B3D1ACDACF6F310FDDC7AD04A5318D1F47F1343F47D82F54F47AFAE1C3380E6E8C80876E129547BA1C6529C053445C6AFCFB2E88EC897CF2FD14662A77FA83A137DD79211BCE2D3677354DCDA7C2D9E44C6C27D34442061D4D53D5FE8769D2E14D639396E3A05CAF5EC6BB55CB9EE1ACE6F05E690F470A35B4820CDDB6EA1730772B0BC0F5DDF58F61E0F45E77C73023EB82A98391C3DB63535751618F3977D29C4B32E7123649B9844FBE5CC0A8A052CF6000C576E76800A1F16305B1B00D339FE06836601DE0CA6FC11498EEB6072331B6AE9BB08AC0FC40A5E3B9B680358F050FB82BABFA3C8873473168AD82AC2C58A5515813A0E2B52DF182829F169FCC0ADA1EE3E7D8774CE2E8A5A89B783C9637C664B0C328C4AC60E78F939E8632595658CAF52D8736FD3F70F4318A619AC30684D855CBB05E0431E2211FC45EB003A1C12099B686963D9F0FD20B5B82177518E7D836908449F7CD1D009E09D217A3C73A39AD161470D4789206426533AF8F8A36B34FBB58E6D8D21F8D4F8A2FDD804D265975986085369D6C8660660ED459E06D4CA429303615BA0E04576F1851247C6630EDFC51C48098E203750D7112F51F1B55EC08E782152B8C37822B71C84236F99AF84533FD24B26A0E2CCD15AC49D744E5382770BA94B230E99FBAC03993B912EC83E52645B529A60D161574B1B158AA109116B383992CF9202740944A0866A6AA159B9D7B0D34C094E2A87BC035704E40494738D71AD80D58B3AF815CFC4336EFF26008E5F890509B399EE437D926F2D265033399407940CE0A463219F46761700495B1ACE2B02D88615A3181D9FA3BF4D0C5435E005F44175EBE65B00AB76655408F45444E780391F8C4A989A1093D210E5E226272325A028DA68A88D0965443A839FFE7A8906D838644135BE74810ABAB1D0E59D1C4E3A19C0DDD802AFC094744EC01438402173B49EC0122555575C39845BE61A0948C86C208A74586A1518E1619031BAB6F0FDF4034F22B8DBC78CCA27E76713F6A682D4D50884A1BE99B525C6682B212D1B0C25188656081340648291171A0C538D4D24F265C708522D7F0DF5B2A922B0BBC5C0C020516A1026A308D295708461D1C18558D4407BA22D8E836BCE65BDE1670E8454A891CC526D740DAFD144A2D19CDAECD78DFD64FA126920A7F98CA8B44BDE130DB72D0E6A0713F14A2906E327A59DBFA649778C3A46CB528DFD6571F560BC923FCD535D8ED82784B3DCAAFBE389BF245FEF9BB8DFD03F5A8A4B1F05AD2657D77D2134A52B0854C692E101F5E0669862E00020F20F792CFFD88ABC6F9FE127FB1EE4EE4DEF333577B9275ABFC77D9D2F8D1BC60FB5451BBC4E3CD5B154387120BCA3777F294092004A9E02ED07912EEA3581EAE92B76E0701683AEAF0809C221500A5C929E2A2725ACD11364D4A7EB0AD9012F594BD252DEABB2D5FE5C5129EB3F23B4F6DB56010C06D9839E431C68085B305D807877967804F056DFAE5313F49E5F7B1A75CC35B757557C05D55624B913C13E64992A2398D031D2FA2E9A9E248B3290EEDEA0CA63C54B4C65E81548DA79B44F631A898A6AD4AB04F3CC554656A3B1344141BD58EF8A8E370F6E090B61CC7BCB61EBDB574992E30A7573D64A329559F6C8C207995D63680E4B3051E8B77662D14165FCC299057303411F2710A333C935628769B1DB5A20E2DDB6B85B4E5385AC1AB83AD1E0C851AC8EB13ECA84FF7128572EC344AE8EE583B3ACC79785B1D9447E52A9A6F4CC35AD1A9017D93E6E4A58B73A2683DD6EE95799B2241C381EDC89AB0D1706E437DD8D5C16F90361DD68BD751137812AD9289A78F8BAFB15548EF24CEC6C4D356556C4B9FF9920B7695555C078BEA39F0F340D7E6154B223ACE2B1C6FFE199E8741EEEB910A1811C123CC50F9C4C73D3D599E3229330F277DE522CBFC50101B94E5B06CCFD9048FEA825CB2DAD747033C8C0D84D939AE621FBEACDD7F150DCF9CABBFDDD36D8F9CDB144FF89973E2FCBB7F7A49530E48C35EDD37913BBBDEEB76BD3AE7B35916DDF74E2A173F83D47B0229F7AA4C49D9364FE1F7A1047C36C06ED21B6F5EA43CB79ED93F8609E88A1D26959F90CD323D4243BE6BE6BEC90D0CFFD0D39485A6A505035D72C875D0A4E153B68DBCC488F4E0771178F9FD4099D784A0FD38D4640923596FD6E609B24389C5676F9A5AC99F84448B7C277D733B894DD4B257EA26BFF8DD2FAF8CC4C2DBCB7106D3699D2AE9FB5006AD162C3B4C9F092CD815D53E9BD0D0FAE56814AC8BABD27252BAB8B7C24C40E6AA4035EEE5461CB2424AE35C6F562925295E46DED888E34E73E4221967D917A41F1956A283E4F018245D47FD10628EFC1CD3A5E2905EECFA9E726F0CF0486F4E4C28AF578CF816CF1A2107F0FAAE53AE8CC1F03147268C3930F106D16091E76200389097673324B1981610F2BB3D0789884E192AFA26A39873F190DF3299DFA378AB792586C8236101ADE173464C9875E43BCF0731C05A310712E6592BEC2031FB5A619DC9A177EA86A9BD48C50D9BD15233587890079189817FB4C5CE9E3CCD8236CB42792766EDFA0F79DCB48C9674C8C3A048C320EF414B9B36671C7DBA50D4877D0607550207510F96D91D54C91D44E43B647ED0257E10CBC93E3384323184505487933642F04254F9D054A44EFCCBC241DF1F8F9B1042F2F2F8308530649A87EE0337C0CCE1A570E8325CC612B69EC0F41FF0D8D919448FE00F04D663A75D90A559500EDF426C879750A10BBCC71DF048B91284C91146375A169910F81BD9D807DEE3D65179B2B62AF14848AC30CD187A2DEF97D4B98A1F93DA116738AAAB306782D710011FBBC69F52143C020FE1620F62CDCDFF4B825F41B887F9959E07E85FC5B77BB4DB233C64183D84ADFFEA2077E655FD17E91EDA3CAF6E77C54B91218680D90CF2BB3BB7F19FF741E813BE2F05E7961212F92EA13A68CDE712E507AEDB5742E926890D0955E2239B9B3B18ED424C2CBB8D37E01976E1ED5B067F815BE0BDD617EBE544F413D116FBEA2200DB14445945A3698FFFC418F6A3979FFE0F84E745D5B8830000, N'6.4.0')
GO
INSERT [dbo].[__MigrationHistory] ([MigrationId], [ContextKey], [Model], [ProductVersion]) VALUES (N'201912101823410_CourseAssignTableIsAssignedTypeChangeToBool', N'University_Management.Migrations.Project_DbContext.Configuration', 0x1F8B0800000000000400ED5DDB6E1CB9117D0F907F68F45312C81A8D0CC38930B30BAF6407C2AE24C3232FF22650DDD4A893BE4CBA398284205F96877CD2FEC2B26F6C36EFECEBC830FC326A92C562F154B15824CBBFFDEFFFAB1F9FA3D07982691624F1DA5D1E9FB80E8CBDC40FE2EDDADDA387377F757FFCE18F7F587DF4A367E7D7BADEDBBC1E6E19676BF711A1DDD96291798F3002D97114786992250FE8D84BA205F093C5E9C9C9DF16CBE50262122EA6E538AB2FFB1805112CFEC07F9E27B10777680FC2ABC48761567DC7259B82AA730D2298ED8007D7EED73828D8452F775720065B18C1181D97ED5CE7431800CCD306860FAE03E2384100618ECFBE667083D224DE6E76F803086F5F7610D77B006106AB919C35D54D0775729A0F6AD134AC4979FB0C259125C1E5DB4A4A0BB6792759BB448A588E1FB1BCD14B3EEA42966BF73CD9A719FC9065C11693673B3C3B0FD3BCB25ADCC7349123A7A9FAA6A97A444083B195FF3B72CEF721DAA7701DC33D4A4178E47CDEDF8781F7337CB94DFE05E375BC0F439A79CC3E2E6B7DC09F3EA7C90EA6E8E50B7CA88674E9BBCEA2DD6EC13624CDA836E5402F63F4F6D475AE71E7E03E84041B9450362849E1DF610C5380A0FF192004D338A7010BE972BD337D5DC01D48512E147DAF6A4AB7106004A47DC994D3D797CA65560200123A3F25490841DC919FFC774D09EB2C3644AE73059E7F81F1163DAEDD77D8F27C0A9EA15F7FA84863F461B385DBA0740FF55D5F83A7605B4CAB9009D7F902C3A2387B0C76A541A9E07E47A31E9B9C4F69127D4942D2B45D7E770BD22D44784089A2D206FFE55930D94049C868532C6756568763585AD196E90AB5428EAB3239BBC20A1CAFE25A2246578BC6241A18CA9E26F2BB7134D3FD732CB4F1757F46B3231E750AFD00D59D5F2478C6BB92BA800804B923241DC8F2E4C46C28532D661B180519EAB09A694C3831224359F2DA8C282D796D91C6B2E46A1B6E60BDEDED763D414206EB42117B6C19C71C57A197A5A645D9D15A3724E6B7D86D0DB3B5DD36FA39868BAB31A7F8E718F6B4E95FB392BC9FC2895459A05E2E1A6B89B4BE9C1DDF861CEB4C91964B7BFE36689F2351CB60534FC8615DAC6291D4B1E5B1F241B53C36F5843CD6C52A1E491D118FC676B31A6967A359B59FDF621EBA8F5B094A631ADF8FE2697E8CB05FA8E8F5F4DDBB711CDC18010F5D272A8F7439CA5280A788B8D4F8F76D10D913F9E0FB29CC54EEF43B436FBAF342369C5B6CEE6A9A9A4F85B3C999D84EA689840C3A9AA6AAFD77D3A4C39BC6262DC741B95EBD8C77AB963DC359CDE19DD21E8E146A680519BA6DD52F60EE561680EBBBEB1FC3C0E9BDEE8E6146D60553072387B7C7A6AEA2C21E73EEA4399764CE256C9272099F7CB9805141A59EC1008AEDCED10042E3FB0A62611B663EC1D16CC03AC095DF822930DD6D0F46626C5D37611581F9814AC7736D016B1E0B1E705756F57910E78E62D05A055959B04AA3B02640C56B5BE205053F2D3E9915B43DC68FB1EF98C4D14B5137F1782C6F8CC96087518859C1CE1F273D0D65B2ACB094EB7B0E6DFA7FE1E86314C334870D08B1AB9661BD0862C4433E88BD6007428341326D0D2D7B3E1FA417B6042FEA30CEB16D200993EE9B5B003C13A42F468F75725A2D28E0A8F1240D84CA665E1F156D669F76B1CCB1A53F1A9F145FBA019B4CB2EA30C10A6D3AD90CC1CC1CA8B3C0DB984853606C2A741D08AE5E31A248F8CC60DAF9A3880131C507EA1AE224EA3F36AAD811CE052B5618AF0457E290856CF235F18B66FA4964D51C589A2B5893AE89CA714EE074296561D23F758573267325D807CB4D8A6A534C1B2C2AE86263B15421222D66073359F2414E80289510CC4C552B363BF71A688029C551F7806BE09C80928E70AE35B01BB0665F03B9F8876CDEE5C110CAF121A136733CC96FB24DE4A5CB06663281F2809C158C6432E8CFC2E0082A6359C5615B10C3B46202B3F54FE8A18BFBBC003E8B2EBC7CCD60156ECDAA801E8B889CF00622F189531343137A421CBC44C4E464B4041A4D1511A12DA9865073FECF5121DB060D8926B6CE912056573B1CB2A289C743391BBA0155F8138E88D8038608052E7692D80344AAAAEA86318B7CC34029190D85114E8B0C43A31C2D32063656DF1EBE8168E4571A79F19845FDECE27ED4D05A9AA0109536D237A5B8CC046525A26185A310CBC002690C905222E2408B71A8A59F4CB8E00A45AEE1BFB75424571678B918040A2C4205D4601A53AE108C3A3830AA1A890E7445B0D16D78CDB7BC2DE0D08B9412398A4DAE81B4FB29945A329A5D9BF1BEAD9F424D2415FE309517897AC361B6E5A0CD41E37E284421DD64F4B2B6F5C92EF18649D96A51BEAEAF3EAC169267F8AB2BB0DB05F1967A965F7D7136E59BFCF3371BFB27EA514963E1B5A4CBFAEEA42794A4600B99D25C203EFC14A419BA0008DC83DC4B3EF723AE1AE7FB4BFCC5BA3B917BCFCF5CED49D6ADF2DF654BE367F382ED5345ED131E6FDEAA183A945850BEB993274D002148057781CE93701FC5F27095BC753B0840D3518707E414A900284D4E111795D36A8EB06952F2836D8594A8C7EC2D6951DF6DF92A2F96F09C95DF796AAB0583006EC3CC218F31062C9C2DC03E38CC3B037C2A68D32F8FF9492ABF8F3DE51ADEAAABBB02EEAA125B8AE499304F9214CD691CE878114D4F15479A4D7168576730E5A1A235F60AA46A3CDD24B28F41C5346D55827DE229A62A53DB9920A2D8A876C4471D87B30787B4E538E6B5F5E8ADA5CB748139BDEA211B4DA9FA646304C9ABB4B601249F2DF058BC336BA1B0F8624E81BC82A189908F5398E199B442B1DBECA8157568D95E2BA42DC7D10A5E1D6CF56028D4405E9F60477DBA93289463A7514277C7DAD161CEC3DBEAA03C2A57D17C651AD68A4E0DE89B34272F5D9C1345EBB176AFCCDB14091A0E6C47D6848D86731BEAC3AE0E7E83B4E9B05EBC8E9AC09368954C3C7D5C7C8DAD427A277136269EB6AA625BFADC975CB0ABACE23A58544F819F07BA362F5812D1715EE178F3EFF03C0C725F8F54C088081E6086CA273EEEE9C9F294499A7938092C1759E68782D8A02C8B657BCE26785417E492D5BE3E1AE0616C20CCCE7119FBF079EDFEA76878E65CFEE38E6E7BE4DCA478C2CF9C13E7BFFD134C9A72401AF6EABE89DCD9F55EB7EBD5399FCFF23EF73C7A27958B9F40EA3D82947B55A6A46C9BA7F0DB50023E1B6037E98D372F529E5BCFEC1FC20474C50E93CA4FC866991EA121DF3573DFE406867FE869CA42D3D282812E39E43A68D2F029DB465E62447AF0A7083CFF79A0CC6B42D0BE1F6AB28491AC576BF304D9A1C4E2B3374DADE44F42A245BE93BEB99DC4266AD92B75935FFCEE97574662E1EDE53883E9B44E95F46D2883560B961DA6CF0416EC8A6A9F4D6868FD72340AD6C555693929C5040E9109C85C15A8C6BDDC88435648699CEBD52AA524C5CBC81B1B71DC698E5C24E32CFB82F423C34A74901C1E83A4EBA81F42CC919F63BA541CD28B5DDF52EE8D011EE9CD8909E5F58A11DFE25923E4005EDF75CA9531183EE6C8843107265E211A2CF25C0C0007F2F26C862416D302427EB7E72011D1294345DF6414732E1EF25B26F37B14AF35AFC41079242CA0357CCE8809B38E7CE3F92006582BE640C23C6B851D24665F2BAC3339F44EDD30B517A9B861335A6A060B0FF2203231F08FB6D8D993A759D0665928EFC4AC5DFF3E8F9B96D1920E7918146918E43D6869D3E68CA34F178AFAB0CFE0A04AE020EAC132BB832AB983887C87CC0FBAC40F6239D96786502686108AEA70D246085E882A1F9A8AD4897F5938E8FBE3711342485E1E1FA610864CF3D07DE0069839BC140E5D86CB58C2D61398FE031E3B3B83E811FC81C07AECB40BB2340BCAE15B88EDF0122A7481F7B8031E2957823039C2E846CB2213027F231BFBC07BDC3A2A4FD656251E098915A61943AFE5FD923A97F143523BE20C477515E64CF00A22E063D7F8438A8207E0215CEC41ACB9F97F49F02B08F730BFD2730FFDCBF8668F767B84870CA3FBB0F55F1DE4CEBCAAFF22DD439BE7D5CDAE782932C410309B417E77E726FE691F843EE1FB93E0DC524222DF255407ADF95CA2FCC075FB42285D27B121A14A7C6473730BA35D88896537F1063CC12EBC7DCDE02F700BBC97FA62BD9C887E22DA625F5D04609B8228AB6834EDF19F18C37EF4FCC3EFB73A43A2BA830000, N'6.4.0')
GO
INSERT [dbo].[__MigrationHistory] ([MigrationId], [ContextKey], [Model], [ProductVersion]) VALUES (N'201912101827194_CourseAssignTableCourseNameColumnDrop', N'University_Management.Migrations.Project_DbContext.Configuration', 0x1F8B0800000000000400ED5DDB6E1C37127D5F60FFA1D14FBB0B59A391613811661238236B2124920C8F1CEC9B404D53A3DEEDCB6C37479010E4CBF6613F29BF10F68DCDE69D7D1D19865F464DB2582C9E2A168B64F98FFFFD7FF1E37318384F3049FD385ABAF3E313D781D126F6FC68BB74F7E8E1CD77EE8F3FFCF52F8B8F5EF8ECFC5AD57B9BD5C32DA374E93E22B43B9BCDD2CD230C417A1CFA9B244EE30774BC89C319F0E2D9E9C9C9F7B3F97C06310917D3729CC5E77D84FC10E67FE03F5771B4813BB407C155ECC1202DBFE392754ED5B906214C77600397EE97C8CFD9452F775720025B18C2081D17ED5CE743E003CCD31A060FAE03A2284600618ECFBEA4708D9238DAAE77F803086E5F7610D77B00410ACB919CD5D54D0775729A0D6A5637AC486DF6298A434B82F3B7A594666CF356B2768914B11C3F6279A3976CD4B92C97EE2ADE2729FC90A6FE1693673B3C5B054956592DEE639AC89153577D53573D22A0C1D8CAFE1D39AB7D80F6095C46708F12101C399FF6F781BFF919BEDCC6FF81D132DA0701CD3C661F97353EE04F9F92780713F4F2193E9443BAF45C67D66C37631B9266549B62A097117A7BEA3AD7B873701F40820D4A286B1427F09F30820940D0FB0410824994D180B974B9DE99BECEE10E2428138ABE5735A55B08300292AE648AE9EB4AE5322D0000099D9FE2388020D253BA064FFE3697AD9033D7F90C83BC387DF47785569798BBA3A187F5FE2289C3CF71409A36CBEF6E41B28508F3172B2AADF15F1B0B26EBF914325A17CB9995D5E1189656B465BA848E90E3B24CCEAEB002C7ABB89688D1C5ACB64B06D6AAA39DFA66A1CC0CC20A0BADEA132F9AD813709D2BF0FC0B8CB6E871E9BEC34BFF85FF0CBDEA43C906162EF61B701B94EC614B5B94FD9EA8EB55023D1F559D9FC778C6DB923A8708F89937221DC8FCE4C46C2863AD286B18FA296AB1A4684C3831227D59F2CA8C282D79659186B2E46A1B6E60BDEDED7635414206AB42117B6C19C71C57A193A5A645D9D25AD724A6B7D84D0DB3B5DD36FA39849FA931A7F8E710F6B4EE5FB392BCEFA5F70E16A8938BC65A22AD2F67C7B721C73A53A4E5D29EBF35DA6748D43258D713725815AB5824756C792C7D502D8F753D218F55B18A475247C4A3B1DD2C47DADA6896EDA7B79887EEE39682D298C6F783789A1F43EC172A7A3D7DF76E180737426083AE6395473A1F6429C053445C6AFCFBD60FED897CF0BC04A62A77FA9DA137DD7A21EBCF2D3677354DCDA7C2D9E44C6C2BD34442062D4D53D9FE9B69D2E14D6393E6C3A05CAF5EC6BB55CB9EE1A4E6F04E690F070A3534820CEDB6EAE730732B73C075DDF50F61E0F45E77CB3023EB82A98391FDDB63535751618F3977D29C4B32E7123649B9844FBE5CC0A8A052C76000C576EB6800A1F16D05B1B00DE38452DB6EC05AC095DF822930DD6E0F46626C6D37612581E9814AC7736D016B1E0BEE715756F639316A55A117AB202B0B566914D604A8786D8B377ECE4F834F66056D8EF163E4392671F442D4753C1ECB1B63D2DF61146256B0F3C7494F43992C2B2CE5EAB24193FE3F38FA18C530C9600302ECAAA5582FFC08F190F7A38DBF0381C12099B686963D9B0FD20B5B8217751865D836908449F7F5513CCF04E98BD1639D9C16330A386A3C4903A1B299D74745EBD9A75D2C736CE98FC647C5976EC02693AC3A4CB0429B4E367D303305EA2CF03624D214181B0B5D0782AB578C28123E339876FE28A2474CF181BA9A3889FA0F8D2A768453C18A15C62BC1953864219B7C4DFCA29E7E1259350796E60AD6A86BA2729C23385D4A5998F44FDDA39CC85C09F6C17293A2DA14D3068B0ABAD8582C5588488BD9DE4C967C9023204A25043353D588CD4EBD061A604A71D4DDE31A3825A0A4239C6A0D6C07ACC9D7402EFE219B77793084727C48A8CD1C4FF29B6C2379E9B281994CA03C20670523990CBAB3D03B828A58567ED8E647302999C06CFD1B6ED0F97D56009F45175EBEA4B00CB7A665408F454446780D91F8C4A98EA1093D210E5E226272325A02B5A68A88D0965443A83EFFE7A8906D8386441D5BE74810ABAB1D0E59D1C4E3A19C0DDD804AFC094744EC01438402173B49EC0122555575C39845BE61A0948C86C208A74586A1518E1619031BAB6F0EDF4034F22B8DBC78CCA27E76713F6A680D4D50884A1BE91B535C6682B21251BFC25188A56781D40648291171A0C538D4D24D265C70852257F3DF592A922B0BBC5C0C020516A1026A30B5295708461D1C18548D4407BA22D8E836BCE65BDE0670E8454A891CC526D740DADD144A2D19CDAECD78DFD64DA146920A7F98CA8B44BDE130DB72D0E6A0763F14A2906E323A59DBEA649778C3A46C312B9EB8971F1633C95BF8C515D8EDFC684BBD8D2FBF38EBE261FCEACDDAFE9D7858D0986D1AD2657D77D2138A13B0854C6926100F5EF8498ACE0102F720F392575EC855E37C7F89BF58752772EFF999AB3CC9AA55F6BB6869FC765DB07D2AA95DE0F166ADF2A1438905E59B3B59E6021080447017681507FB309287ABE4AD9B41009A8E3A3C20A748054069728AB8A89C567D844D93921F6C2BA444BD286F488BFACE535BCC9839E3B6B81C5618F565016801CFDE81D91A926381917E2BCC4F78F1DD965A71FB87A7567CB7E6ADBC6C2BE0AE2CB1A5481EF6F22449D194EA4C4778687AAAC8CF648A433B27BD290F155FB1572055E3F126917DBE29A669AB12ECA34C315599DA4E0411C5D6B2253EAAC8993D38A42D8731AF8D676A0D5DA60BCCE9954FCF684AE5271B2348DE91350D20F96C81C7FC65580385F917730AE4DD0A4D847C1CC30C4FA4158AFD614BADA882C1F65A216D398C56F0EA60AB077DA106F2FA045BEAD39D44A11C3B8D12BA3BD68E0E7382DD5407E5E1B68AE62BD3B0463CA947DFA43E2B69E39C285A0FB5DF645E9348D020D3C1A9BC0612E8E9CF6DA88EA75AF80DD2A6FD7AF13A6A024FA25132F2F4711131B60AE99D44C69808D8A28C46E9534672E1A9A28AEB60513DF95E169A5ABF604984C75985E3F57F8355E067BE1EA98011E13FC014158F72DCD393F929936BF270F23ECED2D40B04D13C59F2C7E69C8DF00CCECF24AB7D2FD4C353565F984FE332F2E0F3D2FD2D6F78E65CFEEB8E6E7BE4DC2478C2CF9C13E7F7EE79194D39200D3B755FC7DAEC7AAFDA75EA9C4F03799F791E4A2AB6F9FFBE0EA8F259F6A227906C1E41C2BD75EB9C44AF5FCACDE7EB0F410C74332CA3C4A4C813B259A41DA8C9B7CD8837BA19E01F509AB250B7B460A04D6EB6169AD47F2AB4811702911EFC2D04CF7FEF29A39910B4EFFB9A2C61BCE9D5DA3C41D625B1F8EC4D5323A99290689E47A46BCE24B1899A774A89E4E5BFBBE56B9158787B394E603AAD53107D1DCAA0D582798BE9338105BBA2DA67E9E95BBF1C8D82B571551A4E4A3E817D64D8315705AA712737E29015521A8D7AB54A29499DD20E95F629475A08B1DF1C1FC32CFB82B41EFD4AB497DC18BDA4C1A81E184C91F762BC1417D20B535F534E8B1E1EBF4D8909E5258801DFB85923E4005EB5B5CA41D11B3EA6C8303105265E211A2CF247F40007F2A26B82E410E302427E03E72011D12AF343D7240F532E1EF2BB20D37B14AF355F431FF9192CA0D57F2E8611B3797CE579167A582BA640C2346B851D24265F2BAC3324744E8930B617A9B8073358CA030B0FF220321CF08FA1D8D993A72FD0662F286EAE2C5DEF3E8B9B16D19216F90D14E90DE43D18E40AA8CD19479F2E14F5619F1941951841D48365D60455D20411F9161915740915C472B2CFB8A04CB82014D5E1A46310BCBC543EE014A913FF626F80CC0143255A90BCE83D4C21F4993EA1FDC00D307378A911DA0C97B1848D872ADD073C74D603D1E3F20381F5D0E90C64E90B94C3B710DBE1252A6803EF61073C500E0261D281C18D96458601FEDE34F681F7B875589CAC2D0A3C12120B4C33829B86F74BEA5C460F71E588331C55559833C12B8880875DE30F09F21FC006E1E20DC49A9BA5FAFF15047B985DE9B987DE6574B347BB3DC24386E17DD0F82F0432675ED57F9E46A1C9F3E26697BFE7E86308984D3FBBBB7313FDB4F7038FF07D2138B79490C87609E5416B3697283B70DDBE104AD7716448A8141FD9DCDCC270176062E94DB4064FB00D6F5F52F80BDC82CD4B75FD5D4E443F114DB12FCE7DB04D40989634EAF6F84F8C612F7CFEE14F2D36ECA697820000, N'6.4.0')
GO
INSERT [dbo].[__MigrationHistory] ([MigrationId], [ContextKey], [Model], [ProductVersion]) VALUES (N'201912121214584_removedRequiredForStudentNameTemporarily', N'University_Management.Migrations.Project_DbContext.Configuration', 0x1F8B0800000000000400ED5CDB6EE4B8117D0F907F10F494041EB7DB83C16C8CEE5DCCB6C70B63D7F660DAB3C89B41B7E8B6125D3A12DB6B63912FCB433E29BFB0D48DA278A7AEEDC1C02F6D912C168BA78AC52259FFFFEFFF163F3C8781F30493D48FA3A53B3F3E711D186D62CF8FB64B778F1EDE7CE7FEF0FD9FFFB4F8E885CFCEAF55BDB7593DDC324A97EE2342BBB3D92CDD3CC210A4C7A1BF49E2347E40C79B389C012F9E9D9E9CFC7D369FCF2026E1625A8EB3F8BC8F901FC2FC1FFCEF2A8E367087F620B88A3D18A4E5775CB2CEA93AD72084E90E6CE0D2FD12F939BBE8E5EE0A44600B4318A1E3A29DEB7C087C80795AC3E0C1754014C50820CCF1D99714AE511247DBF50E7F00C1EDCB0EE27A0F2048613992B3BABAE9A04E4EB341CDEA8615A9CD3E4571684970FEB694D28C6DDE4AD62E912296E3472C6FF4928D3A97E5D25DC5FB24851FD2D4DF62F26C8767AB20C92AABC57D4C133972EAAA6FEAAA470434185BD9DF91B3DA07689FC06504F72801C191F3697F1FF89B9FE1CB6DFC2F182DA37D10D0CC63F67159E303FEF429897730412F9FE14339A44BCF7566CD7633B6216946B529067A19A1B7A7AE738D3B07F70124D8A084B24671027F82114C0082DE2780104CA28C06CCA5CBF5CEF4750E7720419950F4BDAA29DD428011907425534C5F572A9769010048E8FC18C70104919ED23578F2B7B96C859CB9CE6718E4C5E9A3BF2BB4BAC4DC1D0D3DACF717491C7E8E03D2B4597E770B922D4498BF5851698DFFDB583059CFA790D1BA58CEACAC0EC7B0B4A22DD32574841C976572768515385EC5B5448C2E66B55D32B0561DEDD4370B656610565868559F78D1C49E80EB5C81E75F60B4458F4BF71D5EFA2FFC67E8551F4A36B070B1DF80DBA0640F5BDAA2ECF7445DAF12E8F9A8EAFC3CC633DE96D43944C0CFBC11E940E627276643196B4559C3D04F518B254563C28911E9CB9257664469C92B8B34942557DB7003EB6D6FB7AB09123258158AD863CB38E6B80A9D2C352DCA96D6BA2631BDC56E6A98ADEDB6D1CF21FC4C8D39C53F87B0A775FF9A95E47D2FBD77B0409D5C34D612697D393BBE0D39D699222D97F6FCADD13E43A296C1BA9E90C3AA58C522A963CB63E9836A79ACEB0979AC8A553C923A221E8DED6639D2D646B36C3FBDC53C741FB71494C634BEEFC33DFB18623750D1C9E9BB77C3F8B311021B741DAB1CD0F920961FCF08F1A0F1EF5B3FB427F2C1F31298AABCE77786CE73EB75AB3F2FD8DCB334B5960ADF92B3A8AD2C118910B4B44465FB6F964887378D099A0F8372BD7A196F4E2D7B86939AC33BA53D1C28B2D08829B4DB999FC3CC8BCC01D775933F8481D33BD92DA38AACC7A58E3DF66F8F4D3D43853DE6BC47732EC99C4BD824E5123EF97201A3824A1DF7FE14DBAD37FF84C6B715C4C2368C13396DBBDF6A01577EC7A5C074BB2D1709A9B5DD739504A6072A1DBEB505AC79E8B7C74D58D9E7C4A855455AAC62AA2C58A5415713A0E2B52DDEF8393F0D3E9915B439C68F91E79884CD0B51D7E1772C6F8C497F87518859C1CE1F273D0D65B2ACB094ABBB054DFA7FE3E86314C324830D08B0AB9662BDF023C443DE8F36FE0E04068364DA1A5AF66C3E482F6C095ED4619461DB401226DDD727EF3C13A42F468F75725ACC28E0A8F1248D7BCA665E1F04AD679F76B1CCB1A53F091F155FBA019B4CB2EAECC00A6D3AD9F4C1CC14A8B3C0DB904853606C2C741D08AE5E31A248F8CC60DAF993871E31C507EA6AE224C83F34AAD8114E052B5618AF0457E290856CF235F18B7AFA4964D51C589A1B57A3AE89CA718EE074296561D23F756D72227325D807CB4D8A6A534C1B2C2AE86263B15421222D667B3359F2418E80289510CC4C5523363BF51A688029C5C9768F6BE09480928E70AA35B01DB0265F03B9F8876CDEE5C110CAF121A136733CC92FAE8DE4A5CB06663281F2809C158C6432E8CE42EF082A6259F9619B1FC1A46402B3F54FB841E7F759017C16DD6FF992C232DC9A96013D161119E13544E213A73A8626F48438788988C9C96809D49A2A22425B520DA1FAFC9FA342B60D1A12756C9D2341ACAE76386445138F87723674032AF1271C11B1070C110A5CEC24B107885455D5856216F9868152321A0A239C16198646395A640C6CACBE397C03D1C86F30F2E2318BFAD9C5FDA8A1353441212A6DA46F4C719909CA4A44FD0A4721969E05521B20A544C48116E3504B379970C1158A5CCD7F67A948AE2CF07231081458840AA8C1D4A65C21187570605035121DE88A60A3DBF09A6F791BC0A117292572149B5C0369775328B56434BB36E37D5B37851A492AFC612A2F12F586C36CCB419B83DAFD508842BAC9E8646DAB935DE20D93B2C5AC78D15E7E58CC244FDF175760B7F3A32DF514BEFCE2AC8B77F0AB376BFB67E1614163B6694897F5DD494F284EC01632A599403C78E127293A0708DC83CC4B5E7921578DF3FD25FE62D59DC8BDE767AEF224AB56D9EFA2A5F15375C1F6A9A47681C79BB5CA870E2516946FEE64890A400012C15DA0551CECC3481EAE92B76E0601683AEAF0809C221500A5C929E2A2725AF511364D4A7EB0AD9012F580BC212DEA3B4F6D3163E68CDBE2725861D49705A0053C7B07666B488E0546FA69303FE1C5775B6AC5ED1F9E5AF1DD9AB7F2B2AD80BBB2C4962279C7CB93244553AA331DE1A1E9A9223F93290EED9CF4A63C547CC55E81548DC79B44F6B5A698A6AD4AB06F30C554656A3B1144145BCB96F8A82267F6E090B61CC6BC365EA53574992E30A7573E3DA329959F6C8C207947D63480E4B3051EF397610D14E65FCC2990772B3411F2710C333C915628F6872DB5A20A06DB6B85B4E5305AC1AB83AD1EF4851AC8EB136CA94F77128572EC344AE8EE583B3ACC0976531D9487DB2A9AAF4CC31AF1A41E7D93FAACA48D73A2683DD47E93794D2241834C07A7F21A48A0A73FB7A13A9E6AE137489BF6EBC5EBA8093C8946C9C8D3C745C4D82AA47712196322608B321AA5CF10C985A78A2AAE8345F5E47B59686AFD8225111E67158ED7FF0E56819FF97AA4024684FF0053543CCA714F4FE6A74C6AC9C349F3384B532F1044F364B91E9B7336C233383F93ACF6BD500F4F597D61FA8CCBC883CF4BF7F7BCE19973F98F3BBAED917393E0093F734E9CFF744FC368CA0169D8A9FB3AD666D77BD5AE53E77CD6C7FBCCF35052B14DF7F77540954FAA173D8164F30812EEAD5BE79C79FD526E3E5F7F0862A09B61192526239E90CD22ED404DBE6D02BCD1CD00FF80D29485BAA505036D52B1B5D0A4FE339F0DBC1088F4E02F2178FE6B4F09CC84A07DDFD76409E34DAFD6E609922C89C567ADF18D9C4A429A791A91AE2993C4166ADE29239297FFEE96AE4562E0ED2DFC0496D33A03D1D7A10B5A2598B7983E1358B00BAA7D929EBEF5CBD128581B4FA5E1A3E413D847821D7355A01A77F2220E5921A5C1A857AB9492CC29ED50699F71A48510FB4DF131CCAA2FC8EAD1AF447B498DD14B168CEA7DC114692FC6CB7021BD2FF535A5B4E8E1EDDB949850DE8118F0899B35420EE0515BAB1414BDE1638A04135360E215A2C1227D440F70200FBA26C80D312E20E417700E1211AD123F74CDF130E5E221BF0A32BD47F15AD335F4919EC1025AFDA762183199C7579E66A187B5620A244CB356D84162F2B5C23A4142E78C08637B918A6B3083653CB0F0200F22C101FF168A9D3D79F6026DF282E2E2CAD2F5EEB3B869112D6991DE4091DD40DE8341AA80DA9C71F4E942511FF68911547911443D94853F01047F037C425AB6176252B95E4889A897167915746915C4E2B2CFBBA04CBB2094D8E1246510BCBF543EE3146915FF6E6F80FC0143A55B90BCEB3D4C21F49944A1FDC00D3073780912DA0C9731888DE72ADD073C74EE03D113F30381F5D0490D64490C94C3B710DBE1A52B6803EF61073C50260261EA81C18D96459E01FEF6347685F7B875581CB02D0A3C12120B4C33829B86134CEA5C460F71E58F331C555598A3C12B8880873DE40F09F21FC006E1E20DC49A9B25FCFF15047B98DDECB987DE6574B347BB3DC24386E17DD0F0DB329F5ED57F9E4CA1C9F3E26697BFEAE86308984D3FBBC27313FDB8F7038FF07D2138BE9490C8360BE5796B3697283B77DDBE104AD7716448A8141FD9E3DCC270176062E94DB4064FB00D6F5F52F80BDC82CD4B75095E4E443F114DB12FCE7DB04D40989634EAF6F85F8C612F7CFEFE0F60233AAC8C820000, N'6.4.0')
GO
INSERT [dbo].[__MigrationHistory] ([MigrationId], [ContextKey], [Model], [ProductVersion]) VALUES (N'201912121319056_AppliedRedquiredForStudentName', N'University_Management.Migrations.Application_DbContext.Configuration', 0x1F8B0800000000000400DD5CDB6EE336107D2FD07F10F4D416592B97EE621BD85B649DA40DBAB9609D5DF42DA025DA1156A2B412952628FA657DE827F5173A94A81B2FBAD88AED14058A581C9E190E0FC92139DC7FFFFE67FCF3A3EF190F388ADD804CCC83D1BE696062078E4B961333A18B576FCD9FDF7DFBCDF8CCF11F8DCFB9DC1193839A249E98F79486C79615DBF7D847F1C877ED288883051DD9816F2127B00EF7F77FB20E0E2C0C10266019C6F86342A8EBE3F407FC9C06C4C6214D90771938D88BF9772899A5A8C615F2711C221B4FCC4FC44DCDA54F779788A025F631A1A3AC9E699C782E029B66D85B98062224A08882C5C79F623CA3514096B3103E20EFF629C420B7405E8C794B8E4BF1AE8DDA3F648DB2CA8A39949DC434F07B021E1C712F5962F5957C6D165E043F9E81BFE9136B75EACB8979E1E0F4D3C7C00307880A8FA75EC48427E665A1E2240EAF301DE5154719E47904707F04D197511571CFE85C6FAF60D5E1689FFDB7674C138F26119E109CD008797BC64D32F75CFB37FC741B7CC1647274305F1CBD7DFD0639476F7EC447AFAB2D85B6825CED037CBA89821047601B5E14ED370DAB5ECF122B16D52A7532AF0097608098C6257AFC80C992DEC3D0397C6B1AE7EE2376F22F9C5C4058184F50894609FCBC4A3C0FCD3D5C945B8D3AD9FF1BB41EBE7E3388D62BF4E02ED3AE17F4C3C089605C7DC45E5A1ADFBB6136BC6AFD7DC7C5CEA3C067BFEBFCCA4AEF664112D9AC318156E416454B4CEBD68DAD92BC9D28CDA086A7758EBAFBD46696CAF4568AB206AD321272159B1E0DB9BDCFABB733E34EC2103A2FA516F34813E19A96AD9180B36794D2AF4AE9924E075DE944A099FFE7D9F1CC47AE37C0F4D8410BC4280B37F271D1CAF701901191DE36DFA03886D9C1F915C5F70DA6C39F03983EC37612018D6614F9E1B36BBBB90F08BE4AFC391B0B9BD33558D7DCFE119C239B06D11961B5D6C6FB10D85F82849E11E71451FC89DA3920FB79EBFADD010631E7C4B6711C9F0399B1330D2004CF012F083D3AEC0DC7A6AA6D8727530FB9BE3A3E1126D5BB5CB48C51D412529CA21153C52A4DA67E08962EE9666A2EAA3735936835958BF535958175B3944BEA0D4D055AEDCCA4068BFED21E1A3EFC4B61773FFE5B6FF1D6CD051537CE6086C4BF60822398C69C1B44298E48D9035DE68D6D040B69F731A5CFBE36A59A3E232F195AD54AA3219D04861F0D29ECEE8F86D44CF8FCE03A2C2AE9B029CA8501BE93BC7ABFD53EE604CB363D1C6ACDDCB4F2CDCC01BAE17212C781EDA6A340711CC60F33EAF6430C67B49F6C64AD114F47A0614074972D79F005DA668AA4BA26A7D8C3141B2776765C3845B18D1CD98DD020A78761F98AAA30AC3C25A91BF783A413988E235609B14D500C23D525541E162EB1DD1079AD5E126A765CC258DB0B1D62C9290E31610A5B3DD145B9FA50841950E8113AA5CD4363ABC2B866226AA2565D9FB785B065BF4B67151BE1644BECACE1258FDF9E8598CD1EDB00399B5DD2C500ED01DF3608CAF72A5D09206E5C768DA0C28E4943501E526D84A0758F6D81A07597BC3882665BD4AEFD2FEC57778D9EF58DF2E697F546776D819B357FEC1835B3D813EA50A88123999EA77356881FA962730676F2FD59CC435D91220C7C8669FDC8A68C779571A8D50C2292A809B0245A0B28BF1A9480A401D5C3B8FC2CAFD13A1E45F480CDCFDD1A61F9DC2FC05638206357AF482B82FA8B54919C9D761F45CB0A364824EFB459A8E02808214E5EF58677708AEE5C56764C9758B84F345C6918EF8C0607B544AE1A27E58D19DC4B3935DBBDA40AC8FA84646B7949089F345ECA1B33B8973847DB9DA4080A7A84056BB9A8BE840F34D8F2938E62B529CAC6569643C53F8C2D4DB2D5F81285A14B9695E42BFEC598659957D357B3FE89487E8661D9B1221FA9B0B6D04483082DB1500AAAC1D273378AE929A2688ED839CFD4F12531E5DAAA99FE7395D5E553EEC47C1DC8A5D9DF7C596BBAD0AFADBA7258C2D1CEA1ADAC56DA6CAC6082BABAC1D2E2908722C519FE34F0129FE8432D7DEDEC26AF5A3FFB22238C2DC17E299492FC2605BCF54EE8D445F2F018BCBB8A9866F52ED343E81C9F47A455D7EBA2543D4A7E685545D11D646DAD0B75C1CD8ADD264690FD7BAD15E179C61A4F5BA902F04F3D312A990F1258A5AC3B6A3D39A58A592FE98E2864A0542185A21E5656F34C6A46560B56C2D378542DD15D839C595245974BBB232B724CAAD08AE215B015368B65DD511569285560457177EC3227459C4E777835D3EE6B0658CEB24DF07AEB9906E379E6C66196C3CA5D7F15A8F2B92716BFCD97C0F8F79DE49576273800AFB25390F578A5C1D0CF46B5FBF2FA64D478C9AFC7AC5D82D726FCA624003D5E3FF63E2B47A42DA12852682FB686C21670CCB763ED8F72A4FD5926621AB91B61B17F8A29F6474C6034FBEA4D3D17B3A93D1700B6B90B1CD32CF1C33CDC3F38145EF3ECCECB1A2B8E1D4FB19DD53DAFA9F7D90672B8C8038AEC7B14C919156BBC3E2941A5C3EA0BE2E0C789F9675AEB383DF7607FA59FF78C8B186695AF0914DC460936FE92334487C9C6EFF0FEA330F4AF17F1B0A2BBCB2F7EBFCBAAEE19D7110CA763635F70F42ADD5F7F6ED1CB9AACEA1AD6ACFC08E3E58EB6DA6B0625AA305A567FBC3077E9200F17722BBFF3D1E3F77D4D533E4E580B51F1006128BC415CA87B60B00A96F67181033F69FAB8A05F63D58F0D56314DFBD0C025FDC1C46706DDA7A1BCE616D721C5D669135352EAE7D634EDB57236B7BD3649D9DC6B0D743963BB07DCA059D9EB85282F2CDB79B0A55391CC3C18F63679FFEC19CCBB92B45C06EDDBCD55DE647A72C375D3FF2A2B7907F2E8147941DBCF3DDE34D77467C13B9EC0D92FC378C7C8C697F9EDE7116F9A6CBA03E21D275BAF6CE11DE3DAB6D6CF2D33ADF312BAF5DC5F398D4973A7A33A456ECBEDCD8EDC61FB3F0F80045944993DC9542793E9949564D12A2C45F44AF5596CA26269E0487A258966B5FDDACA17FCC6C6729966B59ADCCF26DD7CFE6FD4CD659A756B322AB79195ACCC6954658AB7CC634DC9552F290BB9D69296A4F7B698B5F182FE25251D0FE294DAE8D1DC2EBF9C1CE3415C32E4D0E991532C5F14C3DA59F9371E61FD8EDD6509C1FEC54782EDDAAA59C85C9045902FDE8245B98870427389297260493D89A8BB4036856276009DBE294F0FF5D835C81C3B17E43AA16142A1C9D89F7BB5032F160434E94F13A7EB368FAF43F62B1EA20960A6CB0EEEAFC9FBC4F59CC2EE73C5999006824517FCB897F52565C7BECBA702E92A201D81B8FB8AA0E816FBA10760F13599A107BC8A6D40BF0F7889ECA7F2045007D2DE1175B78F4F5DB48C901F738CB23EFC040E3BFEE3BBFF00A19F60EEEA540000, N'6.4.0')
GO
INSERT [dbo].[__MigrationHistory] ([MigrationId], [ContextKey], [Model], [ProductVersion]) VALUES (N'201912121320448_AppliedRedquiredForStudentName', N'University_Management.Migrations.Project_DbContext.Configuration', 0x1F8B0800000000000400ED5CDB6EE4B8117D0F907F10F494041EB7DB83C16C8CEE5DCCB6C70B63D7F660DAB3C89B41B7E8B6125D3A12DB6B63912FCB433E29BFB0D48DA278A7AEEDC1C02F6D912C168BA78AC52259FFFFEFFF163F3C8781F30493D48FA3A53B3F3E711D186D62CF8FB64B778F1EDE7CE7FEF0FD9FFFB4F8E885CFCEAF55BDB7593DDC324A97EE2342BBB3D92CDD3CC210A4C7A1BF49E2347E40C79B389C012F9E9D9E9CFC7D369FCF2026E1625A8EB3F8BC8F901FC2FC1FFCEF2A8E367087F620B88A3D18A4E5775CB2CEA93AD72084E90E6CE0D2FD12F939BBE8E5EE0A44600B4318A1E3A29DEB7C087C80795AC3E0C1754014C50820CCF1D99714AE511247DBF50E7F00C1EDCB0EE27A0F2048613992B3BABAE9A04E4EB341CDEA8615A9CD3E4571684970FEB694D28C6DDE4AD62E912296E3472C6FF4928D3A97E5D25DC5FB24851FD2D4DF62F26C8767AB20C92AABC57D4C133972EAAA6FEAAA470434185BD9DF91B3DA07689FC06504F72801C191F3697F1FF89B9FE1CB6DFC2F182DA37D10D0CC63F67159E303FEF429897730412F9FE14339A44BCF7566CD7633B6216946B529067A19A1B7A7AE738D3B07F70124D8A084B24671027F82114C0082DE2780104CA28C06CCA5CBF5CEF4750E7720419950F4BDAA29DD428011907425534C5F572A9769010048E8FC18C70104919ED23578F2B7B96C859CB9CE6718E4C5E9A3BF2BB4BAC4DC1D0D3DACF717491C7E8E03D2B4597E770B922D4498BF5851698DFFDB583059CFA790D1BA58CEACAC0EC7B0B4A22DD32574841C976572768515385EC5B5448C2E66B55D32B0561DEDD4370B656610565868559F78D1C49E80EB5C81E75F60B4458F4BF71D5EFA2FFC67E8551F4A36B070B1DF80DBA0640F5BDAA2ECF7445DAF12E8F9A8EAFC3CC633DE96D43944C0CFBC11E940E627276643196B4559C3D04F518B254563C28911E9CB9257664469C92B8B34942557DB7003EB6D6FB7AB09123258158AD863CB38E6B80A9D2C352DCA96D6BA2631BDC56E6A98ADEDB6D1CF21FC4C8D39C53F87B0A775FF9A95E47D2FBD77B0409D5C34D612697D393BBE0D39D699222D97F6FCADD13E43A296C1BA9E90C3AA58C522A963CB63E9836A79ACEB0979AC8A553C923A221E8DED6639D2D646B36C3FBDC53C741FB71494C634BE1FC4D3FC1862BF50D1EBE9BB77C338B811021B741DAB3CD2F9204B019E22E252E3DFB77E684FE483E7253055B9D3EF0CBDE9D60B597F6EB1B9AB696A3E15CE2667625B9926123268699ACAF6DF4C930E6F1A9B341F06E57AF532DEAD5AF60C273587774A7B3850A8A1116468B7553F87995B9903AEEBAE7F0803A7F7BA5B861959174C1D8CECDF1E9BBA8A0A7BCCB993E65C923997B049CA257CF2E5024605953A060328B65B4703088D6F2B88856D182794DA7603D602AEFC164C81E9767B3012636BBB092B094C0F543A9E6B0B58F358708FBBB2B2CF8951AB0ABD58055959B04AA3B02640C56B5BBCF1737E1A7C322B68738C1F23CF3189A317A2AEE3F158DE1893FE0EA310B3829D3F4E7A1ACA6459612957970D9AF4FFC6D1C7288649061B1060572DC57AE1478887BC1F6DFC1D080C06C9B435B4ECD97C905ED812BCA8C328C3B681244CBAAF8FE27926485F8C1EEBE4B49851C051E3491A0895CDBC3E2A5ACF3EED6299634B7F343E2ABE7403369964D5618215DA74B2E9839929506781B72191A6C0D858E83A105CBD624491F099C1B4F347113D628A0FD4D5C449D47F6854B1239C0A56AC305E09AEC4210BD9E46BE217F5F493C8AA39B03457B0465D1395E31CC1E952CAC2A47FEA1EE544E64AB00F969B14D5A698365854D0C5C662A942445ACCF666B2E4831C01512A219899AA466C76EA35D000538AA3EE1ED7C02901251DE1546B603B604DBE0672F10FD9BCCB832194E343426DE67892DF641BC94B970DCC6402E501392B18C964D09D85DE1154C4B2F2C3363F8249C90466EB9F7083CEEFB302F82CBAF0F2258565B8352D037A2C2232C26B88C4274E750C4DE80971F012119393D112A835554484B6A41A42F5F93F47856C1B3424EAD83A4782585DED70C88A261E0FE56CE80654E24F3822620F182214B8D849620F10A9AAAA1BC62CF20D03A564341446382D320C8D72B4C818D8587D73F806A2915F69E4C56316F5B38BFB51436B68824254DA48DF98E23213949588FA158E422C3D0BA436404A8988032DC6A1966E32E1822B14B99AFFCE52915C59E0E5621028B008155083A94DB94230EAE0C0A06A243AD015C146B7E135DFF23680432F524AE42836B906D2EEA6506AC968766DC6FBB66E0A359254F8C3545E24EA0D87D996833607B5FBA110857493D1C9DA5627BBC41B26658B59F1C4BDFCB09849DEC22FAEC06EE7475BEA6D7CF9C559170FE3576FD6F6EFC4C382C66CD3902EEBBB939E509C802D644A338178F0C24F52740E10B8079997BCF242AE1AE7FB4BFCC5AA3B917BCFCF5CE54956ADB2DF454BE3B7EB82ED5349ED028F376B950F1D4A2C28DFDCC9321780002482BB40AB38D887913C5C256FDD0C02D074D4E10139452A004A9353C445E5B4EA236C9A94FC605B2125EA4579435AD4779EDA62C6CC19B7C5E5B0C2A82F0B400B78F60ECCD6901C0B8CF45B617EC28BEFB6D48ADB3F3CB5E2BB356FE5655B017765892D45F2B09727498AA654673AC243D353457E26531CDA39E94D79A8F88ABD02A91A8F3789ECF34D314D5B95601F658AA9CAD476228828B6962DF15145CEECC1216D398C796D3C536BE8325D604EAF7C7A46532A3FD91841F28EAC6900C9670B3CE62FC31A28CCBF985320EF566822E4E318667822AD50EC0F5B6A45150CB6D70A69CB61B48257075B3DE80B3590D727D8529FEE240AE5D86994D0DDB176749813ECA63A280FB755345F998635E2493DFA26F559491BE744D17AA8FD26F39A448206990E4EE53590404F7F6E43753CD5C26F9036EDD78BD7511378128D9291A78F8B88B15548EF2432C644C01665344A9F32920B4F15555C078BEAC9F7B2D0D4FA054B223CCE2A1CAFFF1DAC023FF3F548058C08FF01A6A87894E39E9ECC4F995C938793F77196A65E2088E6C9923F36E76C8467707E2659ED7BA11E9EB2FAC27C1A9791079F97EEEF79C333E7F21F7774DB23E726C1137EE69C38FFE99E97D19403D2B053F775ACCDAEF7AA5DA7CEF93490F799E7A1A4629BFFEFEB802A9F652F7A02C9E61124DC5BB7CE49F4FAA5DC7CBEFE10C44037C3324A4C8A3C219B45DA819A7CDB8C78A39B01FE01A5290B754B0B06DAE4666BA149FDA7421B782110E9C15F42F0FCD79E329A0941FBBEAFC912C69B5EADCD13645D128BCFDE3435922A0989E67944BAE64C129BA879A794485EFEBB5BBE168985B797E304A6D33A05D1D7A10C5A2D98B7983E1358B02BAA7D969EBEF5CBD128581B57A5E1A4E413D847861D7355A01A7772230E5921A5D1A857AB9492D429ED50699F72A48510FBCDF131CCB22F48EBD1AF447BC98DD14B1A8CEA81C114792FC64B7121BD30F535E5B4E8E1F1DB9498505E8218F08D9B35420EE0555BAB1C14BDE1638A0C135360E215A2C1227F440F70202FBA26480E312E20E437700E1211AD323F744DF230E5E221BF0B32BD47F15AF335F4919FC1025AFDE76218319BC7579E67A187B5620A244CB356D84162F2B5C23A4342E79408637B918A7B3083A53CB0F0200F22C301FF188A9D3D79FA026DF682E2E6CAD2F5EEB3B869112D6991DF4091DE40DE8341AE80DA9C71F4E942511FF69911548911443D94853F01047F037C465AB6176252B95E4889A897168915747915C4E2B24FBCA0CCBB2094D8E16465103CC054BEE3146915FF706F80040243E55B903CEC3D4C21F49945A1FDC00D3073781912DA0C9731888DF72ADD073C74F203D11BF30381F5D0590D64590C94C3B710DBE1E52B6803EF61073C502A0261EE81C18D9645A201FEFA347685F7B875581CB02D0A3C12120B4C33829B86134CEA5C460F71E58F331C555598A3C12B8880873DE40F09F21FC006E1E20DC49A9B65FCFF15047B98DDECB987DE6574B347BB3DC24386E17DD0F0DB329F5ED57F9E4DA1C9F3E266973FEBE86308984D3FBBC27313FDB8F7038FF07D2138BE9490C8360BE5796B3697283B77DDBE104AD7716448A8141FD9E3DCC270176062E94DB4064FB00D6F5F52F80BDC82CD4B750B5E4E443F114DB12FCE7DB04D40989634EAF6F85F8C612F7CFEFE0F2ED006339E820000, N'6.4.0')
GO
INSERT [dbo].[__MigrationHistory] ([MigrationId], [ContextKey], [Model], [ProductVersion]) VALUES (N'201912121533147_AddedRegistrationNumberColumnForStudent', N'University_Management.Migrations.Project_DbContext.Configuration', 0x1F8B0800000000000400ED5DDB6E1CB9117D0F907F68F45312C81A8D0CC38930B30BEFC85A08BB920C8DBCC89B404D53A34EFA32E9E62812827C591EF249F985B06F6C36EFECEBC830FC326A92C562F154B15824CBFFFBCF7F173FBE8481F30C93D48FA3A53B3F3E711D186D62CF8FB64B778F1EDFFDD9FDF187DFFF6EF1D90B5F9CDFAA7AEFB37AB865942EDD27847667B359BA798221488F437F93C469FC888E377138035E3C3B3D39F9CB6C3E9F414CC2C5B41C6771BB8F901FC2FC0FFCE72A8E367087F620B88A3D18A4E5775CB2CEA93AD72084E90E6CE0D2FD1AF939BBE8F5FE0A44600B4318A1E3A29DEB7C0A7C80795AC3E0D1754014C50820CCF1D9D714AE511247DBF50E7F00C1DDEB0EE27A8F2048613992B3BABAE9A04E4EB341CDEA8615A9CD3E4571684970FEBE94D28C6DDE4AD62E912296E3672C6FF49A8D3A97E5D25DC5FB24859FD2D4DF62F26C8767AB20C92AABC57D4C133972EAAAEFEAAA470434185BD9BF2367B50FD03E81CB08EE51028223E7CBFE21F037BFC0D7BBF8EF305A46FB20A099C7ECE3B2C607FCE94B12EF60825E6FE16339A44BCF7566CD7633B6216946B529067A19A1F7A7AE738D3B070F0124D8A084B24671027F86114C0082DE1780104CA28C06CCA5CBF5CEF4750E7720419950F4BDAA29DD418011907425534C5F572A9769010048E8FC14C70104919ED23578F6B7B96C859CB9CE2D0CF2E2F4C9DF155A5D62EE9E861ED6FB8B240E6FE380346D96DFDF81640B11E62F56545AE3BF36164CD6F32964B42E96332BABC3312CAD68CB74091D21C765999C5D61058E57712D11A38B596D970CAC55473BF5DD4299198415165AD5275E34B127E03A57E0E557186DD1D3D2FD8097FE0BFF057AD587920D2C5CEC37E03628D9C396B628FB3D51D7AB047A3EAA3A3F8FF18CB725750E11F0336F443A90F9C989D950C65A51D630F453D46249D198706244FAB2E49519515AF2CA220D65C9D536DCC07ADBDBED6A82840C568522F6D8328E39AE42274B4D8BB2A5B5AE494C6FB19B1A666BBB6DF473083F53634EF1CF21EC69DDBF6625F9D84BEF1D2C5027178DB5445A5FCE8E6F438E75A648CBA53D7F6BB4CF90A865B0AE27E4B02A56B148EAD8F258FAA05A1EEB7A421EAB62158FA48E884763BB598EB4B5D12CDB4F6F310FDDC72D05A5318D1F07F1343F87D82F54F47AFAE1C3300E6E84C0065DC72A8F743EC85280A788B8D4F8F79D1FDA13F9E479094C55EEF407436FDAB2E35BB8C59E5192C3EE7A1F3E64DED7748B697FAEB9B9BB6B6AC2150E2F67E65B994712B668691ECBF6DFCDA30E6F1ABB381F46D3F42A6EBC63B6EC194E6A92EF953679A0704723D0D12E5C700E33D736075CD7C8C310064EEFF9B70C75B26EA03A20DABF3D36755715F6987369CDB924732E6193944BF8E4CB058C0A2A750C48506CB78E48101ADF57100BDB304E38B7ED26B0055CF96DA002D3EDF68124CED776235812981EA8744CD916B0E6F1E81E7786659F13A35615FEB10AF4B2609546824D808AD7B678E3E7FC34F86456D0E6183F479E6312CB2F445D9F096079634CFA3B8C42CC0A76FE38E96928936585A55C5D7868D2FF13471FA31826196C40805DB56C13E8478887BC1F6DFC1D080C06C9B435B4ECD97C905ED812BCA8C328C3B681244CBAAFAF03F04C90BE183DD6C96931A380A3C69334182B9B797D64B69E7DDAC532C796FE787E547CE9066C32C9AA030D2BB4E964D3073353A0CE026F43224D81B1B1D07520B87AC38822E1338369E78F437AC4141FA8AB89939387A151C58E702A58B1C27823B812872C6493AF895FD4D34F22ABE6C0D25C031B754D548E7304A74B290B93FEA9BB9C13992BC13E586E52549B62DA605141171B8BA50A116931DB9BC9920F720444A9846066AA1AB1D9A9D740034C298EDB7B5C03A70494748453AD81ED8035F91AC8C53F64F32E0F86508E0F09B599E3497E9B6E242F5D363093099407E4AC6024934177167A475011CBCA0FDBFC0826251398ADBFC10D3A7FC80AE08BE8D2CDD71496E1D6B40CE8B188C808AF21129F38D53134A127C4C14B444C4E464BA0D6541111DA926A08D5E7FF1C15B26DD090A863EB1C096275B5C3212B9A783C94B3A11B50893FE188883D608850E06227893D40A4AAAA6E39B3C8370C9492D15018E1B4C83034CAD122636063F5CDE11B88467EAD92178F59D4CF2EEE470DADA1090A5169237D638ACB4C505622EA57380AB1F42C90DA002925220EB418875ABAC9840BAE50E46AFE3B4B45726581978B41A0C02254400DA636E50AC1A8830383AA91E84057041BDD86D77CCBDB000EBD482991A3D8E41A48BB9B42A925A3D9B519EFDBBA29D44852E10F537991A8371C665B0EDA1CD4EE874214D24D46276B5B9DEC126F98942D66C533FBF2C36226798FBFB802BB9D1F6DA9F7F9E517675D3CCE5FBD5BDBBF550F0B1AB34D43BAACEF4E7A427102B69029CD04E2C10B3F49D13940E001645EF2CA0BB96A9CEF2FF117ABEE44EE3D3F73952759B5CA7E172D8DDFCF0BB64F25B50B3CDEAC553E7428B1A07C7327CB9E00029008EE02ADE2601F46F27095BC75330840D3518707E414A900284D4E111795D3AA8FB06952F2836D8594A857ED0D6951DF796A8B193367DC1697C30AA3BE2C002DE0D93B305B43722C30D2EF95F9092FBEDB522B6EFFF0D48AEFD6BC95976D05DC9525B614C9E3629E24299A529DE9080F4D4F15F9994C7168E7A437E5A1E22BF60AA46A3CDE24B24F48C5346D55827D182AA62A53DB8920A2D85AB6C4471539B30787B4E530E6B5F154AEA1CB748139BDF2F91B4DA9FC646304C95BB6A601249F2DF098BF4E6BA030FF624E81BC5BA189908FE674442FCD6892A2F2318CFC443AA7D87DB6D4B92AD46CAF73D296C3E81CAF6CB65AD6172621AFADB0A5B6DE4BD4D5B1D357A13365ED4631E7E34D75501E9DAB68BE310D6B44AB7AF47CEA939836AE8FA2F550BB59E6AD8A040D321D9CCA272161A4FE9C92EAF0AB8557226DDAEF1E41474DE0A7344A469E3E2EDEC65621BD93B81B135F5B94B12E7D524C2EF85554711D2CAA67DFCB025FEB572C89F038AB70BCFE47B00AFCCC9324153022FC4798A2E2C98F7B7A323F65B2691E4E66CB599A7A812056284B6FD99CB3111ED9F99964B5AF917A7828EB0B33865C461E7C59BAFFCA1B9E39977FBDA7DB1E3937099EF033E7C4F977F7CC93A61C90869DBAAF237976BD57ED3A75CE27BA7CC83C0F2515DB0C87DF0654F93C82D13348364F20E15ED2754E13D82FE5E6E3F8C72006BA1996516292000AD92C921AD4E4DBE6FC1BDD0CF0CF334D59A85B5A30D026FB5C0B4DEA3FD9DBC00B81480FFE1082973FF694B34D08DA8F7D4D96309AF5666D9E20AF94587CF6A6A991364A4834CF52D2352B94D844CD3B257DF2F2DFDDB2C1482CBCBD1CE5F99CFA529ED14CB275E2A46F43C9B4DA356F010B13B8B12BB57D6EA1BEF5D6D1286E1B17A8E1FCE413D8475E207355A01A77724F0E5921A551AE37AB9492842FED50699F28A58510FBCD4C328C3B214846D2AF447BC9E8D14BF28EEA59C414D93AC64BCC21BDE6F52D65E2E8E1C9DE9498505EDD18F0659E35420EE02D5EABCC19BDE1638ABC185360E20DA2C122EB450F7020EFD0264869312E20E4F7860E1211ADF255744D4D31E5E221BF6332BD47F156B34CF49155C2025AFD6790183107C9379E1DA287B5620A244CB356D84162F2B5C23AAF43E7440E637B918AFB3583256AB0F0200F222F03FF848B9D3D79D2056DCE85E246CCD2F51EB2B869112D69919541919441DE8396366DCE38FA74A1A80FFB7C0EAA740EA21ECAC29F0182FF047C1E5DB6176252B95E4889A89716E92074D920C4E2B24F17A1CC162194D8E1E492103C1B55BE3E156915FFDCB0D747C9C36689903C473E4C21F499FBA1FDC00D307378791DDA0C9731888D5736DD073C74CA06D1CBF80381F5D0B91864B91794C3B710DBE165596803EF61073C50020561C684C18D96457A04FE5A367685F7B875581CB02D0A3C12120B4C33829B86134CEA5C468F71E58F331C555598A3C12B8880873DE44F09F21FC106E1E20DC49A9BFD3F05BF81600FB31B430FD0BB8C6EF668B74778C8307C081A7E5BE6D3ABFACF734034795EDCECF2E7227D0C01B3E96757836EA29FF67EE011BE2F04C7971212D966A13C6FCDE632BBD603B7AF84D2751C19122AC547F6387730DC0598587A13ADC1336CC3DBD714FE0AB760F35ADDAE9713D14F4453EC8B731F6C1310A6258DBA3DFE1363D80B5F7EF83F4FF1907AD8830000, N'6.4.0')
GO
INSERT [dbo].[__MigrationHistory] ([MigrationId], [ContextKey], [Model], [ProductVersion]) VALUES (N'201912121537120_RenamingstudentTable', N'University_Management.Migrations.Project_DbContext.Configuration', 0x1F8B0800000000000400ED5DCD6EE4B811BE07C83B083A2581C7EDF6603089D1BD8BD9F63830766D0FDC9E456E06DDA2DB4AF4D391D8868D204F96431E695F61A93F8A12FF254A6A0F0673698B64B158FCAA582C9235BFFDEFFF8B1F5FC2C0798649EAC7D1D29D1F9FB80E8C36B1E747DBA5BB478FEFFEEAFEF8C31FFFB0F8EC852FCEAF55BDF7593DDC324A97EE1342BBB3D92CDD3CC110A4C7A1BF49E2347E44C79B389C012F9E9D9E9CFC6D369FCF2026E1625A8EB3B8DD47C80F61FE07FE7315471BB8437B105CC51E0CD2F23B2E59E7549D6B10C274073670E97E8DFC9C5DF47A7F0522B085218CD071D1CE753E053EC03CAD61F0E83A208A620410E6F8EC6B0AD72889A3ED7A873F80E0EE750771BD4710A4B01CC9595D5D775027A7D9A06675C38AD4669FA2383424387F5F4A69D66EDE49D62E912296E3672C6FF49A8D3A97E5D25DC5FB24859FD2D4DF62F2ED0ECF56419255968BFB982672E4D455DFD5558F086830B6B27F47CE6A1FA07D029711DCA3040447CE97FD43E06F7E86AF77F1BF60B48CF64140338FD9C7658D0FF8D39724DEC104BDDEC2C77248979EEBCC9AED66ED86A419D5A618E86584DE9FBACE35EE1C3C0490608312CA1AC509FC3B8C600210F4BE008460126534602E5DA6F7565FE7700712940945DDAB9CD21D041801495F32C5F4F5A5729916008084CE4F711C4010A9295D83677F9BCB96CB99EBDCC2202F4E9FFC5DA1D525E6EE69E861BDBF48E2F0360E48D366F9FD1D48B61061FE6249A535FE6B63C0643D9F5C46EB6231B3A23A0CC3C28AA64C97D0E1725C9689D9E5566078E5D7E231BA98D57649C35AF5B453DF2D949E415861A1557DE245137B02AE73055E7E81D1163D2DDD0F78E9BFF05FA0577D28D9C0C2C57E036E83923DEC688BB2DF1375BD4AA0E7A3AAF3F318CF785752E710013FF3468403999F9CE80D65AC15650D433F451D961485092746C49625AFCC88D492571669284B2EB7E11AD6DBDC6E5713C465B02AE4B1D72E6398632AF4B2D4B4283B5AEB9AC4F416BBA961A6B6DB443F87F03315E614FF1CC29ED6FD2B56928F567AEF61817AB9686D4BA4F4E5CCF8D6E458658A945C9AF3B746FB0C894A06EB7A5C0EAB62198BA48E298FA50FAAE4B1AEC7E5B12A96F148EAF078D4B69BE5483B1BCDB2FDF416F3D07DDC52500AD3F871104FF37388FD4249AFA71F3E0CE3E046086CD0752CF348E7832C05788A884B8D7FDFF9A139914F9E97C054E64E7FD0F4A60D3BBE855BEC192539ECAEF7E143E67D4DB798DA73CDF5DD5D5D132E71781933DFC93C92B04547F358B6FF6E1E557853D8C5F9309AA65671ED1DB361CF7052937C2FB5C903853B1A818E6EE1827398B9B639E0FA461E8630706ACFBF63A8B3ED06CA03A2F6EDB1AEBB2AB1C78C4BABCF259973019BA45CC0275BCE619453A967408262BB734482D0F8BE8218D88671C2B95D37811DE0CA6E032598EEB60F2471BEAE1BC192C0F440A563CAA680D58F475BDC19967D4E8C5A59F8C728D0DB06AB3012AC0354BCB6C51B3FE7A7C1676B056D8EF173E4393AB1FC42D4F599009637C6A4BFC328C4AC60E78F919E82325956DA94AB0B0F4DFA7F61E86314C324830D08B0AB966D02FD08B190F7A38DBF0381C6205B6D352D7B361FA49776095ED46194615B43123ADDD7D7015826485F2D3D56C96931A38023C79330182B9A797564B69E7DDAC5D2C796FA787E547CA906AC33C9B2030D23B4A96463839929506780B7219126C1D858E83A105CBD614491F099C6B4B3C7211631C506EA6AE2E4E4616854B5473815ACDAC27823B8E2872C4493AF885FD4D34F22ABFAC0525C031B754D948E7304A74B2A0B9DFEA9BB9C13992BCE3E586C52649B62DA60514117138B250B1129316BCD6489073902A26442D033558DD8ECD46BA006A624C7ED16D7C02901251CE1546B6037604DBE0632F10FD1BC8B832194E343426DFA7812DFA61BC94B170D4C6702C5013923188964D09F05EB082A6259F9619B1FC1A46402B3F54FB841E70F59017CE15DBAF99AC232DC9A9601BD362232C26B88F8274E750C8DEB0931F0E21113935112A835954784B6A40A42F5F93F43856C1B1424EAD83A4382585DE570C88AC61F0FE56CA80654E28F3B22620F5A442870B527A97D80485595DD726E235F33504A46436184D122CDD028438B8CA11DAB6F0E5F4334E26B95AC78F4A27E66713F6A680D4D90884A19E91B535C7A823212915DE148C4625920B501924A841F68D10EB5F49309135CA1C8D5FCF7968AE0CA022B178D408141A8801A4C6DCA2582910707065523DE812E0F36AA0DAFFE96B7011C7A91922247B2C9D590763F85924B46B16BD3DEB7F553A891A4C21EA6B222916F38F4B61CB439A8DD0F8928849B8C5ED6B63AD925DE30295BCC8A67F6E587C54CF01E7F7105763B3FDA52EFF3CB2FCEBA789CBF7AB7367FAB1E1634669B8674DBBE3BE909C509D8C2566926100F5EF8498ACE01020F20F392575EC854637C7F81BF5875C773EFD999AB3CC9AA55F6BB68A9FD7E9EB37D2AA95DE0F166ADF2A1438105659B3B59F6041080847317681507FB301287ABC4AD9B41009A8E3C3C20A6480540697292B8A898567D844D93121F6C4BA444BD6A6F488BFACE525BCC5A73C66C7119ACB4D4B70D4003785A076667488E0546FABD323BE1C577536AC5ED1F965AF1DD98B7F2B22D87BBB2C49422795CCC92244553AA331DE1A1E9C9223F93290EED9C58531E2ABE62AE40B2C6E34D62FB09299FA6A94AB41F86F2A98AD476228848B6961DF15145CECCC1216C398C796D3C956BE8325DA04FAF7CFE46532A3F991841F296AD6900C967033CE6AFD31A28CCBFE85320EF566822E4A33E1DDE4B339A24AF7C0C233F91CE49769F1D75AE0A359BEB9CB0E5303AC72A9BA996D9C22464B51576D4D67B81BA3A66FACA75A68CDDA8D6F978531DA447E7329A6F4CC31AD12A8B9E4F7D12D3C5F591B41E6A37DB7AAB2240834807A7F2494818C99E53521D7E75F04A844DEDEE1154D4387E4AA364E4E963E26DED2AA47712776BC5D71665AC4B9D1493097E15555C078BEAD9F7B2C0D7FA154B223CCE2A1CAFFF1DAC023FF32449058C08FF11A6A878F2E39E9ECC4F5BD9340F27B3E52C4DBD80132B14A5B76CCED9088FECFC4CB2CAD748161ECAFADC8C219791075F96EE7FF28667CEE53FEEE9B647CE4D8227FCCC3971FEDB3FF3A42E07A461AFEEEB489E59EF55BB5E9DB3892E1F32CF434AC534C3E1B70155368F60F40C92CD1348989774BDD304DAA5DC7C1CFF18C44035C3224AAD24805C368BA40635F9AE39FF463703ECF34C5D16EA96060C74C93ED74193EC277B1B7821E0E9C19F42F0F2674B39DBB8A0FD686BB2B8D1AC376BF33879A5F8E233374D8DB4515CA2799692BE59A1F8266ADE2BE99397FFEE970D4660E1CDE528CEE7644B794633C9C68993BE0D25536AD7BC032C74E0D65EA9CD730BD9D65B47A1B85D5CA086F3934FA08DBC40FAAA4035EEE59E1CB2420AA35C6F562905095FBAA1D23C514A0721DACD4C328C3BC149466257A256327A5849DE513D8B98225BC778893984D7BCBEA54C1C169EEC4D8909E9D58D015FE61923E400DEE275CA9C610D1F53E4C59802136F100D06592F2CC081BC439B20A5C5B88010DF1B3A484474CA57D13735C5948B87F88EC9F41EC55BCD326123AB8401B4EC6790183107C9379E1DC2C25A310512A6592BCC2031F95A619CD7A1772287B1BD48C9FD9AC11235187890079197817DC2D59E3D71D20565CE85E246CCD2F51EB2B869112DE9909541929441DC8392366DCE18FA7421AF0FF37C0EB2740EBC1E0C733DC8523DF0C877C803A14A03C19793799E08699A08AEA80E278904E7BDA8F4D9294F9DD87786565F230F9B1E42F00EF930856033E943F7816B60E6F0123A74196ECB12369ED7F41FF0D0B91A784FE20F04D643276110255D900EDF406C87975EA10BBC871DF0409913B8A91206375A067911D8FBD8D807DEE3D66171B2B628F048482C30CD086E1ADE2FA973193DC69523DEE2A8AAD23A13BC820878D835FE9420FF116C102EDE40ACB9D97F50F02B08F630BB2AF400BDCBE8668F767B84870CC387A0F11F1F64CEBCACFF3CF94393E7C5CD2E7F27626308984D3FBB137413FDB4F7038FF07DC139B71490C87609E5416B3697D97D1EB87D2594AEE3489350293EB2B9B983E12EC0C4D29B680D9E6117DEBEA6F017B8059BD7EA5ABD98887A229A625F9CFB609B80302D69D4EDF19F18C35EF8F2C3EF6B5FC997D1830000, N'6.4.0')
GO
INSERT [dbo].[__MigrationHistory] ([MigrationId], [ContextKey], [Model], [ProductVersion]) VALUES (N'201912130324190_someUpdateTable', N'University_Management.Migrations.Project_DbContext.Configuration', 0x1F8B0800000000000400ED5DCD6EE4B811BE07C83B083A2581C7EDF6603089D1BD8BD9F63830766D0FDC9E456E06DDA2DB4AF4D391D8868D204F96431E695F61A93F8A12FF254A6A0F0673698B64B158FCAA582C9235BFFDEFFF8B1F5FC2C0798649EAC7D1D29D1F9FB80E8C36B1E747DBA5BB478FEFFEEAFEF8C31FFFB0F8EC852FCEAF55BDF7593DDC324A97EE1342BBB3D92CDD3CC110A4C7A1BF49E2347E44C79B389C012F9E9D9E9CFC6D369FCF2026E1625A8EB3B8DD47C80F61FE07FE7315471BB8437B105CC51E0CD2F23B2E59E7549D6B10C274073670E97E8DFC9C5DF47A7F0522B085218CD071D1CE753E053EC03CAD61F0E83A208A620410E6F8EC6B0AD72889A3ED7A873F80E0EE750771BD4710A4B01CC9595D5D775027A7D9A06675C38AD4669FA2383424387F5F4A69D66EDE49D62E912296E3672C6FF49A8D3A97E5D25DC5FB24859FD2D4DF62F2ED0ECF56419255968BFB982672E4D455DFD5558F086830B6B27F47CE6A1FA07D029711DCA3040447CE97FD43E06F7E86AF77F1BF60B48CF64140338FD9C7658D0FF8D39724DEC104BDDEC2C77248979EEBCC9AED66ED86A419D5A618E86584DE9FBACE35EE1C3C0490608312CA1AC509FC3B8C600210F4BE008460126534602E5DA6F7565FE7700712940945DDAB9CD21D041801495F32C5F4F5A5729916008084CE4F711C4010A9295D83677F9BCB96CB99EBDCC2202F4E9FFC5DA1D525E6EE69E861BDBF48E2F0360E48D366F9FD1D48B61061FE6249A535FE6B63C0643D9F5C46EB6231B3A23A0CC3C28AA64C97D0E1725C9689D9E5566078E5D7E231BA98D57649C35AF5B453DF2D949E415861A1557DE245137B02AE73055E7E81D1163D2DDD0F78E9BFF05FA0577D28D9C0C2C57E036E83923DEC688BB2DF1375BD4AA0E7A3AAF3F318CF785752E710013FF3468403999F9CE80D65AC15650D433F451D961485092746C49625AFCC88D492571669284B2EB7E11AD6DBDC6E5713C465B02AE4B1D72E6398632AF4B2D4B4283B5AEB9AC4F416BBA961A6B6DB443F87F03315E614FF1CC29ED6FD2B56928F567AEF61817AB9686D4BA4F4E5CCF8D6E458658A945C9AF3B746FB0C894A06EB7A5C0EAB62198BA48E298FA50FAAE4B1AEC7E5B12A96F148EAF078D4B69BE5483B1BCDB2FDF416F3D07DDC52500AD3F871104FF37388FD4249AFA71F3E0CE3E046086CD0752CF348E7832C05788A884B8D7FDFF9A139914F9E97C054E64E7FD0F4A60D3BBE855BEC192539ECAEF7E143E67D4DB798DA73CDF5DD5D5D132E71781933DFC93C92B04547F358B6FF6E1E557853D8C5F9309AA65671ED1DB361CF7052937C2FB5C903853B1A818E6EE1827398B9B639E0FA461E8630706ACFBF63A8B3ED06CA03A2F6EDB1AEBB2AB1C78C4BABCF259973019BA45CC0275BCE619453A967408262BB734482D0F8BE8218D88671C2B95D37811DE0CA6E032598EEB60F2471BEAE1BC192C0F440A563CAA680D58F475BDC19967D4E8C5A59F8C728D0DB06AB3012AC0354BCB6C51B3FE7A7C1676B056D8EF173E4393AB1FC42D4F599009637C6A4BFC328C4AC60E78F919E82325956DA94AB0B0F4DFA7F61E86314C324830D08B0AB966D02FD08B190F7A38DBF0381C6205B6D352D7B361FA49776095ED46194615B43123ADDD7D7015826485F2D3D56C96931A38023C79330182B9A797564B69E7DDAC5D2C796FA787E547CA906AC33C9B2030D23B4A96463839929506780B7219126C1D858E83A105CBD614491F099C6B4B3C7211631C506EA6AE2E4E4616854B5473815ACDAC27823B8E2872C4493AF885FD4D34F22ABFAC0525C031B754D948E7304A74B2A0B9DFEA9BB9C13992BCE3E586C52649B62DA60514117138B250B1129316BCD6489073902A26442D033558DD8ECD46BA006A624C7ED16D7C02901251CE1546B6037604DBE0632F10FD1BC8B832194E343426DFA7812DFA61BC94B170D4C6702C5013923188964D09F05EB082A6259F9619B1FC1A46402B3F54FB841E70F59017CE15DBAF99AC232DC9A9601BD362232C26B88F8274E750C8DEB0931F0E21113935112A835954784B6A40A42F5F93F43856C1B1424EAD83A4382585DE570C88AC61F0FE56CA80654E28F3B22620F5A442870B527A97D80485595DD726E235F33504A46436184D122CDD028438B8CA11DAB6F0E5F4334E26B95AC78F4A27E66713F6A680D4D90884A19E91B535C7A823212915DE148C4625920B501924A841F68D10EB5F49309135CA1C8D5FCF7968AE0CA022B178D408141A8801A4C6DCA2582910707065523DE812E0F36AA0DAFFE96B7011C7A91922247B2C9D590763F85924B46B16BD3DEB7F553A891A4C21EA6B222916F38F4B61CB439A8DD0F8928849B8C5ED6B63AD925DE30295BCC8A67F6E587C54CF01E7F7105763B3FDA52EFF3CB2FCEBA789CBF7AB7367FAB1E1634669B8674DBBE3BE909C509D8C2566926100F5EF8498ACE01020F20F392575EC854637C7F81BF5875C773EFD999AB3CC9AA55F6BB68A9FD7E9EB37D2AA95DE0F166ADF2A1438105659B3B59F6041080847317681507FB301287ABC4AD9B41009A8E3C3C20A6480540697292B8A898567D844D93121F6C4BA444BD6A6F488BFACE525BCC5A73C66C7119ACB4D4B70D4003785A076667488E0546FABD323BE1C577536AC5ED1F965AF1DD98B7F2B22D87BBB2C49422795CCC92244553AA331DE1A1E9C9223F93290EED9C58531E2ABE62AE40B2C6E34D62FB09299FA6A94AB41F86F2A98AD476228848B6961DF15145CECCC1216C398C796D3C956BE8325DA04FAF7CFE46532A3F991841F296AD6900C967033CE6AFD31A28CCBFE85320EF566822E4A33E1DDE4B339A24AF7C0C233F91CE49769F1D75AE0A359BEB9CB0E5303AC72A9BA996D9C22464B51576D4D67B81BA3A66FACA75A68CDDA8D6F978531DA447E7329A6F4CC31AD12A8B9E4F7D12D3C5F591B41E6A37DB7AAB2240834807A7F2494818C99E53521D7E75F04A844DEDEE1154D4387E4AA364E4E963E26DED2AA47712776BC5D71665AC4B9D1493097E15555C078BEAD9F7B2C0D7FA154B223CCE2A1CAFFF1DAC023FF32449058C08FF11A6A878F2E39E9ECC4F5BD9340F27B3E52C4DBD80132B14A5B76CCED9088FECFC4CB2CAD748161ECAFADC8C219791075F96EE7FF28667CEE53FEEE9B647CE4D8227FCCC3971FEDB3FF3A42E07A461AFEEEB489E59EF55BB5E9DB3892E1F32CF434AC534C3E1B70155368F60F40C92CD1348989774BDD304DAA5DC7C1CFF18C44035C3224AAD24805C368BA40635F9AE39FF463703ECF34C5D16EA96060C74C93ED74193EC277B1B7821E0E9C19F42F0F2674B39DBB8A0FD686BB2B8D1AC376BF33879A5F8E233374D8DB4515CA2799692BE59A1F8266ADE2BE99397FFEE970D4660E1CDE528CEE7644B794633C9C68993BE0D25536AD7BC032C74E0D65EA9CD730BD9D65B47A1B85D5CA086F3934FA08DBC40FAAA4035EEE59E1CB2420AA35C6F562905095FBAA1D23C514A0721DACD4C328C3BC149466257A256327A5849DE513D8B98225BC778893984D7BCBEA54C1C169EEC4D8909E9D58D015FE61923E400DEE275CA9C610D1F53E4C59802136F100D06592F2CC081BC439B20A5C5B88010DF1B3A484474CA57D13735C5948B87F88EC9F41EC55BCD326123AB8401B4EC6790183107C9379E1DC2C25A310512A6592BCC2031F95A619CD7A1772287B1BD48C9FD9AC11235187890079197817DC2D59E3D71D20565CE85E246CCD2F51EB2B869112DE9909541929441DC8392366DCE18FA7421AF0FF37C0EB2740EBC1E0C733DC8523DF0C877C803A14A03C19793799E08699A08AEA80E278904E7BDA8F4D9294F9DD87786565F230F9B1E42F00EF930856033E943F7816B60E6F0123A74196ECB12369ED7F41FF0D0B91A784FE20F04D643276110255D900EDF406C87975EA10BBC871DF0409913B8A91206375A067911D8FBD8D807DEE3D66171B2B628F048482C30CD086E1ADE2FA973193DC69523DEE2A8AAD23A13BC820878D835FE9420FF116C102EDE40ACB9D97F50F02B08F630BB2AF400BDCBE8668F767B84870CC387A0F11F1F64CEBCACFF3CF94393E7C5CD2E7F27626308984D3FBB137413FDB4F7038FF07DC139B71490C87609E5416B3697D97D1EB87D2594AEE3489350293EB2B9B983E12EC0C4D29B680D9E6117DEBEA6F017B8059BD7EA5ABD98887A229A625F9CFB609B80302D69D4EDF19F18C35EF8F2C3EF6B5FC997D1830000, N'6.4.0')
GO
INSERT [dbo].[__MigrationHistory] ([MigrationId], [ContextKey], [Model], [ProductVersion]) VALUES (N'201912130510561_addedStudentIdNullableForeignKeyToCourseAssign', N'University_Management.Migrations.Project_DbContext.Configuration', 0x1F8B0800000000000400ED5DDB6EE4B8117D0F907F10F494041EB7DB83C12446F72E66DBE3C0D8B53D707B167933E816DD56A24B47621B36827C591EF249FB0B4BDD288A77EADA1E0CE6A52D91C562F1B0582C91677EFBDFFF173FBE8481F30C93D48FA3A53B3F3E711D186D62CF8FB64B778F1EDFFDD5FDF1873FFE61F1D90B5F9C5FAB72EFB372B866942EDD27847667B359BA798221488F437F93C469FC888E377138035E3C3B3D39F9DB6C3E9F412CC2C5B21C6771BB8F901FC2FC0FFCE72A8E367087F620B88A3D18A4E573FC669D4B75AE4108D31DD8C0A5FB35F27375D1EBFD1588C016863042C7453DD7F914F800EBB486C1A3EB80288A114058E3B3AF295CA3248EB6EB1D7E0082BBD71DC4E51E4190C2B227677571D34E9D9C669D9AD5152B519B7D8AE2D052E0FC7D69A5195BBD95AD5D62456CC7CFD8DEE835EB756ECBA5BB8AF7490A3FA5A9BFC5E2D906CF56419215569BFB981672E4D445DFD5458F086830B6B27F47CE6A1FA07D029711DCA3040447CE97FD43E06F7E86AF77F1BF60B48CF641402B8FD5C7EF1A0FF0A32F49BC83097ABD858F65972E3DD79935EBCDD88AA41A55A7E8E86584DE9FBACE356E1C3C0490608332CA1AC509FC3B8C600210F4BE008460126532606E5DAE75A6AD73B80309CA8CA26F552DE90E028C80A4AB9862F8BA4AB94C0B004022E7A7380E2088AC25ADD1DE135987A9750D9EFD6D3E22C2FEB8CE2D0CF2D7E993BF2B7C4189D47B1AB0D85B5C2471781B07A46AF3FDFD1D48B61061656245A135FE6BC3774DAA648D02A1A2F56BB9B2B2329CC2D282B64A9723A3306D21F99E14644DDB7C4F14689A96295475C754CB725A08B52CDFC98D2A2CC059545C4A64CEC5ACF6B9069EB8A30FFEEE7DCD9CDD0A1BAD6A13070438CA719D2BF0F20B8CB6E869E97EC061CD85FF02BDEA41A906362E8E89701D94EC614B3F9BFD9EA8E955023D1F558D9FC778C4DB8A3A8708F859A425EDC8FCE4C4AC2B63AD966B18FA296AB15C6A161AE244FA5A6FC44E51E291865A6FD42B8DC11AD36275290748A860F552A41EFB8E538E2BD0C953D3A66CE9AD6B11D37BECE60CB3F5DD36F37388185AE34EF1CF21FC69DDBE6625F9D84BEB1D3C50A74092F544DA88D34E6F438D75AE48ABA5BD7E65E8A955B02E27D4B07AAD5291946919E66A75ACCB0975AC5EAB742465443A1AFB4DB22968E934CBFAD37BCC438F714B43695CE3C74122CDCF218E0B15AD9E7EF8304C801B21B041D7B12A229D0FB214E021222135FE7DE787F6423E795E02535538FDC1309AB66CF8166E716494E4B0BBDE870F59F435DD62DA5F686E1EEE9ABA7045C0CBB9F956EE91A42D5ABAC7B2FE77F7A8C39BC62FCE879969FA296EBC63B66C194EEA92EF953E79A0744723D1D12E5D700EB3D036075CD7CCC3100E4E1FF9B74C75B261A03A21DABF3F360D5715FE980B69CDB524632E5193BC97E8C9BF17282A28D4312141A9DD3A2341647C5F412C7CC338E9DCB69BC01670E5B7810A4CB7DB07923C5FDB8D6029607AA0D239655BC09AE7A37BDC19966D4E8C5A55FAC72AD1CB82559A0936012A5EDBE28D9FEBD3D09359419B7DFC1C798E492EBF3075FD4D00DB1B63D2DF6114625570F0C7594F23992C2BACE4EA304753FE5F38F918C530C96003021CAA659B403F423CE4FD68E3EF4060D049A6AEA167CFC683B4C2BEC18B3A8C326C1B58C2A4F9FAA803AF04698B99C73A3B2D661470D4789226636523AFCFCCD6A34F8758E6D8D21F2218155FBA0E9B0CB2EA838615DA74B6E9439929506781B72191A6C0D858E83A105CBD614491F499C1B0F39F437AC4149FA8AB85932F0F43A38AEDE154B0628DF14670254E59C8065F93BFA8879F6456CD81A5390636EA9AA8ECE7084197D21626ED53E754277257827DB0DCA5A836C5B4C3A2922E361E4B9522D262B6379725EFE408885219C1CC553572B353AF810698527C6EEF710D9C1250D21E4EB506B603D6E46B2097FF908DBB3C1942053E24D5668E27F969BA91A27459C74C06509E90B38291CC06DD55180141C293F8EADC92EC587EDB384723DF3C443F393EE6B1DA2173255664B4CC95D8CE46A8AA2FC58C00AA22419A7FC1F52398943A60ADFE0937E8FC217B015F4427B9BEA6B0CCE1A7659698054626780D91F833669D9815C28E439948985C8C5640EDFE4542E8E55923A83E54C2492140D788A83FD87022C852AEED0E0993C4FDA122585D874AA726EC115964182114B8D84162BF4A53455547E759E41B66DF496F288C70B3C830DFCEC9227D603F0035BB6F601AF9595DDE3C66A964BB6432D5B5C64C50984A9B3E1ED35C6686B23251BFC65198A56783D40E48691171F6CE387FD7CD265CC68E1257EBDFD92A927330BC5D0CB24F16F927AA33B52B5718469D711A741A894E098860A3CBA298E7511AC0A117292572149913036B779B506ACB685201C6C9806E136A24ABF05FE87993A877B166FB58DA1DD4E187C214D29DEB20DE567CE15916C8A8B663E61B32533760BE05EBE673ABA31464A740DE2D66056747F9603193907B2CAEC06EE7475B8AECA37CE2AC0BA68FD5BBB53DF14558C8986D1AC863F735A4251427600B99B799E53C78E127293A07083C806C07B1F242AE18B72F92C4D25573A2AD0F3F7C55945DD5CA7E17358DC938043BCB52DA05EE6F562BEF3A94C08AAFEE64542C200089E0F0DD2A0EF66124DF2CCB6B37B36EB41C753E4E2E91FAE2408B537C8890CBAACF8CD0A2E427491456A228321AD6A29E9B4BA33202B43045A2209B86CCF873A9040E778C2B60C16C01F5DE41DE1ADE63019B261BE0C1533CB795561CDDE3A515CFAD752B4FCA0BB42BDFD84A24CC00BC48F26A4AD740A7671BF34691B69D6CE2D041606F9387CA63D94F2055E5F10691BDFF2D96693B25D85BDD62A9B2693B1144145BF896F890C4A806E090D61CC6BD36EEB90AD640DBF12FEFAED292CA47364E905C446D3A40F2D8028FF9D5D2060AF327E612C8A5335A0879682E47744D9416297A3F86939F68CE2976F92DE75C95D2B79F73D29AC3CC397EB2D9CEB2BE3009F9D90A5BCED67BC97475ECE6AB3098B20EA398C32DCDE9A03CF7A292F9C66658232BD863E4537FF16A13FA286A0FB533662E9A49D0209B8353C524245DD75F50527D646C119548ABF6BB47D04913C4298D37230F1F97BB638B90D6490E8FC9D52DCABC999EAD974BA415455C079BEAD9F7B224DAFA155B223CCE0A1CAFFF1DAC023FCFA756053022FC4798A2E2BE9E7B7A323F65687E0F87727796A65E20C83BCA78779B6336C20D593FB3ACF62A610FB7DC7D21DDCF65E4C197A5FB9FBCE29973F98F7BBAEE917393E0013F734E9CFF76A7C435D58054ECD47C9D15B46BBDAAD7A9719E81F7218B3CBAB2EF9AF68154947582A77BB42547FD36260A9DFD2B9A899E41B27902097709B733C368BF929BBC1A8F410CECF1C5A402156A167C282AFC1CA813E26F761BCF2152D3428136C4952D6652FF3C91032F43A279F0A710BCFCB927BA4721683FF63558E283BB6FD5E70928E9C4E6B3774D0DC639A1D09CE0A82BA19CD845CD3BF1C579F9EF6E4452120F6F6F4739155C5F936734976CCDB9F66D4C32EDEC9AB7808509DCD895DA9E96ACEF79EB68266E9B10A811FCE403D807A598F954A02A770A4F0E79424A736C6F76524AB8A2DAA1D29E63A98511FB25351A269C10F018F56BD15EC8807AE1FDA92EBF4C41F433F6CDA86F9CC4A787DBBE536242797064C04BBDD60839806BBCAD48777AC3C714943A5360E20DA2C18230A707389073E913B0E18C0B08F9A9A58344442BAA9BAEAC36532E1EF2132ED347146F95A0A60F421A0B68F54F3E33227DD1374E2CD3C35A310512A6592BEC2031F95A614D09D3990366EC285271BA67308E178B08F26D51BA58C47C427A95C388176CE2B9B1E385432063E1EF26B2A328675AD112AD14C7B396AEF790A5D18BE4590B2A1605138BBC05AD6C7A75E3E4D32F456DD893B8A8385C442D5812BCA8F85D44E25B90BFE8B85FC476B227875172C3084D7538CC3182BBD5C697AAA5F7B27BB8653E1A278C847CE0308DD027D34BFB8E1B60E6F0585CDA7497F1848DBB5EDD3B3C34418B8807E340603D34F38A8C6945D97D0BB31D1EA74A1B780FDBE181E85284FC289339AD81C8502C1CCFA033D882E784BF138143FF3DAE1D16DF9717C534242216586604378DA09F94B98C1EE36AFBC168541561BE8C5F41043CBC23F89420FF116C107EBD81B8BBD9FFF0F32B08F6303B30F700BDCBE8668F767B84BB0CC387A0F13F07657B1855FB39994B53E7C5CD2EBFABD54717B09A7E7632EE26FA69EF071ED1FB42F0F55E2222DB1C95C70DB2B1CC4EB5C1ED2B91741D4786824AF3913DDD1D0C77011696DE446BF00CDBE8F63585BFC02DD8BC56575BE442F403D134FBE2DC07DB04846929A3AE8FFFC418F6C2971F7E075AE6E2D0EE8B0000, N'6.4.0')
GO
INSERT [dbo].[__MigrationHistory] ([MigrationId], [ContextKey], [Model], [ProductVersion]) VALUES (N'201912130512385_madeTeacherIdNullableForCourseColumn', N'University_Management.Migrations.Project_DbContext.Configuration', 0x1F8B0800000000000400ED5DDB6EE4B8117D0F907F10F494041EB7DB83C12446F72E66DBE3C0D8B53D707B167933E816DD56A24B47621B36827C591EF249FB0B4BDD288A77EADA1E0CE6A52D91C562F1B0582C91677EFBDFFF173FBE8481F30C93D48FA3A53B3F3E711D186D62CF8FB64B778F1EDFFDD5FDF1873FFE61F1D90B5F9C5FAB72EFB372B866942EDD27847667B359BA798221488F437F93C469FC888E377138035E3C3B3D39F9DB6C3E9F412CC2C5B21C6771BB8F901FC2FC0FFCE72A8E367087F620B88A3D18A4E573FC669D4B75AE4108D31DD8C0A5FB35F27375D1EBFD1588C016863042C7453DD7F914F800EBB486C1A3EB80288A114058E3B3AF295CA3248EB6EB1D7E0082BBD71DC4E51E4190C2B227677571D34E9D9C669D9AD5152B519B7D8AE2D052E0FC7D69A5195BBD95AD5D62456CC7CFD8DEE835EB756ECBA5BB8AF7490A3FA5A9BFC5E2D906CF56419215569BFB981672E4D445DFD5458F086830B6B27F47CE6A1FA07D029711DCA3040447CE97FD43E06F7E86AF77F1BF60B48CF641402B8FD5C7EF1A0FF0A32F49BC83097ABD858F65972E3DD79935EBCDD88AA41A55A7E8E86584DE9FBACE356E1C3C0490608332CA1AC509FC3B8C600210F4BE008460126532606E5DAE75A6AD73B80309CA8CA26F552DE90E028C80A4AB9862F8BA4AB94C0B004022E7A7380E2088AC25ADD1DE135987A9750D9EFD6D3E22C2FEB8CE2D0CF2D7E993BF2B7C4189D47B1AB0D85B5C2471781B07A46AF3FDFD1D48B61061656245A135FE6BC3774DAA648D02A1A2F56BB9B2B2329CC2D282B64A9723A3306D21F99E14644DDB7C4F14689A96295475C754CB725A08B52CDFC98D2A2CC059545C4A64CEC5ACF6B9069EB8A30FFEEE7DCD9CDD0A1BAD6A13070438CA719D2BF0F20B8CB6E869E97EC061CD85FF02BDEA41A906362E8E89701D94EC614B3F9BFD9EA8E955023D1F558D9FC778C4DB8A3A8708F859A425EDC8FCE4C4AC2B63AD966B18FA296AB15C6A161AE244FA5A6FC44E51E291865A6FD42B8DC11AD36275290748A860F552A41EFB8E538E2BD0C953D3A66CE9AD6B11D37BECE60CB3F5DD36F37388185AE34EF1CF21FC69DDBE6625F9D84BEB1D3C50A74092F544DA88D34E6F438D75AE48ABA5BD7E65E8A955B02E27D4B07AAD5291946919E66A75ACCB0975AC5EAB742465443A1AFB4DB22968E934CBFAD37BCC438F714B43695CE3C74122CDCF218E0B15AD9E7EF8304C801B21B041D7B12A229D0FB214E021222135FE7DE787F6423E795E02535538FDC1309AB66CF8166E716494E4B0BBDE870F59F435DD62DA5F686E1EEE9ABA7045C0CBB9F956EE91A42D5ABAC7B2FE77F7A8C39BC62FCE879969FA296EBC63B66C194EEA92EF953E79A0744723D1D12E5D700EB3D036075CD7CCC3100E4E1FF9B74C75B261A03A21DABF3F360D5715FE980B69CDB524632E5193BC97E8C9BF17282A28D4312141A9DD3A2341647C5F412C7CC338E9DCB69BC01670E5B7810A4CB7DB07923C5FDB8D6029607AA0D239655BC09AE7A37BDC19966D4E8C5A55FAC72AD1CB82559A0936012A5EDBE28D9FEBD3D09359419B7DFC1C798E492EBF3075FD4D00DB1B63D2DF6114625570F0C7594F23992C2BACE4EA304753FE5F38F918C530C96003021CAA659B403F423CE4FD68E3EF4060D049A6AEA167CFC683B4C2BEC18B3A8C326C1B58C2A4F9FAA803AF04698B99C73A3B2D661470D4789226636523AFCFCCD6A34F8758E6D8D21F2218155FBA0E9B0CB2EA838615DA74B6E9439929506781B72191A6C0D858E83A105CBD614491F499C1B0F39F437AC4149FA8AB85932F0F43A38AEDE154B0628DF14670254E59C8065F93BFA8879F6456CD81A5390636EA9AA8ECE7084197D21626ED53E754277257827DB0DCA5A836C5B4C3A2922E361E4B9522D262B6379725EFE408885219C1CC553572B353AF810698527C6EEF710D9C1250D21E4EB506B603D6E46B2097FF908DBB3C1942053E24D5668E27F969BA91A27459C74C06509E90B38291CC06DD55180141C293F8EADC92EC587EDB384723DF3C443F393EE6B1DA2173255664B4CC95D8CE46A8AA2FC58C00AA22419A7FC1F52398943A60ADFE0937E8FC217B015F4427B9BEA6B0CCE1A7659698054626780D91F833669D9815C28E439948985C8C5640EDFE4542E8E55923A83E54C2492140D788A83FD87022C852AEED0E0993C4FDA122585D874AA726EC115964182114B8D84162BF4A53455547E759E41B66DF496F288C70B3C830DFCEC9227D603F0035BB6F601AF9595DDE3C66A964BB6432D5B5C64C50984A9B3E1ED35C6686B23251BFC65198A56783D40E48691171F6CE387FD7CD265CC68E1257EBDFD92A927330BC5D0CB24F16F927AA33B52B5718469D711A741A894E098860A3CBA298E7511AC0A117292572149913036B779B506ACB685201C6C9806E136A24ABF05FE87993A877B166FB58DA1DD4E187C214D29DEB20DE567CE15916C8A8B663E61B32533760BE05EBE673ABA31464A740DE2D66056747F9603193907B2CAEC06EE7475B8AECA37CE2AC0BA68FD5BBB53DF14558C8986D1AC863F735A4251427600B99B799E53C78E127293A07083C806C07B1F242AE18B72F92C4D25573A2AD0F3F7C55945DD5CA7E17358DC938043BCB52DA05EE6F562BEF3A94C08AAFEE64542C200089E0F0DD2A0EF66124DF2CCB6B37B36EB41C753E4E2E91FAE2408B537C8890CBAACF8CD0A2E427491456A228321AD6A29E9B4BA33202B43045A2209B86CCF873A9040E778C2B60C16C01F5DE41DE1ADE63019B261BE0C1533CB795561CDDE3A515CFAD752B4FCA0BB42BDFD84A24CC00BC48F26A4AD740A7671BF34691B69D6CE2D041606F9387CA63D94F2055E5F10691BDFF2D96693B25D85BDD62A9B2693B1144145BF896F890C4A806E090D61CC6BD36EEB90AD640DBF12FEFAED292CA47364E905C446D3A40F2D8028FF9D5D2060AF327E612C8A5335A0879682E47744D9416297A3F86939F68CE2976F92DE75C95D2B79F73D29AC3CC397EB2D9CEB2BE3009F9D90A5BCED67BC97475ECE6AB3098B20EA398C32DCDE9A03CF7A292F9C66658232BD863E4537FF16A13FA286A0FB533662E9A49D0209B8353C524245DD75F50527D646C119548ABF6BB47D04913C4298D37230F1F97BB638B90D6490E8FC9D52DCABC999EAD974BA415455C079BEAD9F7B224DAFA155B223CCE0A1CAFFF1DAC023FCFA756053022FC4798A2E2BE9E7B7A323F65687E0F87727796A65E20C83BCA78779B6336C20D593FB3ACF62A610FB7DC7D21DDCF65E4C197A5FB9FBCE29973F98F7BBAEE917393E0013F734E9CFF76A7C435D58054ECD47C9D15B46BBDAAD7A9719E81F7218B3CBAB2EF9AF68154947582A77BB42547FD36260A9DFD2B9A899E41B27902097709B733C368BF929BBC1A8F410CECF1C5A402156A167C282AFC1CA813E26F761BCF2152D3428136C4952D6652FF3C91032F43A279F0A710BCFCB927BA4721683FF63558E283BB6FD5E70928E9C4E6B3774D0DC639A1D09CE0A82BA19CD845CD3BF1C579F9EF6E4452120F6F6F4739155C5F936734976CCDB9F66D4C32EDEC9AB7808509DCD895DA9E96ACEF79EB68266E9B10A811FCE403D807A598F954A02A770A4F0E79424A736C6F76524AB8A2DAA1D29E63A98511FB25351A269C10F018F56BD15EC8807AE1FDA92EBF4C41F433F6CDA86F9CC4A787DBBE536242797064C04BBDD60839806BBCAD48777AC3C714943A5360E20DA2C18230A707389073E913B0E18C0B08F9A9A58344442BAA9BAEAC36532E1EF2132ED347146F95A0A60F421A0B68F54F3E33227DD1374E2CD3C35A310512A6592BEC2031F95A614D09D3990366EC285271BA67308E178B08F26D51BA58C47C427A95C388176CE2B9B1E385432063E1EF26B2A328675AD112AD14C7B396AEF790A5D18BE4590B2A1605138BBC05AD6C7A75E3E4D32F456DD893B8A8385C442D5812BCA8F85D44E25B90BFE8B85FC476B227875172C3084D7538CC3182BBD5C697AAA5F7B27BB8653E1A278C847CE0308DD027D34BFB8E1B60E6F0585CDA7497F1848DBB5EDD3B3C34418B8807E340603D34F38A8C6945D97D0BB31D1EA74A1B780FDBE181E85284FC289339AD81C8502C1CCFA033D882E784BF138143FF3DAE1D16DF9717C534242216586604378DA09F94B98C1EE36AFBC168541561BE8C5F41043CBC23F89420FF116C107EBD81B8BBD9FFF0F32B08F6303B30F700BDCBE8668F767B84BB0CC387A0F13F07657B1855FB39994B53E7C5CD2EBFABD54717B09A7E7632EE26FA69EF071ED1FB42F0F55E2222DB1C95C70DB2B1CC4EB5C1ED2B91741D4786824AF3913DDD1D0C77011696DE446BF00CDBE8F63585BFC02DD8BC56575BE442F403D134FBE2DC07DB04846929A3AE8FFFC418F6C2971F7E075AE6E2D0EE8B0000, N'6.4.0')
GO
INSERT [dbo].[__MigrationHistory] ([MigrationId], [ContextKey], [Model], [ProductVersion]) VALUES (N'201912130517039_studentForeignKeyRemovedFromTeacherCourseAssignTable', N'University_Management.Migrations.Project_DbContext.Configuration', 0x1F8B0800000000000400ED5DCD6EE4B811BE07C83B083A2581C7EDF6603089D1BD8BD9F63830766D0FDC9E456E06DDA2DB4AF4D391D8868D204F96431E695F61A93F8A12FF254A6A0F0673698B64B158FCAA582C9235BFFDEFFF8B1F5FC2C0798649EAC7D1D29D1F9FB80E8C36B1E747DBA5BB478FEFFEEAFEF8C31FFFB0F8EC852FCEAF55BDF7593DDC324A97EE1342BBB3D92CDD3CC110A4C7A1BF49E2347E44C79B389C012F9E9D9E9CFC6D369FCF2026E1625A8EB3B8DD47C80F61FE07FE7315471BB8437B105CC51E0CD2F23B2E59E7549D6B10C274073670E97E8DFC9C5DF47A7F0522B085218CD071D1CE753E053EC03CAD61F0E83A208A620410E6F8EC6B0AD72889A3ED7A873F80E0EE750771BD4710A4B01CC9595D5D775027A7D9A06675C38AD4669FA2383424387F5F4A69D66EDE49D62E912296E3672C6FF49A8D3A97E5D25DC5FB24859FD2D4DF62F2ED0ECF56419255968BFB982672E4D455DFD5558F086830B6B27F47CE6A1FA07D029711DCA3040447CE97FD43E06F7E86AF77F1BF60B48CF64140338FD9C7658D0FF8D39724DEC104BDDEC2C77248979EEBCC9AED66ED86A419D5A618E86584DE9FBACE35EE1C3C0490608312CA1AC509FC3B8C600210F4BE008460126534602E5DA6F7565FE7700712940945DDAB9CD21D041801495F32C5F4F5A5729916008084CE4F711C4010A9295D83677F9BCB96CB99EBDCC2202F4E9FFC5DA1D525E6EE69E861BDBF48E2F0360E48D366F9FD1D48B61061FE6249A535FE6B63C0643D9F5C46EB6231B3A23A0CC3C28AA64C97D0E1725C9689D9E5566078E5D7E231BA98D57649C35AF5B453DF2D949E415861A1557DE245137B02AE73055E7E81D1163D2DDD0F78E9BFF05FA0577D28D9C0C2C57E036E83923DEC688BB2DF1375BD4AA0E7A3AAF3F318CF785752E710013FF3468403999F9CE80D65AC15650D433F451D961485092746C49625AFCC88D492571669284B2EB7E11AD6DBDC6E5713C465B02AE4B1D72E6398632AF4B2D4B4283B5AEB9AC4F416BBA961A6B6DB443F87F03315E614FF1CC29ED6FD2B56928F567AEF61817AB9686D4BA4F4E5CCF8D6E458658A945C9AF3B746FB0C894A06EB7A5C0EAB62198BA48E298FA50FAAE4B1AEC7E5B12A96F148EAF078D4B69BE5483B1BCDB2FDF416F3D07DDC52500AD3F871104FF37388FD4249AFA71F3E0CE3E046086CD0752CF348E7832C05788A884B8D7FDFF9A139914F9E97C054E64E7FD0F4A60D3BBE855BEC192539ECAEF7E143E67D4DB798DA73CDF5DD5D5D132E71781933DFC93C92B04547F358B6FF6E1E557853D8C5F9309AA65671ED1DB361CF7052937C2FB5C903853B1A818E6EE1827398B9B639E0FA461E8630706ACFBF63A8B3ED06CA03A2F6EDB1AEBB2AB1C78C4BABCF259973019BA45CC0275BCE619453A967408262BB734482D0F8BE8218D88671C2B95D37811DE0CA6E032598EEB60F2471BEAE1BC192C0F440A563CAA680D58F475BDC19967D4E8C5A59F8C728D0DB06AB3012AC0354BCB6C51B3FE7A7C1676B056D8EF173E4393AB1FC42D4F599009637C6A4BFC328C4AC60E78F919E82325956DA94AB0B0F4DFA7F61E86314C324830D08B0AB966D02FD08B190F7A38DBF0381C6205B6D352D7B361FA49776095ED46194615B43123ADDD7D7015826485F2D3D56C96931A38023C79330182B9A797564B69E7DDAC5D2C796FA787E547CA906AC33C9B2030D23B4A96463839929506780B7219126C1D858E83A105CBD614491F099C6B4B3C7211631C506EA6AE2E4E4616854B5473815ACDAC27823B8E2872C4493AF885FD4D34F22ABFAC0525C031B754D948E7304A74B2A0B9DFEA9BB9C13992BCE3E586C52649B62DA60514117138B250B1129316BCD6489073902A26442D033558DD8ECD46BA006A624C7ED16D7C02901251CE1546B6037604DBE0632F10FD1BC8B832194E343426DFA7812DFA61BC94B170D4C6702C5013923188964D09F05EB082A6259F9619B1FC1A46402B3F54FB841E70F59017CE15DBAF99AC232DC9A9601BD362232C26B88F8274E750C8DEB0931F0E21113935112A835954784B6A40A42F5F93F43856C1B1424EAD83A4382585DE570C88AC61F0FE56CA80654E28F3B22620F5A442870B527A97D80485595DD726E235F33504A46436184D122CDD028438B8CA11DAB6F0E5F4334E26B95AC78F4A27E66713F6A680D4D90884A19E91B535C7A823212915DE148C4625920B501924A841F68D10EB5F49309135CA1C8D5FCF7968AE0CA022B178D408141A8801A4C6DCA2582910707065523DE812E0F36AA0DAFFE96B7011C7A91922247B2C9D590763F85924B46B16BD3DEB7F553A891A4C21EA6B222916F38F4B61CB439A8DD0F8928849B8C5ED6B63AD925DE30295BCC8A67F6E587C54CF01E7F7105763B3FDA52EFF3CB2FCEBA789CBF7AB7367FAB1E1634669B8674DBBE3BE909C509D8C2566926100F5EF8498ACE01020F20F392575EC854637C7F81BF5875C773EFD999AB3CC9AA55F6BB68A9FD7E9EB37D2AA95DE0F166ADF2A1438105659B3B59F6041080847317681507FB301287ABC4AD9B41009A8E3C3C20A6480540697292B8A898567D844D93121F6C4BA444BD6A6F488BFACE525BCC5A73C66C7119ACB4D4B70D4003785A076667488E0546FABD323BE1C577536AC5ED1F965AF1DD98B7F2B22D87BBB2C49422795CCC92244553AA331DE1A1E9C9223F93290EED9C58531E2ABE62AE40B2C6E34D62FB09299FA6A94AB41F86F2A98AD476228848B6961DF15145CECCC1216C398C796D3C956BE8325DA04FAF7CFE46532A3F991841F296AD6900C967033CE6AFD31A28CCBFE85320EF566822E4A33E1DDE4B339A24AF7C0C233F91CE49769F1D75AE0A359BEB9CB0E5303AC72A9BA996D9C22464B51576D4D67B81BA3A66FACA75A68CDDA8D6F978531DA447E7329A6F4CC31AD12A8B9E4F7D12D3C5F591B41E6A37DB7AAB2240834807A7F2494818C99E53521D7E75F04A844DEDEE1154D4387E4AA364E4E963E26DED2AA47712776BC5D71665AC4B9D1493097E15555C078BEAD9F7B2C0D7FA154B223CCE2A1CAFFF1DAC023FF32449058C08FF11A6A878F2E39E9ECC4F5BD9340F27B3E52C4DBD80132B14A5B76CCED9088FECFC4CB2CAD748161ECAFADC8C219791075F96EE7FF28667CEE53FEEE9B647CE4D8227FCCC3971FEDB3FF3A42E07A461AFEEEB489E59EF55BB5E9DB3892E1F32CF434AC534C3E1B70155368F60F40C92CD1348989774BDD304DAA5DC7C1CFF18C44035C3224AAD24805C368BA40635F9AE39FF463703ECF34C5D16EA96060C74C93ED74193EC277B1B7821E0E9C19F42F0F2674B39DBB8A0FD686BB2B8D1AC376BF33879A5F8E233374D8DB4515CA2799692BE59A1F8266ADE2BE99397FFEE970D4660E1CDE528CEE7644B794633C9C68993BE0D25536AD7BC032C74E0D65EA9CD730BD9D65B47A1B85D5CA086F3934FA08DBC40FAAA4035EEE59E1CB2420AA35C6F562905095FBAA1D23C514A0721DACD4C328C3BC149466257A256327A5849DE513D8B98225BC778893984D7BCBEA54C1C169EEC4D8909E9D58D015FE61923E400DEE275CA9C610D1F53E4C59802136F100D06592F2CC081BC439B20A5C5B88010DF1B3A484474CA57D13735C5948B87F88EC9F41EC55BCD326123AB8401B4EC6790183107C9379E1DC2C25A310512A6592BCC2031F95A619CD7A1772287B1BD48C9FD9AC11235187890079197817DC2D59E3D71D20565CE85E246CCD2F51EB2B869112D29B5A4437206496E065E47C6791B14691B787D98A775906575E0F56098F24196F141321B1A52A2DC008E98A852BE9CCCD34548B34570457538B92438CF46A5AF4F795AC53E37B4FA2879D82C1182E7C88729049BB91FBA0F5C03338797D7A1CB705B96B0F1CAA6FF80874ED9C07B197F20B01E3A178328F78274F806623BBC2C0B5DE03DEC80074AA0C0CD9830B8D132488FC05ECBC6AEF01EB70E8B03B6458147426281694670D37082499DCBE831AEFCF116475595D6D1E01544C0C31EF2A704F98F608370F10662CDCDFE9F825F41B087D98DA107E85D46377BB4DB233C64183E048DFFFF20F3E965FDE739209A3C2F6E76F973111B43C06CFAD9D5A09BE8A7BD1F7884EF0BCEF1A58044B65928CF5BB3B9CCAEF5C0ED2BA1741D479A844AF1913DCE1D0C77012696DE446BF00CBBF0F63585BFC02DD8BC56B7EBC544D413D114FBE2DC07DB04846949A36E8FFFC418F6C2971F7E0743591B7ED8830000, N'6.4.0')
GO
INSERT [dbo].[__MigrationHistory] ([MigrationId], [ContextKey], [Model], [ProductVersion]) VALUES (N'201912130521526_changedTeacherCourseAssignClassName', N'University_Management.Migrations.Project_DbContext.Configuration', 0x1F8B0800000000000400ED5DCD6EE4B811BE07C83B083A2581C7EDF6603089D1BD8BD9F63830766D0FDC9E456E06DDA2DB4AF4D39128C3469027CB218FB4AFB0D41F4589FF12D56A0F0673698B64B158FCAA582C9235BFFDEFFF8B1F5FC2C0798649EAC7D1D29D1F9FB80E8C36B1E747DBA59BA1C7777F757FFCE18F7F587CF6C217E7D7BADEFBBC1E6E19A54BF709A1DDD96C966E9E6008D2E3D0DF24711A3FA2E34D1CCE8017CF4E4F4EFE369BCF67109370312DC759DC6611F24358FC81FF5CC5D106EE500682ABD883415A7DC725EB82AA730D4298EEC0062EDDAF915FB08B5EEFAF4004B63084113A2EDBB9CEA7C00798A7350C1E5D0744518C00C21C9F7D4DE11A2571B45DEFF00710DCBDEE20AEF70882145623396BAAEB0EEAE4341FD4AC695893DA64298A434382F3F7959466DDE6BD64ED122962397EC6F246AFF9A80B592EDD3B083091641567490A3FA5A9BFC5BD74FB3D5B0549DE462EF5630EAD23A769F1AE69714420849196FF3B72565980B2042E2398A1040447CE97EC21F0373FC3D7BBF85F305A465910D043C183C165AD0FF8D39724DEC104BDDEC2C76A80979EEBCCDAED66DD86A419D5A61CEF6584DE9FBACE35EE1C3C0490208592CD1AC509FC3B8C600210F4BE00846012E53460216BA6F74E5FE7700712940B45DDAB9C5225FEA164CAE91B4AE5322D0100099D9FE23880205253BA06CFFEB6902D9733D7B98541519C3EF9BB52C78FCBA27B1A7AD80A5C2471781B07A469BBFCFE0E245B88307FB1A4D21AFFB53160B2994F2EA34DB19859511D8661614553A62BE87039AECAC4EC722B30BCF26BF1185DCC1A2B25B55D351E7A9AABB2F9770BA56710565868759F7809C57E81EB5C81975F60B4454F4BF70376042EFC17E8D51F2A36B070B11781DBA024833D6D51FE7BA2AE5709F47C54777E1EE319EF4BEA1C22E0E7BE897020F39313BDA1EC6B4559C3D04F518F254561C28911B165C96B3322B5E4B5451ACB92CB6DB886F536B7DBF5047119AC0B79EC75CB18E6980A832C352DCA9ED6BA2131BDC56E6B98A9ED36D1CF31FC4C8539C53FC7B0A74DFF8A95E4A395DE0758A0412E5AD712297D3933BE35395699222597E6FCAD51962351C960538FCB615D2C6391D431E5B1F241953C36F5B83CD6C5321E491D1E8FDA76B31A696FA359B59FDE621EBA8F5B094A611A3F8EE2697E0EB15F28E9F5F4C387711CDC08810DBA8E651EE97C94A5004F1171A9F1EF3B3F3427F2C9F31298CADCE90F9ADEB461C7B7708B3DA3A480DD75163EE4DED7748BA93DD75CDFDDD535E112879731F3BDCC23095B0C0B587E378F2ABC29ECE27C1C4D53ABB8F68ED9B06738A949BE97DAE491C21DAD4047BF70C139CC5DDB027043230F631838B5E7DF33D4D97503E50151FBF658D75D95D863C6A5D5E792CCB9804D522EE0932DE730CAA934302041B1DD3B2241687C5F410C6CC37EC2B97D37813DE0CA6E032598EEB70F2471BEBE1BC18AC0F440A563CAA680D58F475BDC19567D4E8C5A59F8C728D0DB05AB3012AC0354BCB6C51BBFE0A7C56767056D8FF173E4393AB1FC52D4CD99009637C6A4BFC328C4AC60E78F919E823259561ACADCEB0FED6EFEC27483C10C931C3D20C01E5BBE17F423C422DF8F36FE0E041A63EDB4D534F0F9B4905EBA25786D87510E710D81E874DFDC0A6099207D75D45925A7C58CC28F1C56C298AC0800EA006D0302DAD3D28798FA947E0A98A9C6AD33D7B2E30D23D0A94464839929C06700BB3101C7851ADF568E85AE03C1D51B461409A6694C3B7B386211536CD8AE214ECE21C64655778453C1AA2B8C37822B7E004334F98A6806B37C99004B71296C8AA5513ADC3DB8605291E8F44F5DF09CC86A7136C762CB22DB29D3768B8AC498182E59DC48095D6B964B3CC83D204A26043D8BD50AD84EBD146A604A72066F71299C1250C2114EB514F603D6E44B21131411CDBB384242F93F24FEA68F27F115BB3D39EBA281E94CA0384A670423910C86B3601D416580AB3881F32398544C60B6FE0937E8FC212F802FBC9B385F5358C560D32ACAD745444E780D11FF18AA09ACC91C2206653C9A3C6A35C214041A85E511A10DAA8250733780A14236110A124DDC5D241B8DE190858D3F1ECAE7500DA882217744C42C74885018EB4E52F77091AA2ABB01DD5500CD202A190D8511469934C3A60C2D32866E1CBF3D7C0DD188AF5CB2E2D10B059A0503A9A1B53441222A65F86F9FE2D213949188EC0A472216CB02690C905422FCB08B76E065984C98500B45AEE17FB05404D71958B968840D0C0207D4601A532E118C3C5430AA1AF10E7B79B051ED7BF577BE2DE0D08B94143992BDAE86B48729945C328ACD9BF6F66D9842ED492AEC412B2B12F9BE436FE7419B83C6FD908842B8D718646DEB535FE21493B2C5AC7C905F7D58CC042FF7175760B7F3A32DF592BFFAE2ACCB67FCAB776BF357ED614963B66949B7EBC2939E509C802DEC94E602F1E0859FA4E81C20F000722F79E5854C35660B20F017EBEE785E3E3B73B52759B7CA7F972D4D9FD873365315D10B3CECBC712101C8AA849C8A93675D00014838B78656719085913886256EDD8E0CD074E4310331452A2A4A9393044BC5B49A536E9A94F8EC5B2225EAFD7B4B5AD47796DA62D6993A66DFCB20A7A3CC5D381A80D5224CAB5DA73932450DC70123FDB2999DF0F2BB29B5F29E104BADFC6ECC5B752D97C35D55624A913C43664992A229D5990EFBD0F464E1A0C914877655AC290F156D31572059E3FD4D62F7B1299FA6A94A749F90F2A98AD476228848369A3DF151C7D1CCC1216C398E796D3DAA6BE9325DA04FAF7A284753AA3E991841F2EAAD6D00C967033C16EFD85A282CBEE853202F5C6822E4A33E1DDE9B349A24AF7C1F467E229D93EC4587F9DDFD7DED7DE91CAB6CA65A660B9390D556D8535BEF05EAEA98E92BD7993276A33A87E66D75909EA7CB68BE310D6BC5AE2C7A3ECDB94C1FD747D27AACDD6CE7558B000D221D9CCA272141257B4E497D14D6C32B1136B5BB475051E3F829AD923D4F1F137DEB5621BD93285C27DAB6A8225FEA649A4C28ACACE23A5854CFBE9787C1D6AF5812E1715EE178FDEF6015F8B927492A6044F88F3045E5E320F7F4647EDAC9C2793819316769EA059CC8A1222D667BEAF6F02ACFCF05AC7CBE64E165ADCF4D31721979F065E9FEA76878E65CFEE39E6E7BE4DC2478DECF9C13E7BFC35355EA72401A0EEABE09E899F55EB71BD4399B19F3217740A4544C53227E1B5065130F46CF20D93C8184797A3738AFA05DCAEDD7F48F410C54332CA2D4C91AC865B3CC82D090EF9B2470EF66807DCFA9CB42D3D280813EE9EA7A6892FDEC70232F043C3DF853085EFE6C29C91B17B41F6D4D1637A8F5666D1E2711155F7CE6A6A995678A4BB4486B32348D14DF44CD076589F28ADFC3D2C7082CBCB91CC509A06C29CFDE4CB271A6A56F43C994DA35EF010B1DB875576AF36444B6F5D651286E1F17A8E5FC141368239190BE2A508D07B92787AC90C260D79B554A4186987EA834CFACD243887653998CE34E70B297D895A895142003B37D709F4C4C98E5638FAF491537C1BEA5441E16DEF81D0E50A4973C467CD8D7173607F0A2AF571A0E0BA0D136516F1C1A06B6EBB0D0609042C3021CC833B609F263EC1710E28B460789885EC92F2CE5B9388015457C45E5607C8FB79AC0C246C20A03BCD94F4EB147507CE38927EC39A193649598C4D97C2B0B8871CA88C13922F6ED5A4A6EE98C9603C2C0AD3C88940FECB3B0EEEC71D315B457F8265622F303CA5B364BD77BC883B065E8A57FFA0749F6075E47C69921148921787D98278E90E58DE0F560985442965342321B1A52A29C028E98A852BE9CCC135248F35170457538D92A380F53759E88F3744CF8A0D1EA23E871B352089E3FBF0591D8CC3CD1470CDA783ABCAC127D86DBB192AD573DC3073C76C2081E400F12E463E78510E581D011868E100F2FE3C3001337D280474AE6C0CDDE30BA093348D5C05E0AC72E74865B87E5B9DEA2C42321B1C03423B86939CFA4CE65F418D77E7C87A3BA4AE744F20A22E061CFFA5382FC47B041B87803B1E6E6FF9FC2AF20C8607E51E9017A97D14D867619C24386E143D0FA7F1AF2BD80ACFF221F459BE7C5CDAE78AC626308984D3FBF917413FD94F98147F8BEE09C9A0A48E49B8CEA98379FCBFC3611DCBE124AD771A449A8121FD91BDDC170176062E94DB406CFB00F6F5F53F80BDC82CD6B7DB75F4C443D116DB12FCE7DB04D409856349AF6F84F8C612F7CF9E177922A81EE8E840000, N'6.4.0')
GO
INSERT [dbo].[__MigrationHistory] ([MigrationId], [ContextKey], [Model], [ProductVersion]) VALUES (N'201912130525594_roomTableAdded', N'University_Management.Migrations.Project_DbContext.Configuration', 0x1F8B0800000000000400ED5DCD6EE4B811BE07C83B083A2581C76D7B3098C4E8DEC56C7B1C18BBB6076ECF2237836ED16D25FAE9486CC3469027CB218FB4AFB0D41F4589FF1225750F0673698B64B158FCAA582C9235BFFDEFFFF31F5FC3C0798149EAC7D1C23D3D3E711D18AD63CF8F360B77879EDEFDD5FDF1873FFE61FED90B5F9D5FAB7AEFB37AB865942EDC6784B6E7B359BA7E8621488F437F9DC469FC848ED77138035E3C3B3B39F9DBECF47406310917D3729CF9DD2E427E08F33FF09FCB385AC32DDA81E03AF6609096DF71C92AA7EADC8010A65BB0860BF76BE4E7ECA2B7876B10810D0C61848E8B76AEF329F001E669058327D7015114238030C7E75F53B842491C6D565BFC0104F76F5B88EB3D812085E548CEEBEABA833A39CB0635AB1B56A4D6BB14C5A121C1D3F7A59466EDE69D64ED122962397EC6F2466FD9A873592EDC7B0830916419EF92147E4A537F837B69F77BBE0C92AC8D5CEAC71C5A474EDDE25DDDE2884008232DFB77E42C7701DA257011C11D4A4070E47CD93D06FEFA67F8761FFF0B468B681704F450F0607059E303FEF42589B730416F77F0A91CE095E73AB366BB59BB216946B529C67B15A1F767AE73833B078F012448A164B3427102FF0E23980004BD2F00219844190D98CB9AE9BDD5D705DC8204654251F72AA7548ABF2F9962FAFA52B94A0B004042E7A7380E2088D4946EC08BBFC965CBE5CC75EE609017A7CFFEB6D0F1E3A2E881861EB60297491CDEC50169DA2C7FB807C90622CC5F2CA9B4C27FAD0D98ACE793CB685D2C66565487615858D194E9123A5C8ECB3231BBDC0A0CAFFC5A3C46E7B3DA4A496D5785878EE6AA68FEDD42E9198425165AD5275E42B15FE03AD7E0F517186DD0F3C2FD801D814BFF157AD587920D2C5CEC45E03628D9C18EB628FB3D51D7CB047A3EAA3ABF88F18C7725750111F033DF443890D39313BDA18CB5A2AC60E8A7A8C392A230E1C488D8B2E49519915AF2CA220D65C9E5365CC37A9BDBED6A82B80C56853CF6DA650C734C855E969A1665476B5D9398DE623735CCD4769BE8E7107EA6C29CE29F43D8D3BA7FC54AF2D14AEF3D2C502F17AD6D8994BE9C19DF9A1CAB4C91924B73FE5668972151C9605D8FCB61552C6391D431E5B1F441953CD6F5B83C56C5321E491D1E8FDA76B31C6967A359B69FDE62EEBB8F5B0A4A611A3F0EE2697E0EB15F28E9F5ECC387611CDC088135BA89651EE9E9204B019E22E252E3DFF77E684EE493E7253095B9D31F34BD69C38EEFE0067B46490EBB9B5DF898795FD32DA6F65C737D7757D7844B1C5EC6CC77328F246CD12F60F9DD3CAAF0A6B08BA7C3689A5AC5B577CC863DC3494DF283D4260F14EE68043ABA850B2E60E6DAE680EB1B7918C2C0A93DFF8EA1CEB61B280F88DAB7C7BAEEAAC41E332EAD3E9764CE056C9272019F6C3987514EA59E01098AEDCE110942E3FB0A62601BC609E776DD0476802BBB0D9460BADB3E90C4F9BA6E044B02D303958E299B02563F1E6D716758F639316A65E11FA3406F1BACC2487027A0DEC571D819A459E3E9019A71D1059C55BBB18099F5277514CF2C405234F1D8A989D77E3E8E06405BAE5373009F23CFD139C42906541F06E151E1B9F6B77876312BD8EB6744A3A04CFC899A32F7DE4BB39BBF30DD6090C0249B1D1060573D0B02F8116211E5476B7F0B028DB1B6DA6AAEECD9B4905EDA25D8A9835106210D81E8745F5F076199207DB5544525A7F98CC28F1C56C260BC0800EAC87C0D02DAC5D68798FA7AC61430538D5B67AE65E75A46A05389C806335380CF007643028E0B35BEAD1C0A5D7B82AB03461489A26A4C3B7B2A6611536CBCB6264E0EA08646557B8453C1AA2D8C03C1153F72259A7C45188B59BE4C80A5B80D38C5D2281DEE082E9854243AFD53377B27B25A9CA888D8B2C84224B4DDA2427026864B16305442D79AE5120F720444C984A067B11A91FAA997420D4C492E5F585C0AA704947084532D85DD8035F952C844C344F32E0E8D51FE0F09BCEAE3497CB77224675D34309D091487678D602492417F16AC23A80870E547AF7E04939209CCD63FE11A5D3C6605F0957705EB6B0ACBB8665AC6D2DA88C808AF20E29F3FD681359943C4A08C479347AD42988240ADB03C22B4415510AA2F853054C8264241A23E7011C94663386461E38F87F23954032A61C81D11310B0A2259909647A08893B71A53006DCF70FB489AAA2ABB37DFD61ECD082C1905053046133563AE0C2D32867680BD397C0DD1882FEAB2E2D18B239A4512A9A135D448222A65EC704C71E909CA4844768523118B6581D4D64B2A117ECC463B6AD34F264C9C862257F3DF5B2A824B30AC5C34620E0651076A30F53A20118C3CCE30A81AF1AE08F060A3DA34EB6F9B1BC0A157382972241B650D69F75328B964143B3FEDBD5F3F851A492AECF13C2B12F9A6456FDB429B83DA77918842B851E9656DAB2363E25193B2F9AC48E3507E98CF04F91EE6D760BBF5A30D95FFA1FCE2AC8AE40FCB772BF35C08614163B66E48B7EDFF939E509C800D6C956602F1E0A59FA4E80220F00832177BE9854C3566FF20F013ABEE785B0476E62A2FB26A95FD2E5A9A2666E0ECC44AA29778D859E35C02905509391527CBD501029070EE9A2DE3601746E20098B87533AC40D391071CC414A9902A4D4E126915D3AA8FC86952E283738994A8AC090D6951DF596AF3596BEA984D33839C9632B7E16800568B302DB7ACE6C814351C068CF47B7876C28BEFA6D48ADB652CB5E2BB316FE5656E0E7765892945F2789D25498AA654673A6644D393C59226531CDA55B1A63C54A8C65C81648DC79BC4F613653E4D5395683F3CE65315A9ED4410916C343BE2A30AC2998343D87218F3DA788AD9D065BA409F5EF9BC92A6547E323182E4AD64D30092CF0678CC5F3F3650987FD1A740DE45D144C8477D3ABC978C34495EF918467E229D93EC45FBF9DDDD7DEDB1748E5536532DB38549C86A2BECA8AD0F027575CCF495EB4C19BB51AD13F7A63A480FE365340F4CC31AB12B8B9E4F7DA8D3C5F591B41E6A37DB7A0B2540834807A7F2494850C99E53529DA375F04A844DEDEE1154D4387E4AA3646FA6AF388AB43675F909A6F9B4F19B093D94F24D4DC32BE1BECF515169AF05D5B791A787098EB6AB90DE4990B4150C9D97814975865C26525954711D2C9E17DFCBA294AB370CD4F038AB70BCFA77B00CFCCCD12715F0ACFB4F3045C5832AF7ECE4F4AC955A777FD2DCCED2D40B38815D45AEDBE6D48DF0D4D6CF04AC7CFA65E1B9BCCFCD1B741579F075E1FE276F78EE5CFDE3816E7BE4DC2678DECF9D13E7BFFDF3CFEA72401AF6EABE8EB79AF55EB5EBD5399BEEF631F30F3BBDAD6370CB0B6F1E2C54D96CA2D10B48D6CF2061DED3F64E166A97723345C6531003D50C8B28B5528172D92C529BD4E4BB66FE1CDD0CB08FB47559A85B1A30D0250765074DB29FF271E08580A7077F0AC1EB9F2D656EE482F6A3ADC9E2C61C0FD6E671B2CBF1C5676E9A1AC9E3B844F35C457D73C3F14DD469AFD46F5EFEBB5F4E2881853797A338AB9B2DE519CD241BA74FFB36944CA95DA71D60A103B7F64A6D9E61CCB6DE3A0AC5EDE202359C9F7C026D6407D35705AA712FF7649F1552188B3C58A514A47DEA864AF374491D8468373FD130EE042725D1C01265C3766326D319448ACDFC397C13DC557E56D2E3F4CC84C37D4E3461069C115F5A2B2E3A7E4B496E2CBC7FDD1FA048EF300DF8E8B52B6CF6E0B56BA714351640A36DA20E1C1A06B66BBFD060905EC6021CC813CF0972C78C0B08F13DBABD4444A7C4309672C0ECC18A22BE81B537BEC7A12677B191CCC5006FF613B78C088A6F3C298B3D2774928C2B93389B87B28018A753E99D3F656CD75272096DB0FC28066EE55EA443615F3DB6678F9BCAA3B9C2D7B112991F50DC525AB8DE63169C29422FDD53A34832A3F03A32CE9AA2489AC2EBC33CA98A2CA70AAF07C3842BB27C2B92D9D09012E51470C44495F2E5649EAC459AAB852B2A934C2EC2442E3CCA65EA9716D9F173BC709E734B5F854B5457F80CD86AEA806173B90892061C82486CE66BE922066D3CED5F2E962EC36D19DFC65BB8FE031E3ACD0A0FA07B09F2A1B3A988B2A7E808434788FB9727A587891B68C003A540E1E63C19DC8419243861EFEA63CF7C875B87C571E1BCC0232131C73423B86EF8E4A4CE55F41457DB8316475595D611E73544C0C30EFBA704F94F608D70F11A62CDCDFEA3905F41B083D9FDB147E85D45B73BB4DD213C64183E068DFF7A24DB62C8FACFB3B834799EDF6EF3275E368680D9F4B38B62B7D14F3B3FF008DF979CC35801896CEF529E1B6773995DF2829B3742E9268E340995E2235BAE7B186E034C2CBD8D56E00576E1ED6B0A7F811BB07EAB9E5C8889A827A229F6F9850F360908D39246DD1EFF8931EC85AF3FFC0ED7014F26FA890000, N'6.4.0')
GO
INSERT [dbo].[__MigrationHistory] ([MigrationId], [ContextKey], [Model], [ProductVersion]) VALUES (N'201912130530513_InsertingRoomDataToTable', N'University_Management.Migrations.Project_DbContext.Configuration', 0x1F8B0800000000000400ED5DCD6EE4B811BE07C83B083A2581C76D7B3098C4E8DEC56C7B1C18BBB6076ECF2237836ED16D25FAE9486CC3469027CB218FB4AFB0D41F4589FF1225750F0673698B64B158FCAA582C9235BFFDEFFFF31F5FC3C0798149EAC7D1C23D3D3E711D18AD63CF8F360B77879EDEFDD5FDF1873FFE61FED90B5F9D5FAB7AEFB37AB865942EDC6784B6E7B359BA7E8621488F437F9DC469FC848ED77138035E3C3B3B39F9DBECF47406310917D3729CF9DD2E427E08F33FF09FCB385AC32DDA81E03AF6609096DF71C92AA7EADC8010A65BB0860BF76BE4E7ECA2B7876B10810D0C61848E8B76AEF329F001E669058327D7015114238030C7E75F53B842491C6D565BFC0104F76F5B88EB3D812085E548CEEBEABA833A39CB0635AB1B56A4D6BB14C5A121C1D3F7A59466EDE69D64ED122962397EC6F2466FD9A873592EDC7B0830916419EF92147E4A537F837B69F77BBE0C92AC8D5CEAC71C5A474EDDE25DDDE2884008232DFB77E42C7701DA257011C11D4A4070E47CD93D06FEFA67F8761FFF0B468B681704F450F0607059E303FEF42589B730416F77F0A91CE095E73AB366BB59BB216946B529C67B15A1F767AE73833B078F012448A164B3427102FF0E23980004BD2F00219844190D98CB9AE9BDD5D705DC8204654251F72AA7548ABF2F9962FAFA52B94A0B004042E7A7380E2088D4946EC08BBFC965CBE5CC75EE609017A7CFFEB6D0F1E3A2E881861EB60297491CDEC50169DA2C7FB807C90622CC5F2CA9B4C27FAD0D98ACE793CB685D2C66565487615858D194E9123A5C8ECB3231BBDC0A0CAFFC5A3C46E7B3DA4A496D5785878EE6AA68FEDD42E9198425165AD5275E42B15FE03AD7E0F517186DD0F3C2FD801D814BFF157AD587920D2C5CEC45E03628D9C18EB628FB3D51D7CB047A3EAA3ABF88F18C7725750111F033DF443890D39313BDA18CB5A2AC60E8A7A8C392A230E1C488D8B2E49519915AF2CA220D65C9E5365CC37A9BDBED6A82B80C56853CF6DA650C734C855E969A1665476B5D9398DE623735CCD4769BE8E7107EA6C29CE29F43D8D3BA7FC54AF2D14AEF3D2C502F17AD6D8994BE9C19DF9A1CAB4C91924B73FE5668972151C9605D8FCB61552C6391D431E5B1F441953CD6F5B83C56C5321E491D1E8FDA76B31C6967A359B69FDE62EEBB8F5B0A4A611A3F0EE2697E0EB15F28E9F5ECC387611CDC088135BA89651EE9E9204B019E22E252E3DFF77E684EE493E7253095B9D31F34BD69C38EEFE0067B46490EBB9B5DF898795FD32DA6F65C737D7757D7844B1C5EC6CC77328F246CD12F60F9DD3CAAF0A6B08BA7C3689A5AC5B577CC863DC3494DF283D4260F14EE68043ABA850B2E60E6DAE680EB1B7918C2C0A93DFF8EA1CEB61B280F88DAB7C7BAEEAAC41E332EAD3E9764CE056C9272019F6C3987514EA59E01098AEDCE110942E3FB0A62601BC609E776DD0476802BBB0D9460BADB3E90C4F9BA6E044B02D303958E299B02563F1E6D716758F639316A65E11FA3406F1BACC2487027A0DEC571D819A459E3E9019A71D1059C55BBB18099F5277514CF2C405234F1D8A989D77E3E8E06405BAE5373009F23CFD139C42906541F06E151E1B9F6B77876312BD8EB6744A3A04CFC899A32F7DE4BB39BBF30DD6090C0249B1D1060573D0B02F8116211E5476B7F0B028DB1B6DA6AAEECD9B4905EDA25D8A9835106210D81E8745F5F076199207DB5544525A7F98CC28F1C56C260BC0800EAC87C0D02DAC5D68798FA7AC61430538D5B67AE65E75A46A05389C806335380CF007643028E0B35BEAD1C0A5D7B82AB03461489A26A4C3B7B2A6611536CBCB6264E0EA08646557B8453C1AA2D8C03C1153F72259A7C45188B59BE4C80A5B80D38C5D2281DEE082E9854243AFD53377B27B25A9CA888D8B2C84224B4DDA2427026864B16305442D79AE5120F720444C984A067B11A91FAA997420D4C492E5F585C0AA704947084532D85DD8035F952C844C344F32E0E8D51FE0F09BCEAE3497CB77224675D34309D091487678D602492417F16AC23A80870E547AF7E04939209CCD63FE11A5D3C6605F0957705EB6B0ACBB8665AC6D2DA88C808AF20E29F3FD681359943C4A08C479347AD42988240ADB03C22B4415510AA2F853054C8264241A23E7011C94663386461E38F87F23954032A61C81D11310B0A2259909647A08893B71A53006DCF70FB489AAA2ABB37DFD61ECD082C1905053046133563AE0C2D32867680BD397C0DD1882FEAB2E2D18B239A4512A9A135D448222A65EC704C71E909CA4844768523118B6581D4D64B2A117ECC463B6AD34F264C9C862257F3DF5B2A824B30AC5C34620E0651076A30F53A20118C3CCE30A81AF1AE08F060A3DA34EB6F9B1BC0A157382972241B650D69F75328B964143B3FEDBD5F3F851A492AECF13C2B12F9A6456FDB429B83DA77918842B851E9656DAB2363E25193B2F9AC48E3507E98CF04F91EE6D760BBF5A30D95FFA1FCE2AC8AE40FCB772BF35C08614163B66E48B7EDFF939E509C800D6C956602F1E0A59FA4E80220F00832177BE9854C3566FF20F013ABEE785B0476E62A2FB26A95FD2E5A9A2666E0ECC44AA29778D859E35C02905509391527CBD501029070EE9A2DE3601746E20098B87533AC40D391071CC414A9902A4D4E126915D3AA8FC86952E283738994A8AC090D6951DF596AF3596BEA984D33839C9632B7E16800568B302DB7ACE6C814351C068CF47B7876C28BEFA6D48ADB652CB5E2BB316FE5656E0E7765892945F2789D25498AA654673A6644D393C59226531CDA55B1A63C54A8C65C81648DC79BC4F613653E4D5395683F3CE65315A9ED4410916C343BE2A30AC2998343D87218F3DA788AD9D065BA409F5EF9BC92A6547E323182E4AD64D30092CF0678CC5F3F3650987FD1A740DE45D144C8477D3ABC978C34495EF918467E229D93EC45FBF9DDDD7DEDB1748E5536532DB38549C86A2BECA8AD0F027575CCF495EB4C19BB51AD13F7A63A480FE365340F4CC31AB12B8B9E4F7DA8D3C5F591B41E6A37DB7A0B2540834807A7F2494850C99E53529DA375F04A844DEDEE1154D4387E4AA3646FA6AF388AB43675F909A6F9B4F19B093D94F24D4DC32BE1BECF515169AF05D5B791A787098EB6AB90DE4990B4150C9D97814975865C26525954711D2C9E17DFCBA294AB370CD4F038AB70BCFA77B00CFCCCD12715F0ACFB4F3045C5832AF7ECE4F4AC955A777FD2DCCED2D40B38815D45AEDBE6D48DF0D4D6CF04AC7CFA65E1B9BCCFCD1B741579F075E1FE276F78EE5CFDE3816E7BE4DC2678DECF9D13E7BFFDF3CFEA72401AF6EABE8EB79AF55EB5EBD5399BEEF631F30F3BBDAD6370CB0B6F1E2C54D96CA2D10B48D6CF2061DED3F64E166A97723345C6531003D50C8B28B5528172D92C529BD4E4BB66FE1CDD0CB08FB47559A85B1A30D0250765074DB29FF271E08580A7077F0AC1EB9F2D656EE482F6A3ADC9E2C61C0FD6E671B2CBF1C5676E9A1AC9E3B844F35C457D73C3F14DD469AFD46F5EFEBB5F4E2881853797A338AB9B2DE519CD241BA74FFB36944CA95DA71D60A103B7F64A6D9E61CCB6DE3A0AC5EDE202359C9F7C026D6407D35705AA712FF7649F1552188B3C58A514A47DEA864AF374491D8468373FD130EE042725D1C01265C3766326D319448ACDFC397C13DC557E56D2E3F4CC84C37D4E3461069C115F5A2B2E3A7E4B496E2CBC7FDD1FA048EF300DF8E8B52B6CF6E0B56BA714351640A36DA20E1C1A06B66BBFD060905EC6021CC813CF0972C78C0B08F13DBABD4444A7C4309672C0ECC18A22BE81B537BEC7A12677B191CCC5006FF613B78C088A6F3C298B3D2774928C2B93389B87B28018A753E99D3F656CD75272096DB0FC28066EE55EA443615F3DB6678F9BCAA3B9C2D7B112991F50DC525AB8DE63169C29422FDD53A34832A3F03A32CE9AA2489AC2EBC33CA98A2CA70AAF07C3842BB27C2B92D9D09012E51470C44495F2E5649EAC459AAB852B2A934C2EC2442E3CCA65EA9716D9F173BC709E734B5F854B5457F80CD86AEA806173B90892061C82486CE66BE922066D3CED5F2E962EC36D19DFC65BB8FE031E3ACD0A0FA07B09F2A1B3A988B2A7E808434788FB9727A587891B68C003A540E1E63C19DC8419243861EFEA63CF7C875B87C571E1BCC0232131C73423B86EF8E4A4CE55F41457DB8316475595D611E73544C0C30EFBA704F94F608D70F11A62CDCDFEA3905F41B083D9FDB147E85D45B73BB4DD213C64183E068DFF7A24DB62C8FACFB3B834799EDF6EF3275E368680D9F4B38B62B7D14F3B3FF008DF979CC35801896CEF529E1B6773995DF2829B3742E9268E340995E2235BAE7B186E034C2CBD8D56E00576E1ED6B0A7F811BB07EAB9E5C8889A827A229F6F9850F360908D39246DD1EFF8931EC85AF3FFC0ED7014F26FA890000, N'6.4.0')
GO
INSERT [dbo].[__MigrationHistory] ([MigrationId], [ContextKey], [Model], [ProductVersion]) VALUES (N'201912130542137_InsertingsemesterdatatoColumn', N'University_Management.Migrations.Project_DbContext.Configuration', 0x1F8B0800000000000400ED5DCD6EE4B811BE07C83B083A2581C76D7B3098C4E8DEC56C7B1C18BBB6076ECF2237836ED16D25FAE9486CC3469027CB218FB4AFB0D41F4589FF1225750F0673698B64B158FCAA582C9235BFFDEFFFF31F5FC3C0798149EAC7D1C23D3D3E711D18AD63CF8F360B77879EDEFDD5FDF1873FFE61FED90B5F9D5FAB7AEFB37AB865942EDC6784B6E7B359BA7E8621488F437F9DC469FC848ED77138035E3C3B3B39F9DBECF47406310917D3729CF9DD2E427E08F33FF09FCB385AC32DDA81E03AF6609096DF71C92AA7EADC8010A65BB0860BF76BE4E7ECA2B7876B10810D0C61848E8B76AEF329F001E669058327D7015114238030C7E75F53B842491C6D565BFC0104F76F5B88EB3D812085E548CEEBEABA833A39CB0635AB1B56A4D6BB14C5A121C1D3F7A59466EDE69D64ED122962397EC6F2466FD9A873592EDC7B0830916419EF92147E4A537F837B69F77BBE0C92AC8D5CEAC71C5A474EDDE25DDDE2884008232DFB77E42C7701DA257011C11D4A4070E47CD93D06FEFA67F8761FFF0B468B681704F450F0607059E303FEF42589B730416F77F0A91CE095E73AB366BB59BB216946B529C67B15A1F767AE73833B078F012448A164B3427102FF0E23980004BD2F00219844190D98CB9AE9BDD5D705DC8204654251F72AA7548ABF2F9962FAFA52B94A0B004042E7A7380E2088D4946EC08BBFC965CBE5CC75EE609017A7CFFEB6D0F1E3A2E881861EB60297491CDEC50169DA2C7FB807C90622CC5F2CA9B4C27FAD0D98ACE793CB685D2C66565487615858D194E9123A5C8ECB3231BBDC0A0CAFFC5A3C46E7B3DA4A496D5785878EE6AA68FEDD42E9198425165AD5275E42B15FE03AD7E0F517186DD0F3C2FD801D814BFF157AD587920D2C5CEC45E03628D9C18EB628FB3D51D7CB047A3EAA3ABF88F18C7725750111F033DF443890D39313BDA18CB5A2AC60E8A7A8C392A230E1C488D8B2E49519915AF2CA220D65C9E5365CC37A9BDBED6A82B80C56853CF6DA650C734C855E969A1665476B5D9398DE623735CCD4769BE8E7107EA6C29CE29F43D8D3BA7FC54AF2D14AEF3D2C502F17AD6D8994BE9C19DF9A1CAB4C91924B73FE5668972151C9605D8FCB61552C6391D431E5B1F441953CD6F5B83C56C5321E491D1E8FDA76B31C6967A359B69FDE62EEBB8F5B0A4A611A3F0EE2697E0EB15F28E9F5ECC387611CDC088135BA89651EE9E9204B019E22E252E3DFF77E684EE493E7253095B9D31F34BD69C38EEFE0067B46490EBB9B5DF898795FD32DA6F65C737D7757D7844B1C5EC6CC77328F246CD12F60F9DD3CAAF0A6B08BA7C3689A5AC5B577CC863DC3494DF283D4260F14EE68043ABA850B2E60E6DAE680EB1B7918C2C0A93DFF8EA1CEB61B280F88DAB7C7BAEEAAC41E332EAD3E9764CE056C9272019F6C3987514EA59E01098AEDCE110942E3FB0A62601BC609E776DD0476802BBB0D9460BADB3E90C4F9BA6E044B02D303958E299B02563F1E6D716758F639316A65E11FA3406F1BACC2487027A0DEC571D819A459E3E9019A71D1059C55BBB18099F5277514CF2C405234F1D8A989D77E3E8E06405BAE5373009F23CFD139C42906541F06E151E1B9F6B77876312BD8EB6744A3A04CFC899A32F7DE4BB39BBF30DD6090C0249B1D1060573D0B02F8116211E5476B7F0B028DB1B6DA6AAEECD9B4905EDA25D8A9835106210D81E8745F5F076199207DB5544525A7F98CC28F1C56C260BC0800EAC87C0D02DAC5D68798FA7AC61430538D5B67AE65E75A46A05389C806335380CF007643028E0B35BEAD1C0A5D7B82AB03461489A26A4C3B7B2A6611536CBCB6264E0EA08646557B8453C1AA2D8C03C1153F72259A7C45188B59BE4C80A5B80D38C5D2281DEE082E9854243AFD53377B27B25A9CA888D8B2C84224B4DDA2427026864B16305442D79AE5120F720444C984A067B11A91FAA997420D4C492E5F585C0AA704947084532D85DD8035F952C844C344F32E0E8D51FE0F09BCEAE3497CB77224675D34309D091487678D602492417F16AC23A80870E547AF7E04939209CCD63FE11A5D3C6605F0957705EB6B0ACBB8665AC6D2DA88C808AF20E29F3FD681359943C4A08C479347AD42988240ADB03C22B4415510AA2F853054C8264241A23E7011C94663386461E38F87F23954032A61C81D11310B0A2259909647A08893B71A53006DCF70FB489AAA2ABB37DFD61ECD082C1905053046133563AE0C2D32867680BD397C0DD1882FEAB2E2D18B239A4512A9A135D448222A65EC704C71E909CA4844768523118B6581D4D64B2A117ECC463B6AD34F264C9C862257F3DF5B2A824B30AC5C34620E0651076A30F53A20118C3CCE30A81AF1AE08F060A3DA34EB6F9B1BC0A157382972241B650D69F75328B964143B3FEDBD5F3F851A492AECF13C2B12F9A6456FDB429B83DA77918842B851E9656DAB2363E25193B2F9AC48E3507E98CF04F91EE6D760BBF5A30D95FFA1FCE2AC8AE40FCB772BF35C08614163B66E48B7EDFF939E509C800D6C956602F1E0A59FA4E80220F00832177BE9854C3566FF20F013ABEE785B0476E62A2FB26A95FD2E5A9A2666E0ECC44AA29778D859E35C02905509391527CBD501029070EE9A2DE3601746E20098B87533AC40D391071CC414A9902A4D4E126915D3AA8FC86952E283738994A8AC090D6951DF596AF3596BEA984D33839C9632B7E16800568B302DB7ACE6C814351C068CF47B7876C28BEFA6D48ADB652CB5E2BB316FE5656E0E7765892945F2789D25498AA654673A6644D393C59226531CDA55B1A63C54A8C65C81648DC79BC4F613653E4D5395683F3CE65315A9ED4410916C343BE2A30AC2998343D87218F3DA788AD9D065BA409F5EF9BC92A6547E323182E4AD64D30092CF0678CC5F3F3650987FD1A740DE45D144C8477D3ABC978C34495EF918467E229D93EC45FBF9DDDD7DEDB1748E5536532DB38549C86A2BECA8AD0F027575CCF495EB4C19BB51AD13F7A63A480FE365340F4CC31AB12B8B9E4F7DA8D3C5F591B41E6A37DB7A0B2540834807A7F2494850C99E53529DA375F04A844DEDEE1154D4387E4AA3646FA6AF388AB43675F909A6F9B4F19B093D94F24D4DC32BE1BECF515169AF05D5B791A787098EB6AB90DE4990B4150C9D97814975865C26525954711D2C9E17DFCBA294AB370CD4F038AB70BCFA77B00CFCCCD12715F0ACFB4F3045C5832AF7ECE4F4AC955A777FD2DCCED2D40B38815D45AEDBE6D48DF0D4D6CF04AC7CFA65E1B9BCCFCD1B741579F075E1FE276F78EE5CFDE3816E7BE4DC2678DECF9D13E7BFFDF3CFEA72401AF6EABE8EB79AF55EB5EBD5399BEEF631F30F3BBDAD6370CB0B6F1E2C54D96CA2D10B48D6CF2061DED3F64E166A97723345C6531003D50C8B28B5528172D92C529BD4E4BB66FE1CDD0CB08FB47559A85B1A30D0250765074DB29FF271E08580A7077F0AC1EB9F2D656EE482F6A3ADC9E2C61C0FD6E671B2CBF1C5676E9A1AC9E3B844F35C457D73C3F14DD469AFD46F5EFEBB5F4E2881853797A338AB9B2DE519CD241BA74FFB36944CA95DA71D60A103B7F64A6D9E61CCB6DE3A0AC5EDE202359C9F7C026D6407D35705AA712FF7649F1552188B3C58A514A47DEA864AF374491D8468373FD130EE042725D1C01265C3766326D319448ACDFC397C13DC557E56D2E3F4CC84C37D4E3461069C115F5A2B2E3A7E4B496E2CBC7FDD1FA048EF300DF8E8B52B6CF6E0B56BA714351640A36DA20E1C1A06B66BBFD060905EC6021CC813CF0972C78C0B08F13DBABD4444A7C4309672C0ECC18A22BE81B537BEC7A12677B191CCC5006FF613B78C088A6F3C298B3D2774928C2B93389B87B28018A753E99D3F656CD75272096DB0FC28066EE55EA443615F3DB6678F9BCAA3B9C2D7B112991F50DC525AB8DE63169C29422FDD53A34832A3F03A32CE9AA2489AC2EBC33CA98A2CA70AAF07C3842BB27C2B92D9D09012E51470C44495F2E5649EAC459AAB852B2A934C2EC2442E3CCA65EA9716D9F173BC709E734B5F854B5457F80CD86AEA806173B90892061C82486CE66BE922066D3CED5F2E962EC36D19DFC65BB8FE031E3ACD0A0FA07B09F2A1B3A988B2A7E808434788FB9727A587891B68C003A540E1E63C19DC8419243861EFEA63CF7C875B87C571E1BCC0232131C73423B86EF8E4A4CE55F41457DB8316475595D611E73544C0C30EFBA704F94F608D70F11A62CDCDFEA3905F41B083D9FDB147E85D45B73BB4DD213C64183E068DFF7A24DB62C8FACFB3B834799EDF6EF3275E368680D9F4B38B62B7D14F3B3FF008DF979CC35801896CEF529E1B6773995DF2829B3742E9268E340995E2235BAE7B186E034C2CBD8D56E00576E1ED6B0A7F811BB07EAB9E5C8889A827A229F6F9850F360908D39246DD1EFF8931EC85AF3FFC0ED7014F26FA890000, N'6.4.0')
GO
INSERT [dbo].[__MigrationHistory] ([MigrationId], [ContextKey], [Model], [ProductVersion]) VALUES (N'201912130553174_AllocateClassRoomTable', N'University_Management.Migrations.Project_DbContext.Configuration', 0x1F8B0800000000000400ED5D5B6FDCB8157E2FD0FF20E8A92D128FED20486B8C77E11D2785B11B3B9871167D33E8113D51ABCB54E204368AFEB23EF427ED5F58EA4651E29DBA4E10ECC3C623F2F0F0F0E3E1E121F5E9B7FFFD7FF9E37318385F6192FA7174E99E9D9CBA0E8CB6B1E747BB4BF7809E5EFFD5FDF1873FFE61F9DE0B9F9D5FAB726FB272B866945EBA5F10DA5F2C16E9F60B0C417A12FADB244EE32774B28DC305F0E2C5F9E9E9DF1667670B8845B85896E32CD78708F921CCFFC07FAEE2680BF7E800828FB10783B4FC1D3FD9E4529D5B10C2740FB6F0D2FD1CF9B9BAE8E5E12388C00E86304227453DD7B90A7C8075DAC0E0C9754014C50820ACF1C5E7146E501247BBCD1EFF0082FB973DC4E59E4090C2B227177571DD4E9D9E679D5AD4152B51DB438AE2D050E0D99BD24A8B76752B5BBBC48AD88EEFB1BDD14BD6EBDC9697EE5510C45B80E02A00699AC471E83AED562F564192D590DBFC8491F4CAA9CBBFAECBBF22F0C128CBFE7BE5AC0E013A24F03282079480E095F3E9F018F8DB9FE1CB7DFC2F185D468720A0BB813B829F357EC03F7D4AE23D4CD0CB1A3E959DBBF15C67D1ACB7685724D5A83A456F6F22F4E6DC756E71E3E031800425946536284EE0DF610413DC71EF13400826512603E676665A6FB5750DF720419951D4ADCA25ADE24392C2AE52D678D4BACAB8062F95003CD3B0FB709D8FE0F91718EDD017EC58DEBACE07FF197AD50FA54C8C14EC6C701D941CA0719B1F9238BCC77EA46AF81A8F46F1B7A1A0FBD84ECC2DF8EAEF724870C7C575D630C81FA75FFC7DE196D8F9F25015CEBAB38E03DEEC2CCB3C6CF0FFB699A2B1A2E03D487610E92B5C43525369BA824CF1BA9C86F25461D30EAC731FA6A57A5154A674564243DDBC184FD1E5A276B852375C0DBDA5EF2DAA7F77B87A6E72858D26F1516F4F87F05145D3D9BF276A7A9540CF47C4B7C578C46D455D4304FC2CCC12FBF9D353BDAE8CB5406E60E8A7182CC67214AEFD2A4DFD5D94723D4EE9825B056B7FC37BCE781B6EA19EBD3AE56E8B761A6AB24F49FB95929C22553F7455AC0688AB60F590A75EFB19A31C5380A79AB6A7BE870047DD093D1ED66E9B23EBBB0F1FCF2794E69F47EC7D9316008044CE4F31862F8886893EAD7C537B66491DD850BE89A3ACA88CDA4FD92A5D4287AB71F94CAC2EB700A32BBF5427DF459BDAD265D522A6F7544D4F60EAB34CFCC810DE4B110AE27F0E110BD6ED2BA2E077BDB4DE217AEA34F1DB5194D24398E9ADA9B12A8C526A69AEDF061D32242A15ACCB7135AC1ECB5424654C752C3D9B52C7BA1C57C7EAB14C4752A6D3EEBCECA9B5D32CEB4FEF31E71EDB958652B8C67783EC92DF87784F2B69F5FCED20B9CB551C21B045B7B16C377D36C8528087A873C6F4CAF31298CA52016F353301A6B96AB8C3BBBA2487DDED217CCC82B1E916D3FED20AFAE1B0AE0B9704C18C9BEFB225EEBA0DFEEE1E557853F8C5B361669A7A8A6B67FB0C5B8693BAE407A94F1E2855DB48D25A9EC0C12CB4CD01D7F9306F0007A78EFC2D37D0ED3050BECDEEDF1FEB86AB127FCC84B4FA5A923117A8499E0BF4649F7314E514EA9890A0D4B6CE481019DF571003DF30CE5194ED26D002AEEC36508269BB7D2039A3B0DD089602A6072A7D1E660A58FDB3B41E7786659B13A35696FE313AA46A8355788A6505D475978B5CEB59DCDDAAEE22998253EF0E537FC0CCDA93068AE73D405234F038A889B77EDE0F265C69854FCD4EBC8F3C4737855A74AC19ECE01EE271F7F778A4B15A7807C09849A305125FD42D704F579B4DFD85690A830626D968810087EE5952C08F108B303FDAFA7B1068F6BB55DFF800221B34D266FB09AE08A30C609A26EA4319D2666B42A9ACB75C502833049F01EC86041C176AD5E1E838E89A09AE8E185124DDA531ECECF1458F9862136BB57072523034AADA3D9C0A566D631C09AEF82906D1E02BF20DCCF265022CC5658029964669777506B823BCA426D1699FBAD83391D7E26C5FC59E45B697A5FD16952B31715CB2CC8E12BABD792E7127474094CC087A1EAB91529D7A29D4C094E494BCC7A5704A40097B38D5526807ACC99742EE4D40D1D8CBAF2CAB826B19AAE4170EA75806657D1DC167C90CA2D37C7D2D75125831D930D1C08B536354584D12AFFA8012DF0B1F690F28EA98CEE089D3B3461812D9A0BB0A232048F8829C68C4D56FCBD523CF79EF5505028D86B42176D61E82E55D740D0388A073B52DDE145E81740B3C3637BDC07AF4804E551F46F070AAF13A022F277D1F521F3EBC972307C32AE7E54ACD98707E9865FB326AF4A733924712060A5E8FD58755F35DD9C1D0DB78D7966A66CD913C47C4D2FAEB40837F0ED611A5F4587553A2776416075DF9152C3F8249A90056E99F708BAE1FB307F0997715FB730ACBF3CDB43C536B832A13BC814804F8D475EA5336317819AC36C592C35F46561509680920B79E1831DC0D904266ED5F78126997AF1054DF3965A490D4B742447D9F43D4358DEE90740CBF3F54A64CD5A132CAE5F688EC3A1442D602F4AC7980A170CF1BA0F6AD37AAB8EAC598F6E43438E4253D6A618599F006C7BA94CC569FDABEB669121B73E919CAC844FD1A4762969E0D524F51A945F8C769A24E30076ADD6CC21CA151E26AFD3B5B45709194B58BC67190C18110D599DAD9490C233F021A741AF1AED9F160A33ACFD03FD168008776E352E448CE3034ACDD6D42C92DA348CA6BA7E5BB4DA891ACC27F6B9C358B3AA7AC9F5556FB4BFD3CF2807389BDFDC79A459E13D5CB8AD29EB28E5D240611E641075988C4AC56AC39F4127C66293EAA53BC005F622765526F247BD1D1B88ECD440927F394539FB6E32499F43C5C2F362C026F1DEBB1490E9334479F166B243628C16B9E2C8995AABBA2640B4D9E2D17058D66F9C37221E0DB5C7E04FBBD1FED28FECDF2176753906FAE5E6FCCB928C342C662DBF07BED0D3F6909C509D8C1D6D36CEA79F0839FA4E81A20F00832CFB2F242A618933010ECE0AAE68439017608AB4D5E5535FB7751DD8C1F93937929457EC03DCFAAE646803290B1329C8C2C150420E1BC65B28A8343188973F7E2DACD04252D479EBA144BAC13F7B434713A5F2CA94A4ED17244092B490F33DECA46C70073F75B56BFE6A0A485D4BFEA4BAA48286939D56FAC94E5A2051A2645C72096C97436E782D64C11473096D383BFF46BCC0951C5612642D15AC19DC202B7F8DD545AF14E0B2BADF8DD58B7F215528E76E513538984EE8F15491E4DE94AE8936A5A9EEC047BE28923DE13594E1F5E56D87C2E694939961586BA05DA70A5E2CBA16259FDAD5634CF5BC35AD4EFB3012B1DA7F70655F1864503A1B2CAE341ABCDE2C59769EABFDBDC5C7CA9A23566228848F2C896F8A80E92CCC121AC398CCB6AB01535161EFA81BEBC9281889654FE64E2A8089D50D353919F4D4262D44661FE8BBE04421D420B213F1A84F81CB29F46B8CF793EC6D233D19C93A49ABB850FF621C358738E9D6CA6B3AC2F4C4276B642CBD9FA2098AE8ED97CE546FEC6317FEB5D87E67490BE062193796433AC7134D563E4535F4CB0097D24B5870ACA5B7421023488E6E05431093918E92F28A9EE82584425C2AAFD6E6855D238714AE3C96C866FDD6FE29597E2D718367EB56193901599445B0A7F1D1874789863847611D23A394E681D1B2CCB14BEFA5B5E4C4EBF28E23AD83C5F7D2FCBE76F5E3050C393ACC0C9E6DFC12AF0F303B2AA001E75FF09A6A8E01C71CF4FCFCE5B1F019BCF07B91669EA059C23108ABF4591E71F838BCACFCCABE446E9814FCEE712EBDE441E7CBE74FF9357BC706EFEF140D77DE5DC2578D42F9C53E7BF9DF9FA7515A8EA756ABC494FA3DB7451AB53C3D477B9A2AF20D97E0109F365AE8E9FDDF2304850F7CF6E698A31FDB6D2B73183E87306C968663C589D3F50D4AFE426B5E5531003D4CFE787F870CE29496BF1B65F1B1ADD3BB1E46ABA2AD4350D14E8F4DD9B6F634ACD62D8996FD1E86A402A1EEF9AC87EFAE6D157F9069B6F9E58C055969EB0FBC4C8C010E6F9EF3F85E0F9CF3D7D2984EB6CDFF53558DC04FED13A16CED70CF8E6335F521B1F2BE00ACDB9B1BB7E8B80BFB49E75FAD48097FFBB1B07B9203231B7A3F82B027D4D9ED1D61463BAFE6F63922967D799052C74E0D68E30CD19EDFB9EB78E62E2DA84EE8DA03D1FC03ED8E8F5A70255B9DBF677C6135298D83FDA4929A019B743A5393DB78511FBE5C31E269CE050600F6C510E05C088E4CD8358B1C9D7CC77C1B6F6D360C455116CD16F7F74666AE3BE2A3E31DBF2B8041D7AD7226749C86145A6DC0368AAF7B5C6A74A1E171AC20BE77347830111720F7020B40E13B01C8F0B08F1BDC35922C28AC2B827B6E219AC28E21B6B43F1111B2F22C74A43DC07EDB001DEFAA7181E1114DF387D707F41E824DCC093049BC7B2805810FF76E4F89DCFEA6110FC4DB4781C1B7D6F67BEDEB1F71D921B9D83F1F11AC0EEF8E8770D5C44BB3F1D681925940A5D692867EE5974080566E757AC08732DE2916F186153853776789B41A063486DBB6E0FECE0D4B2734398E0C6FC38E4B4C74148CBD2D0B48754C136AB47365B5C84BF74BDC7ECC8A2389050330D093865259CB4BC7634F96AB9413BD310B714AFD56EF4B60A765B5E83E6ECB732F25B5E0B86CCB832625C89C534AC4465723866A29EF2ED64CEAA2B25D5E59ACA847257C8B8CB93CCA7D19A968C57C089C6716B8A3D34254667FECC8C70D7C60C4D8F461301F5DAD921C8746DBADBF23C0DB683EE1D1E9A279707D059827C683A5C11FDAD8E31748C383FA2DB0E2E6EA00E0FCA61ABE1906600F481B86AB9E4B49379F1819968EDC65BB80D10D03B0E6186410866BBCDF83998A537CED8755B7FDE672046EABE01192CFBB636DE341FA2EC4DCCE2AF62BD222296586604B78DED322973133DC5D5AEBDA55155A4752FEF2344C0C37BE9AB04F94F608BF0E32DC40E2FDAB9CEAF2038C0ECA58747E8DD447707B43F20DC65183E060D8ECE6CF72F6B3F67BC6DEABCBCDBE7241F7D7401ABE9676F37DC453F1DFCC0237A7FE0DC201488C8D20AE565C76C2CB33713E0EE8548BA8D234D41A5F94836E41E86FB000B4BEFA20DF80A6D74FB9CC25FE00E6C5FAA97EEC542D403D134FBF2DA07BB04846929A3AE8FFFC418F6C2E71F7E07A84CD745A6AC0000, N'6.4.0')
GO
INSERT [dbo].[__MigrationHistory] ([MigrationId], [ContextKey], [Model], [ProductVersion]) VALUES (N'201912131453121_IsAllocatedColumnAddedInAssignClassRoom', N'University_Management.Migrations.Project_DbContext.Configuration', 0x1F8B0800000000000400ED5D5B6FDCB8157E2FD0FF20E8A92D128FED20486B8C77E11D2785B11B3B9871167D33E8113D51ABCB54E204368AFEB23EF427ED5F58EA4651BC53F709827DD878441E1E1E7E3C3C3CA43EFDF6BFFF2F7F7C0E03E72B4C523F8E2EDDB39353D781D136F6FC6877E91ED0D3EBBFBA3FFEF0C73F2CDF7BE1B3F36B55EE4D560ED78CD24BF70B42FB8BC522DD7E8121484F427F9BC469FC844EB671B8005EBC383F3DFDDBE2EC6C01B10817CB729CE5FA10213F84F91FF8CF551C6DE11E1D40F031F6609096BFE3279B5CAA730B4298EEC1165EBA9F233F5717BD3C7C0411D8C11046E8A4A8E73A57810FB04E1B183CB90E88A218018435BEF89CC20D4AE268B7D9E31F4070FFB287B8DC13085258F6E4A22E6EDAA9D3F3AC538BBA62256A7B48511C5A0A3C7B535A69C1566F656B975811DBF13DB6377AC97A9DDBF2D2BD0A82780B105C05204D93380E5D876DF5621524590DB5CD4F3849AF9CBAFCEBBAFC2B021F8CB2ECBF57CEEA10A043022F23784009085E399F0E8F81BFFD19BEDCC7FF82D165740802BA1BB823F859E307FCD3A724DEC304BDACE153D9B91BCF7516CD7A0BB622A946D5297A7B13A137E7AE738B1B078F012428A12CB3417102FF0E2398E08E7B9F00423089321930B733D73AD3D635DC83046546D1B7AA96B48A0F490ABB4A59E351EB2AE31ABC5402F04CC3EEC3753E82E75F60B4435FB06379EB3A1FFC67E8553F94323152B0B3C175507280D66D7E48E2F01EFB91AAE16B3C1AC5DF9682EEE35EC4DCA4D56420C6FC298E030822BDA85BF0D5DFE5E8120EB1EBAC61903F4EBFF8FBC2C3F153EFA12A9C59661D07A2895E9679D8E0FF6DB33EC79A82F720D94164AE708D6E43A5E90A2AC5EB7206CA53856D3BB0CEDDA191EA455195D259090375F3622245978BDA772B3D7A35F42DDD7851FDBBEF36F3B82B6C3485BB7B7B3A84BB2B9ACEFE3D51D3AB047A3E226E32C623DE56D43544C0CF2236F992717A6AD695B1D6DA0D0CFD1483C55A8EC6B55FA5A9BF8B52A1C7295D3053B0F637A2E79CB71116EAD9AB53EEB668A7A126FF94B45F29292852F5C354C56A80840A560F45EAB1CF38E5B80222D58C3DF53D0438804FE8F168EDB605B2BEFBF0F17C4269FE7984F138FCCC013052F4D9CA37B1334BE9C086F24D02656565F47EAAADD22574841A97CFE4EA0A0B70BA8A4B75F25DB4A95BBAAC5AC4F49EAAE9096C7D968D1F19C27B694241FCCF2162C1BA7D4D14FCAE97D63B444F9D263E1B45693D849DDE861AEBC228AD96F6FA6DD02143A256C1BA9C50C3EAB14A4552C656C7D2B36975ACCB0975AC1EAB7424653AEDCECB9EB6769A65FDE93DE6DC63BBD2501AD7F86E905DF2FB10EF6915AD9EBF1D240DBA8A2304B6E83656EDA6CF06590AF01075CE9A5E795E0253552AE0AD6126C036ED0D77785797E4B0BB3D848F593036DD62DA5F5AC13C1C3675E18A209873F35DB6C45DB7C1DFDDA30E6F1ABF7836CC4CD34F71E36C9F65CB705297FCA0F4C903A56A1B49DA968779300B6D73C0753E171CC0C1E923FF961B68360C546FB3FBF7C7A6E1AAC21F7321ADB99664CC256A92E7123DF9E7024505853A262428B55B6724888CEF2B88856F18E728AAED26B0055CF96DA002D3EDF681E48CA2ED46B014303D50E9F3305BC09A9FA5F5B8332CDB9C18B5AAF48FD521150B56E929562BA0AEBBDC095BCFE21A5875ADC9169C66D7A1FA0366D69E32503CEF0192B281C7414DBCF5F37E70E10A133E353BF13EF21CD3146AD1B166B0837B88C7DDDFE391C66AE11D0067268316487C51B7203C5D6D36F517AE290C1A9864A305021CBA6749013F423CC2FC68EBEF4160D86FA6BEF501443668A44DF609AE08A30C608626EA4319D22633A174D65B2E28945982CF027643024E08B5EA70741C74CD0457478C2892EE321876FEF8A2474CF189B55A383929181A556C0FA782156B8C23C19538C5201B7C4DBE815BBE6C80A5B90C30C5D2A8ECAEC900778497D22426ED53177B26F25A82EDABDCB3A8F6B2B4DFA27225368E4B95D9D142B737CF25EFE408885219C1CC633552AA532F850698529C92F7B8144E0928690FA75A0ADB016BF2A55078135036F6EA2BCBBAE05A852AF585C3299641555F47F0592A8398345F5F4B9D04565C364C36F0F2D418155693C4AB39A0E4F7C247DA03CA3A663278F2F4AC15866436E8AEC2080892BE20271B71FDDB72F5C80B5EA1D581C0A02163889DB143B0BC8BAE61001174AEB6C54BC72B906E81C7E7A617588F1ED0A9EBC3081E4E375E47E0E594EF439AC347F472E4605815BC5C691813CE0FB37C5F468DFE4C46F248C240C9EBB1E6B06ABE2B3B187A1BEFDA52CDAC0592E788585A7F136888CFC13AA2941EAB6E4AF48ECCE2A02BBF82E547302915C02AFD136ED1F563F6003E8BAE627F4E6179BE9996676A2CA832C11B8864804F5DA73E65938397C36A532C39FCE564559180910072EB891323DC006964D6FE45249176F91A41F59D534E0A497D6B44D4F739645D33E80E49C788FB4365CA741D2AA35C618FC8AE4323642D41CF5A04180AF7A201626FBD51C5752FC6B093D3E29097F488C10A37E12D8E7529994C9F585FDB34491B739919CACA44FD1A4761969E0D524F51A545C4C769B24E70076ADD6CC21DA151E26AFD3B5B45729194B78BC17190C58110D599DAD9290CA33E021A741A89AED98960A33BCF303FD168008776E34AE428CE300CACDD6D42A92DA349CA1BA7E5BB4DA891AC227E6B9C378B3EA76C9E55D6FB4BF33CF2807389BFFDC79B459D1335CB8AD29EB28E5D140691E641075988E4AC56BC39CC127C76293EAA53A2005F61276D526F247BD1D1B889CD640927FB94539FB6132499CC3C5C2F362C026F13EBF1490E9B34479F166B243628C16B912C8595AABBA2640B4D9E2D17052367F9C37221A1EE5C7E04FBBD1FED282ACFF2176753F078AE5E6FEC692DC342C662DBF07BEC869FB484E204EC20F3349B7A1EFCE02729BA06083C82CCB3ACBC902BC6250C243BB8AA39694E801FC26A935755CDFE5D54B7A3DA14645E4A911F70CFB3AAB911A00A64BC0C27E35D050148046F99ACE2E01046F2DCBDBC76334149CB51A72EE512EBC43D2D4D9ECE974BAA9253B41C59C24AD1C38C02B3D131C0DDFD56D5AFE92C6921F5AFE6922A3E4B5A4EF59BB994069D6563E0E907BCBCE582012197F2E3660097396DCE2DA399278F885A4E3771286130C76415879958456B05170B3F118ADF6DA515EFC8F0D28ADFAD752B5F491568573EB19548E8037991E4D194AE893EF9A6E5A94EC4279E38F23D56CBE923CA32DBCF252329C7B26251B74A1BAE597ED9542EABBFD58FE68D63DC3CF97D3660A5E3FEDEA02ADF0019205455793C68B1AC606299B6FE9BE5FA124B95AD3113414491976E898FEA60CA1E1CD29AC3B8AC06FB5163E1A11F98CB2B198D6849E54F368E8AD013353D15F9D926C4462C0AF35FCC25102A125A08F9D162CB20200F6A6C1F04CFC7587A269A738AD475B7F0A17DC830D69CE3279BED2CEB0B93909FADB0E56C7D904C57C76EBE0A237FEB989F7977A2391D94AF55A8641ED90C6B1C75F518F9D4171DDA843E8ADA4305E50CFD88040DB23938554C420E5AFA0B4AAABB252DA21269D57E37B43A698238A5F16436C3B7EE37912B3A3230183671B561939A1539052B45BC0E0C3A3CDCB1045B84B44E8E27986388657924A0FFCC1877465014711D6C9EAFBE979D0F6C5E3050C393ACC0C9E6DFC12AF0F303B7AA001E75FF09A6A8E03071CF4FCFCE99EF93CDE75B618B34F502C1910AC507A339371883DBCACFCCABE55AE9819FCE1712F5DE441E7CBE74FF9357BC706EFEF140D77DE5DC2578D42F9C53E7BF9DF9FF4D15A8EA756ABC497763DA7451AB53C3D427C3A2AF20D97E0109F7D1B08E5F04F3304850F72F82B51623F822D86316FBB6A2EAE1E6A4F065A6639D88F471850214193D57E7EF26F52BB9C9B8F914C44037C23249CC5791C4B322674AADC5B7FD08D2E84E8EE77C3355A1AE69A140A7CFF17C1B536A16C3CE7D22C7540352F1789756FE8B3C3D7A7FE96B82137DF96460088BFCF79F42F0FCE79E3E602274B6EFFA1A2CE139C0D13A16C14716C4E6B35F521BDF50100ACD29BBBB7E2241BCB49E75FA028297FFBB1B35BA2432B1B7A3FCE3067D4D9ED1D614EBAF087C1B934C3BBBCE5AC0C2046E6C84694FB4DFF7BC753413B74DE8DE08DAF301EC8324DF7C2A5095BBEDA2673C21A5E703473B2925ECE7ED5069CF1ADEC288FDD2740F134E0898B907B6A8809960444EE941ACD8A49116BBE0B6F63320EAD5F17ED12FA574269013BEC13E3109F4B8BC2166B72B67C913D28AE3B907D054AF918DCFE03C2E34A4F7D6E78E060B7EE61EE040D82626205F1E1710F2EB8BB344442B66E59E489467B0A2C82FBE0D45936CBD881C2B3B721F6CC81678EB9FF97844507CE3ACC6FD05A19350164F126C1ECB02D2828FB823F5F07C560F8BE06FA2C5E3D858853BD3088FBDEF505C0C1D8C26D80276C7C70A6CE122D8FE74608B54303D7465C79CB96731E139989D5F69C5E3DB221EF98611365578D30E6F3308742C1977D7ECC00ECE783B3784492EDE8FC3997B1C3CB93C3B0E3BA41A125C330EDCE23EFDA5EB3D664716C581849E00494275ABA0CA15B56348A32B0CDAB98684A544AD7663DDD590EE8A1AB427E55571F28A5AB024EC55F1F52A2C6660252A93233013F5546C277BB25F25D7AFD054364CC0522260916431BBD7B41CC112AA36815BD3ECA1293126F367663CC06DCCD0F468349F50AF9D1D82E3B74D7719CFD3204DE8DEE1A1E97B45009D25C88766E995B1F29A18C3C488F3E3DFEDE0E206EAF0A0D4BA060E6906401F884257C8993B99171F9820B7DD784BB70112D6C921CC3008EF6DB7193F07B3F44665BB66F5177D9D62A4EE5B70D4F22F7DE34DF321CA5EE82CFE2AD62B226289654670DBD82E933237D1535CEDDA198DAA22CCBDBC8F10010FEFA5AF12E43F812DC28FB7103BBC68E73ABF82E000B3971E1EA17713DD1DD0FE80709761F81834A843B3DDBFAAFD9C88B7A9F3F26E9F7385F4D105ACA69FBDDD7017FD74F0038FE8FD4170835022224B2B94971DB3B1CCDE4C80BB1722E9368E0C0595E623D9907B18EE032C2CBD8B36E02B6CA3DBE714FE027760FB52BDBB2F17A21F88A6D997D73ED825204C4B19757DFC27C6B0173EFFF03B982CC22C88AD0000, N'6.4.0')
GO
INSERT [dbo].[__MigrationHistory] ([MigrationId], [ContextKey], [Model], [ProductVersion]) VALUES (N'201912131626103_ChangedTheFromTimeDataType', N'University_Management.Migrations.Project_DbContext.Configuration', 0x1F8B0800000000000400ED5D5B6FDCB8157E2FD0FF20E8A92D128FED20486B8C77E11D2785B11B3B9871167D33E8113D51ABCB54E204368AFEB23EF427ED5F58EA4651BC53F709827DD878441E1E1E7E3C3C3CA43EFDF6BFFF2F7F7C0E03E72B4C523F8E2EDDB39353D781D136F6FC6877E91ED0D3EBBFBA3FFEF0C73F2CDF7BE1B3F36B55EE4D560ED78CD24BF70B42FB8BC522DD7E8121484F427F9BC469FC844EB671B8005EBC383F3DFDDBE2EC6C01B10817CB729CE5FA10213F84F91FF8CF551C6DE11E1D40F031F6609096BFE3279B5CAA730B4298EEC1165EBA9F233F5717BD3C7C0411D8C11046E8A4A8E73A57810FB04E1B183CB90E88A218018435BEF89CC20D4AE268B7D9E31F4070FFB287B8DC13085258F6E4A22E6EDAA9D3F3AC538BBA62256A7B48511C5A0A3C7B535A69C1566F656B975811DBF13DB6377AC97A9DDBF2D2BD0A82780B105C05204D93380E5D876DF5621524590DB5CD4F3849AF9CBAFCEBBAFC2B021F8CB2ECBF57CEEA10A043022F23784009085E399F0E8F81BFFD19BEDCC7FF82D165740802BA1BB823F859E307FCD3A724DEC304BDACE153D9B91BCF7516CD7A0BB622A946D5297A7B13A137E7AE738B1B078F012428A12CB3417102FF0E2398E08E7B9F00423089321930B733D73AD3D635DC83046546D1B7AA96B48A0F490ABB4A59E351EB2AE31ABC5402F04CC3EEC3753E82E75F60B4435FB06379EB3A1FFC67E8553F94323152B0B3C175507280D66D7E48E2F01EFB91AAE16B3C1AC5DF9682EEE35EC4DCA4D56420C6FC298E030822BDA85BF0D5DFE5E8120EB1EBAC61903F4EBFF8FBC2C3F153EFA12A9C59661D07A2895E9679D8E0FF6DB33EC79A82F720D94164AE708D6E43A5E90A2AC5EB7206CA53856D3BB0CEDDA191EA455195D259090375F3622245978BDA772B3D7A35F42DDD7851FDBBEF36F3B82B6C3485BB7B7B3A84BB2B9ACEFE3D51D3AB047A3E226E32C623DE56D43544C0CF2236F992717A6AD695B1D6DA0D0CFD1483C55A8EC6B55FA5A9BF8B52A1C7295D3053B0F637A2E79CB71116EAD9AB53EEB668A7A126FF94B45F29292852F5C354C56A80840A560F45EAB1CF38E5B80222D58C3DF53D0438804FE8F168EDB605B2BEFBF0F17C4269FE7984F138FCCC013052F4D9CA37B1334BE9C086F24D02656565F47EAAADD22574841A97CFE4EA0A0B70BA8A4B75F25DB4A95BBAAC5AC4F49EAAE9096C7D968D1F19C27B694241FCCF2162C1BA7D4D14FCAE97D63B444F9D263E1B45693D849DDE861AEBC228AD96F6FA6DD02143A256C1BA9C50C3EAB14A4552C656C7D2B36975ACCB0975AC1EAB7424653AEDCECB9EB6769A65FDE93DE6DC63BBD2501AD7F86E905DF2FB10EF6915AD9EBF1D240DBA8A2304B6E83656EDA6CF06590AF01075CE9A5E795E0253552AE0AD6126C036ED0D77785797E4B0BB3D848F593036DD62DA5F5AC13C1C3675E18A209873F35DB6C45DB7C1DFDDA30E6F1ABF7836CC4CD34F71E36C9F65CB705297FCA0F4C903A56A1B49DA968779300B6D73C0753E171CC0C1E923FF961B68360C546FB3FBF7C7A6E1AAC21F7321ADB99664CC256A92E7123DF9E7024505853A262428B55B6724888CEF2B88856F18E728AAED26B0055CF96DA002D3EDF681E48CA2ED46B014303D50E9F3305BC09A9FA5F5B8332CDB9C18B5AAF48FD521150B56E929562BA0AEBBDC095BCFE21A5875ADC9169C66D7A1FA0366D69E32503CEF0192B281C7414DBCF5F37E70E10A133E353BF13EF21CD3146AD1B166B0837B88C7DDDFE391C66AE11D0067268316487C51B7203C5D6D36F517AE290C1A9864A305021CBA6749013F423CC2FC68EBEF4160D86FA6BEF501443668A44DF609AE08A30C608626EA4319D22633A174D65B2E28945982CF027643024E08B5EA70741C74CD0457478C2892EE321876FEF8A2474CF189B55A383929181A556C0FA782156B8C23C19538C5201B7C4DBE815BBE6C80A5B90C30C5D2A8ECAEC900778497D22426ED53177B26F25A82EDABDCB3A8F6B2B4DFA27225368E4B95D9D142B737CF25EFE408885219C1CC633552AA532F850698529C92F7B8144E0928690FA75A0ADB016BF2A55078135036F6EA2BCBBAE05A852AF585C3299641555F47F0592A8398345F5F4B9D04565C364C36F0F2D418155693C4AB39A0E4F7C247DA03CA3A663278F2F4AC15866436E8AEC2080892BE20271B71FDDB72F5C80B5EA1D581C0A02163889DB143B0BC8BAE61001174AEB6C54BC72B906E81C7E7A617588F1ED0A9EBC3081E4E375E47E0E594EF439AC347F472E4605815BC5C691813CE0FB37C5F468DFE4C46F248C240C9EBB1E6B06ABE2B3B187A1BEFDA52CDAC0592E788585A7F136888CFC13AA2941EAB6E4AF48ECCE2A02BBF82E547302915C02AFD136ED1F563F6003E8BAE627F4E6179BE9996676A2CA832C11B8864804F5DA73E65938397C36A532C39FCE564559180910072EB891323DC006964D6FE45249176F91A41F59D534E0A497D6B44D4F739645D33E80E49C788FB4365CA741D2AA35C618FC8AE4323642D41CF5A04180AF7A201626FBD51C5752FC6B093D3E29097F488C10A37E12D8E7529994C9F585FDB34491B739919CACA44FD1A4761969E0D524F51A545C4C769B24E70076ADD6CC21DA151E26AFD3B5B45729194B78BC17190C58110D599DAD9290CA33E021A741A89AED98960A33BCF303FD168008776E34AE428CE300CACDD6D42A92DA349CA1BA7E5BB4DA891AC227E6B9C378B3EA76C9E55D6FB4BF33CF2807389BFFDC79B459D1335CB8AD29EB28E5D140691E641075988E4AC56BC39CC127C76293EAA53A2005F61276D526F247BD1D1B889CD640927FB94539FB6132499CC3C5C2F362C026F13EBF1490E9B34479F166B243628C16B912C8595AABBA2640B4D9E2D17052367F9C37221A1EE5C7E04FBBD1FED282ACFF2176753F078AE5E6FEC692DC342C662DBF07BEC869FB484E204EC20F3349B7A1EFCE02729BA06083C82CCB3ACBC902BC6250C243BB8AA39694E801FC26A935755CDFE5D54B7A3DA14645E4A911F70CFB3AAB911A00A64BC0C27E35D050148046F99ACE2E01046F2DCBDBC76334149CB51A72EE512EBC43D2D4D9ECE974BAA9253B41C59C24AD1C38C02B3D131C0DDFD56D5AFE92C6921F5AFE6922A3E4B5A4EF59BB994069D6563E0E907BCBCE582012197F2E3660097396DCE2DA399278F885A4E3771286130C76415879958456B05170B3F118ADF6DA515EFC8F0D28ADFAD752B5F491568573EB19548E8037991E4D194AE893EF9A6E5A94EC4279E38F23D56CBE923CA32DBCF252329C7B26251B74A1BAE597ED9542EABBFD58FE68D63DC3CF97D3660A5E3FEDEA02ADF0019205455793C68B1AC606299B6FE9BE5FA124B95AD3113414491976E898FEA60CA1E1CD29AC3B8AC06FB5163E1A11F98CB2B198D6849E54F368E8AD013353D15F9D926C4462C0AF35FCC25102A125A08F9D162CB20200F6A6C1F04CFC7587A269A738AD475B7F0A17DC830D69CE3279BED2CEB0B93909FADB0E56C7D904C57C76EBE0A237FEB989F7977A2391D94AF55A8641ED90C6B1C75F518F9D4171DDA843E8ADA4305E50CFD88040DB23938554C420E5AFA0B4AAABB252DA21269D57E37B43A698238A5F16436C3B7EE37912B3A3230183671B561939A1539052B45BC0E0C3A3CDCB1045B84B44E8E27986388657924A0FFCC1877465014711D6C9EAFBE979D0F6C5E3050C393ACC0C9E6DFC12AF0F303B7AA001E75FF09A6A8E03071CF4FCFCE99EF93CDE75B618B34F502C1910AC507A339371883DBCACFCCABE55AE9819FCE1712F5DE441E7CBE74FF9357BC706EFEF140D77DE5DC2578D42F9C53E7BF9DF9FF4D15A8EA756ABC497763DA7451AB53C3D427C3A2AF20D97E0109F7D1B08E5F04F3304850F72F82B51623F822D86316FBB6A2EAE1E6A4F065A6639D88F471850214193D57E7EF26F52BB9C9B8F914C44037C23249CC5791C4B322674AADC5B7FD08D2E84E8EE77C3355A1AE69A140A7CFF17C1B536A16C3CE7D22C7540352F1789756FE8B3C3D7A7FE96B82137DF96460088BFCF79F42F0FCE79E3E602274B6EFFA1A2CE139C0D13A16C14716C4E6B35F521BDF50100ACD29BBBB7E2241BCB49E75FA028297FFBB1B35BA2432B1B7A3FCE3067D4D9ED1D614EBAF087C1B934C3BBBCE5AC0C2046E6C84694FB4DFF7BC753413B74DE8DE08DAF301EC8324DF7C2A5095BBEDA2673C21A5E703473B2925ECE7ED5069CF1ADEC288FDD2740F134E0898B907B6A8809960444EE941ACD8A49116BBE0B6F63320EAD5F17ED12FA574269013BEC13E3109F4B8BC2166B72B67C913D28AE3B907D054AF918DCFE03C2E34A4F7D6E78E060B7EE61EE040D82626205F1E1710F2EB8BB344442B66E59E489467B0A2C82FBE0D45936CBD881C2B3B721F6CC81678EB9FF97844507CE3ACC6FD05A19350164F126C1ECB02D2828FB823F5F07C560F8BE06FA2C5E3D858853BD3088FBDEF505C0C1D8C26D80276C7C70A6CE122D8FE74608B54303D7465C79CB96731E139989D5F69C5E3DB221EF98611365578D30E6F3308742C1977D7ECC00ECE783B3784492EDE8FC3997B1C3CB93C3B0E3BA41A125C330EDCE23EFDA5EB3D664716C581849E00494275ABA0CA15B56348A32B0CDAB98684A544AD7663DDD590EE8A1AB427E55571F28A5AB024EC55F1F52A2C6660252A93233013F5546C277BB25F25D7AFD054364CC0522260916431BBD7B41CC112AA36815BD3ECA1293126F367663CC06DCCD0F468349F50AF9D1D82E3B74D7719CFD3204DE8DEE1A1E97B45009D25C88766E995B1F29A18C3C488F3E3DFEDE0E206EAF0A0D4BA060E6906401F884257C8993B99171F9820B7DD784BB70112D6C921CC3008EF6DB7193F07B3F44665BB66F5177D9D62A4EE5B70D4F22F7DE34DF321CA5EE82CFE2AD62B226289654670DBD82E933237D1535CEDDA198DAA22CCBDBC8F10010FEFA5AF12E43F812DC28FB7103BBC68E73ABF82E000B3971E1EA17713DD1DD0FE80709761F81834A843B3DDBFAAFD9C88B7A9F3F26E9F7385F4D105ACA69FBDDD7017FD74F0038FE8FD4170835022224B2B94971DB3B1CCDE4C80BB1722E9368E0C0595E623D9907B18EE032C2CBD8B36E02B6CA3DBE714FE027760FB52BDBB2F17A21F88A6D997D73ED825204C4B19757DFC27C6B0173EFFF03B982CC22C88AD0000, N'6.4.0')
GO
INSERT [dbo].[__MigrationHistory] ([MigrationId], [ContextKey], [Model], [ProductVersion]) VALUES (N'201912151652523_StudentCourseRelationTableCreated', N'University_Management.Migrations.Project_DbContext.Configuration', 0x1F8B0800000000000400ED5DCD6EE4B811BE07C83B087D4A8259B7EDC16012A3BD0B6FDB1318BBE319747B16B919748BEE51A2963A927A6023C893E59047CA2B84FAA7C4E2AFA89F36067BD8718B2C168B1F8BC52A92F5BFFFFC77F1D3F3CE77BEE128F6C2E0727676723A7370B0095D2FD85ECE0EC9D30F7F9EFDF4E3EF7FB7B87177CFCE6F65B9B769395233882F675F93647F319FC79BAF7887E2939DB789C2387C4A4E36E16E8EDC707E7E7AFA97F9D9D91C13123342CB7116AB4390783B9CFD41FE5C86C106EF9303F23F862EF6E3E277F2659D5175EED00EC77BB4C197B32F8197B19BBC3C7C4401DAE21D0E9293BCDECCB9F23D44785A63FF69E6A020081394108E2FBEC4789D4461B05DEFC90FC8BF7FD96352EE09F9312E7A72511757EDD4E979DAA9795DB124B539C449B8D32478F6B690D2BC5DDD48D6B34A8A448E3744DEC94BDAEB4C9697B32BDF0F3728C14B1FC5711486BB99D36EF562E947690DB1CC4F184A6F9CBAFC0F75F937157C08CAD2FFDE38CB839F1C227C19E0431221FF8DF3F9F0E87B9B5FF0CB7DF80F1C5C0607DFA7BB413A42BE357E203F7D8EC23D8E9297157E2A3A77EBCE9C79B3DEBC5DB1AA46D5C97B7B1B246FCF67CE1D691C3DFAB842092599751246F8AF38C011E9B8FB1925098E829406CEE4CCB4DE6AEB1AEF5194A44291B72AA6B40C0F518CBB52599151EB4AE31ABD9404C84C23EA63E67C44CFBFE2609B7C258AE5DDCCF9E03D63B7FCA1A0499042940DA9934407ACDDE68728DCDD133D52367C4D4623FF5B93D07D6885CC6D5C4E864A983F87A18F5120277587BE79DB0C5DE010CF9C15F6B3CFF1576F9F6B3876EA3D948553C9AC421F9AE845998735F9DF26ED732829788FA22D4ED419AED1ADC8345D41C4785D4E8179AAB06E0756993A54623D2F2A623A2DA1C06E560C627431AF75B750A397436FA8C6F3EADF75B79AC65D12A109D4DDBBD33ED45DDE74FAEF919A5E46D8F5924A4D8664C44D495DE30479A9C5C65F324E4FD5BA32D45ABBC63B2F2660D1A62351ED5771EC6D8318D438850A6E15ACF50DF49DD1366021CB5A9D52B7793B0D36D9AF55FB25934091B21FAA2C96030432587E84D86B7F6398630A68B3961C52FD221F70A020B0A8F34BB1ACF38B429D505E6EEE3122BB9088A66BBCF600B4BE2F44C329B642FCD3D88B101B3A03C04026B491826DCF31A116EE4BC102CCF2CAC895AD29D30574408E8B6F7C76C1020CAF70A94EBA8B16B5A1CAAA498CAFA99A9A405767E9E8913EB497C49E25FFECC3A0ADDB9798F2EFADB4DEC104EC34F1DBA6A05443E8F1ADC8B1CC169472A9CF5F27830B7648884B2A195E800743B3435289D7E54091979F4532AFCAE80ABD50D5521EEB72208FE567118F55994E3E13608C8C570480D6F84BC3D48DD842689D9DCF1373A8DF0451E8FB293FA92F59DFAF6C62C976DE39B6679BC226D3926D6B4D07AB74A18363B82027EAC303BCF0303D00CBF1D610B8702713B8EA4A376DF75DC3296A388995FBBE17AFEDCD0E79BEA0D5F377BD84E5966190A04D72178ABCBB67BD58F546DAB645E4CA75231C8B5CD3EF143DD3BA6158BCF562323952D8DD1D768FE9BE7ABC7D913D37B7BA6743D57815F8331803B7AF1D43374DCF59A9C4CB4217476D57E7EC774D2F9B3A12157FD68FD2906B2BE5409A66CB78D4D5E541B8BCF414056DC43F4DB72AE99CCE0037E2AEA7833FCAD0ADDB567862E7AFFDA545D5E720585A18BF843A97D59873D8ACBE73F864BF038C02853ABAC929B68DFDE4158DEF2B88866E18E69487A927CF00AEAC2F4F8069B32D6D15FE37DDD31604C6072A7DD44417B0EAC7542C6E728B364746AD2828A175FE83B1CE7907448C80BAEA72DC7A358913D6E589615D70AA9D34B607CCB43DA1A1786E0192BC8127464DB8F1B27E30E64ACB7C6A76E226701DD5C05EDEB1A6B1437A48C6DDDB9391266C911D00232685162AFBA26E013CF3D36CEA4F4C530434384A470BF9C4744FFD1B5E90B008F3828DB747BE62BF5BF5B5C3E2E9A0556DB6BF908A384801A628221BCC546DB626944C7A8B3985324DF069C0AE4FC081502B2317C3A06B22B83A364409424EBCD157893FD52800E3B332482835A60CB9B3F6602C3E05D7D8C70976AE36F9DDAE258A37C865ED14B22CB816D02AEF850A5C3A62553E6E2A4CD4D1D5C9E09552623A3082828EBDE2163A69A2A68AA7885FB637836A5EB5113D2E2D0CC72324109304271844F78A2E45EE00F81BCDB72E6016CA6D38752C14900A1BD4F99BB16DD22AF6A76038B2A7D82C5AA56C94513A0DECDBA5ED1E8E6598B68571243A110E52F0065F12B16036C03AC0921C721F63732DECEE00CA4B281295F6A90B2B23692DC001CED72C226F38ADB7A8688B8EE212C586A4D0B5A6B9F89D1C00512221A869AC465076ECA550015382C3D21697C23101C5EDE1584BA119B0465F0AC11B6EBCB117DF2796FB4AF8A8125FA41B631914F575009D2512C831F852DAF134EE5E8E1B5CA3CCEA2A74AB0E28FEA5ED81BCC8BC8E29EDBBB8015EBD6D204706DD59180041DCD76B78232E7FCAA61E79E07D2B75FF9BF4299C23F01ACBFA308086938DD7116839E16345EAF0117B8B2D63F5783DC52A7D19D4FA5319C9233103396F57A9C3AAF990556FE86D3C844535B302284F11B134FF2AD0804FD27444293D56DD98B08ECC9BECA84C7688DB0B7054304058FA3BDE24D78FE907FC0CDD4BFB12E3E284545C9CCA69832A25BCC6090FF0F1CCB9A9CEE9F0C1CB60B549B63A3EC6D02A2D012502D5B969860CB80192D0ACF50B449156F91242F09D168622186F51232D202725511F36E5494D415295A7071615E5849375A830A0C11E551B1A09911507982B088BD49482C6BE7D249F2A2E7B4BA23DEF354EA0553D6AC190D1251A67CE289AAD3EB5D578532426E25213949688EC0A4720161B0211DD1B6705A37AE4A7B955971FFAA1BA06EB2081C4148EF90C26395AD7AA498FB7A1907611D854D89622B0955043B4B93439D72AB9B25438F60075537CF08195A392ECC4E7153407A79B6EABD9162A3738E8CED3474CD8BD9B7A6302ED0A6237900AE7C21A2B1785A071A32BE2B031D599DA6E1108461C28EE754584AEF340B091453DE581491038B44526448E20D2A920ED6E134A2C1949E84E3978D76D420D241530A20488451E79528F3DC91770F568538F7389BD65042C5CC2C8895AEC84D694F53644B442F1A225BD5846FC87E95971A88501F4020154A7203780404E52D7FF40F212DB91EA6E697DC7B44DD90D693FF21EE757911EEB0AD57186DA9458C3FD49115E41B404522AEFA4558EB6EADB629E27D5297E58CC39D977161FD17EEF055B2A1B4FF18BB3CE53F12C7F58EB67A6D9E534E69B86DE6BBB05AB969230425BDCFA9A4E3D177FF0A2387D5F0D3DA254B32CDD1D538C712B729C3165735CCF213B84A5BFA6AC9AFE3BAFAE972D07F0CF16243F909EA75533216011C8581A4E9A3A09F928026EB32F43FFB00BF8113E7EED661883A6230E70F029D6E13D9A1A3FE8C7A754BAB0693A3CB7B6A08769169B46C71073C75454BFCE484313A97F55A754A6A4A1E994BFA9536964A4690C3CFD81A5B798B740C804069819C0C4579A734B69E6F12D22C3E9069B120A738C57B19F8995B796BF44CC4E84FC775D6AF95D7C965AFEBB366FC5D3370077C5175D8A5506109664F5694CD5449F8FA1E989CECD8C3C71F87B2CC3E903C5A2F4E79212956359B1A8B3E70DD5CC3F92CEA7656FF5A3B326B4D47CF5FB64C04ADBFDD6A0CADF0029205454793868D5F558DDDDFE6642955D5FDADF26031145A7BE2156A0F0B53E6894A8F4A3D6A86B7B8DA5897F9B4F051FD333EADBEF68D3F4DADFA6865DFB7835C7E8C0B864D557E383C6F8E74F4C36863DFF49078DD56BC44D38563FEB6C0FDB28E4618F47A17AAE932652FDA8B1DD05DE0A6E6C7D81EF43E88491E69C20ECD2CDF4353777879A73EC64D39D65B63089D9D98A0D67EB0367BA3A7AF315DCB56AEF575BB7039BD34178715044F3C86658234C6BD16AAFCFDB9998ED82DA7D6D285B4F7472D0C09B8363D9245590D09E51521E7134B04AB855ED3A6364D4003BA5F16532C3B7B21B8480C25D0AC30657EBD7215F3EE0D8A602AF03BD0E0F13526B17A95AAF426BAD10DAA2086735E26C59CFD3A859D6E3B808ADB5E35B79919943C4F3CD73D3D8D6FA8500757792163859FFD35FFA5E162C2E0B9051F79E709CE4EF7CCECE4FCFCE67CE95EFA1388F821691BB8BF6397BA550DED9DB349487DDDDBC5D5D3F2098528963D707C281D49BA99298D710EF3F7BA978A5EF915A78C3DD03F3F2DC062E7EBE9CFD2BAB78E1DCFEED81AEFBC6F9149151BF704E9D7F774E7AA5CA4059AF53E3CD2761559BCE6B756A380BEDE5AD06DF50B4F98AA266DE8477DA24EB405F4ED72520494C72D09491BE8E641A51BE9CD6636AFB1A3D67CBCC49F0BAEEB14E443AD4260045FA84B511E5DCA2E88372332BC5931F22D908F328557137D1ACC8B289D4E4F3F7918F40C9B1EFA2ABB250D7D460A05322F5D731A52631EC4C7273550EAA8AC7BBB4B2B9D42D6A7FEE45F8917256F70C61487FFF61879EFF6829F534A86CDFDB1A2C69ACEA68950C93415659AB9715BB199153D071A32A1938D7ADA2C9AA9DAFF45581566A13BED7B7091B393F41A2595EB6AE293D61DBF0AC53C64E37FB77B7FC771CD35A5F8EFC649CB6B4FF600A433B55E4EB9864D2D97566000B15B8B5B748FAD9146DCF5B4732714DF69E8D5D673680363221AA4F05AAF2B1ADE04619F85EC7A4E4A4B83343A57E6A380321DACDC5D68F3901A45FEB59A2C0E35103260EEB458ACD5C61B00A36951FFB1E97DA532CE03D5F0B6FFC828F0C8DF20AABF0DC6E8F4FBBA91D6D9FE4536EB2C769FA024D798777A80756C78206F7D2D024D16090844B7920FB4DEFC2D53EC3A573D1186AFB29878EE10154C39459067AE795236D2C65668ABBE96836A3C456E327AF9A00E6F8F70626A3DE8E33019505634A03A7AF43031D8BD6314A1D65294BD404F663FC7B0FD67586E916EC58D33FD948F7A48137FBA99D0604C52B4FDB64CF85334A4EA6515C35C7B280C89FBD33DB8A1FC3EA31DC7EDA74F1187B3FAD9B36A9739EA4A1BD76827B413AC195BE3C76C797F6686C6F1D90238162C520FDC7C4358BCA136D93D32B46898AA6E2A59B06C2C6326FCCF03601434733A5D0AA3DB0BDA7F4991AC238F72E55A3E403A06AF44440ECC39EED216DE64F0186AE8EC0F38737BF4E7939731FD3807F1ECE97BFDDCAC9E523C80504B5537E93D0068D76A621B014D46AB7B44292AC425083F477493BA0479C69102C05B5AC945D81C383283B91A02DD5D114652E128C9AC24851DE2460A8A8AFF058E9A73D12663D0245A59313899B1209A20C3F8E2C7BD15FFA7EBDDA111DAE4555754B3417E4FB788A8CCA1C9E584624133134B52AFD1C6BF7CE0E90ED4899FDE67E9FAF03B9AFCDF5230EF1D3F3C6298CBA616254F10C949308EAD0048502854C2D6619EA800E15014E308110A4E327B94EF49D278897174845182A429C5E06A00E56424F1D06A317B692FBE82E8AE300BDA7243E60D69ED10CA19E53F4988D377737CFC97BD18718C4E68F61E69D6E337E0A62B1964C67D5E61F4A753B50F735B2E4B04F772DE6AB4390DE71CEFFCAD7AB8AC482D00CF0A6E1F5AACADC064F61E97C6B715416695D4EF98813E4A2045D4589F7843609F9BCC144E105DB99F31BF20F38BDF9FB88DDDBE0D321D91F12D265BC7BF41BC94B52279EA8FD2C155093E7C5A77DF6E2A38D2E1036BDF48AEFA7E0E783E7BB15DF1F806B341C12A977B0B8F1938E657A3D176F5F2A4A7761A048A8105FE5D4BCC7BBBD4F88C59F8235FA864D78FB12E35FF1166D5ECA17D8F844E403D114FBE2DA43DB08EDE282465D9FFC4930ECEE9E7FFC3FB36EBC64CDD10000, N'6.4.0')
GO
INSERT [dbo].[__MigrationHistory] ([MigrationId], [ContextKey], [Model], [ProductVersion]) VALUES (N'201912151831220_IsAssignedColumnAddedToStudentCourseAssing', N'University_Management.Migrations.Project_DbContext.Configuration', 0x1F8B0800000000000400ED5DCD6EE4B811BE07C83B087D4A8259B7EDC16012A3BD0B6FDB1318BB630FBA3D8BDC0CBA45F728514B1D493DB011E4C972C823E51542FD5362F157D44F0F067BD8718B2C168B1F8BC52A92F5BFFFFC77F1D3CBCE77BEE228F6C2E0727676723A7370B0095D2FD85ECE0EC9F30F7F9EFDF4E3EF7FB7B871772FCE6F65B9B769395233882F675F92647F319FC79B2F7887E2939DB789C2387C4E4E36E16E8EDC707E7E7AFA97F9D9D91C13123342CB7116AB4390783B9CFD41FE5C86C106EF9303F23F862EF6E3E277F2659D5175EED00EC77BB4C197B3CF8197B19BBC3E7E4401DAE21D0E9293BCDECCB9F23D44785A63FF79E6A020081394108E2F3EC7789D4461B05DEFC90FC87F78DD6352EE19F9312E7A72511757EDD4E979DAA9795DB124B539C449B8D32478F6B690D2BC5DDD48D6B34A8A448E3744DEC96BDAEB4C9697B32BDF0F3728C14B1FC5711486BB99D36EF562E947690DB1CC4F184A6F9CBAFC0F75F937157C08CAD2FFDE38CB839F1C227C19E0431221FF8DF3E9F0E47B9B5FF0EB43F80F1C5C0607DFA7BB413A42BE357E203F7D8AC23D8E92D7157E2E3A77EBCE9C79B3DEBC5DB1AA46D5C97B7B1B246FCF67CE1D691C3DF9B842092599751246F8AF38C011E9B8FB0925098E829406CEE4CCB4DE6AEB1AEF5194A44291B72AA6B40C0F518CBB52599151EB4AE31ABD9604C84C23EA63E67C442FBFE2609B7C218AE5DDCCF9E0BD60B7FCA1A0499042940DA9934407ACDDE68728DC3D103D52367C4D4623FF5B93D0436885CC6D5C4E864A983F87A18F5120277587BE7ADB0C5DE010CF9C15F6B3CFF1176F9F6B3876EA3D968553C9AC421F9AE84599C735F9DF26ED732829F880A22D4ED419AED1ADC8345D41C4785D4E8179AAB06E0756993A54623D2F2A623A2DA1C06E560C627431AF75B750A397436FA8C6F3EADF75B79AC65D12A109D4DDBBD33ED45DDE74FAEF919A5E46D8F5924A4D8664C44D495DE30479A9C5C65F324E4FD5BA32D45ABBC63B2F2660D1A62351ED5771EC6D8318D438850A6E15ACF50DF49DD1366021CB5A9D52B7793B0D36D9AF55FB25934091B21FAA2C96030432587E84D86B7F6398630A68B3961C52FD221F70A020B0A8F34BB1ACF38B429D505E6E1E3022BB9088A66BBCF600B4BE2F44C329B642FCD3D88B101B3A03C04026B491826DCF31A116EE4BC102CCF2CAC895AD29D30574408E8B6F7C76C1020CAF70A94EBA8B16B5A1CAAA498CAFA99A9A405767E9E8913EB497C49E25FFECC3A0ADDB9798F2EFADB4DEC104EC34F1DBA6A05443E8F1ADC8B1CC169472A9CF5F27830B7648884B2A195E800743B3435289D7E54091979F4532AFCAE80ABD50D5521EEB72208FE567118F55994E3E13608C8C570480D6F84BC3D48DD842689D9DCF1373A8DF0451E8FB293FA92FD9865F99E029D80E641377DE83B6E7ADC276D592956C4D9BAB74A1838BB92027EAC323BC84313D00CBF15623B8702763BAEA4A37BDF95D572AEA4A89BDFCBE17FFEFCD0E79BEA0D5F377BD04F8966190A04D72178AFCC467BDEC0F6CE8ED2BD78D702C7272BF53F471EB0674F1D68BC9E448617777D83DA53BF4F17658F61CE6EA3E12553358E019614CE5BEF61EDD343D67A5122F0B5D5CBE5DDDBCDF35BD6CEA4854FC593F4A43AEAD9443729A2DE351579747E1F2D2533CB5114935DDF4A4733A03DC88FBA70E9E2D4307715BE189DDC8F6971655EF856069613C1CEA5C5663CE61B3FACEE193FD0E300A14EAE870A7D836F6B85734BEAF201ABA6198F322A63E4103B8B25E4101A6CDB6B4D54102D33D6D41607CA0D287567401AB7EE0C5E226B7687364D48AC21B5A274918EB9C77D4C408A8AB2E07B7579338AB5D9E3DD605A7DA99657BC04CDB131A8AE71620C91B7862D4841B2FEB0763AEB4CCA766276E02D7510D11E61D6B1A3BA48764DCBD3D1969C216D90130625268A1B22FEA16C0D343CDA6FEC434454083A374B4904F4CF7D4BFE105098B302FD8787BE42BF6BB555F3BC09E0E5AD566FB0BA9888314608A22B2C14CD5666B42C9A4B7985328D3049F06ECFA041C08B53272310CBA2682AB63439420E4C41B7D95F8538D0230D22B83845263CA903B6B0FC6E23EB8C63E4EB073B5C96F892D51BC412E6BA79065C1B58056792F54E0D211ABF2715361A28ED34E06AF9412D381111474EC15B7D0991535553C45FCB2BD1954F3AA8DE8716961381E2181982438C120BA5774297207C0DF68BE7501B3506EC3A963A18054D8A04EF28C6D9356B13F05C3913D0F67D12A65A38CD26960DF2E6DF7702CC3B42D8C23D18970908237F8928805B301D60196E4B8FC189B6B617707505E4291A8B44F5D7D19496B010E70BE661179C369BD45455B74149728362485AE35CDC5EFE400881209414D633582B2632F850A98121CBBB6B8148E09286E0FC75A0ACD8035FA5208DE95E38DBDF866B2DC57C24795F84ADE18CBA0A8AF03E82C91408EC197D28EA771F772DCE01A655657A15B7540F1AF7F0FE445E6754C69DFC50DF0EA6D033932E8CEC20008E2BE83C31B71F9A338F5C8032F65A9FBDFA48FEA1C81D758D68701349C6CBC8E40CB099F3D52878FD85B6C19ABC7EB2956E9CBA0D69FCA481E8919C879054B1D56CD27B17A436FE3492DAA991540798A88A5F95781067C92A6234AE9B1EAC6847564DE644765B243DC5E80A38201C2D2DFF126B97E4A3FE017E85EDAE7181727A4E2E2544E1B5429E1354E78808F67CE4D754E870F5E06AB4DB2D5F131865669092811A8CE4D3364C00D908466AD5F208AB4CA971082EFB43014C1788B1A6901392989FAB0294F6A0A92AA3C3DB0A828279CAC4385010DF6A8DAD04888AC38C05C4158A4A61434F6ED23F95471D9AB14ED79AF7102ADEA510B868C2ED1387346D16CF5A9ADC69B223111979AA0B44464573802B1D81088E8DE382B18D5233FCDADBAFCD00FD53558070924A670CC6730C9D1BA564D7ABC0D85B48BC0A6C2B61481AD841AA2CDA5C9B956C995A5C2B107A89BE2830FAC1C9564273EAFA03938DD745BCDB650B9C141779E3E62C2EEDDD41B13685710BB81543817D658B928048D1B5D11878DA9CED4768B4030E24071AF2B22749D07828D2CEA290F4C82C0A12D32217204914E0569779B5062C9484277CAC1BB6E136A20A9801125402CF2C8937AEC49BE80AB479B7A9C4BEC2D2360E112464ED46227B4A6ACB721A2158A172DE9C532E23F71CF8A432D0CA01708A03A05B901047292BAFE079297D88E54774BEB3BA66DCA6E48FB91F7CCBF8AF45857A88E33D4A6C41AEE4F8AF00AA22590527927AD72B455DF16F33C3D4FF1C362CEC9E3B3F888F67B2FD852797D8A5F9C759ED467F9C35A3FC7CD2EA731DF34F45EDB2D58B5948411DAE2D6D774EAB9F88317C5E94B6DE809A59A65E9EE98628C5B91E38C299BE37A0ED9212CFD3565D5F4DF7975BDBC3B807FB620F981F43CAD9A09018B40C6D270D2244CC84711709B7D19FA875DC08FF0F16B37C318341D7180834FB10EEFD1D4F8413F3EA5D2854DD3E1B9B5053D4CF3E1343A86983BA6A2FA756E1B9A48FDAB3AA532B90D4DA7FC4D9D4A23B74D63E0E90F2CBDC5BC05422630C0CC0026BED29C5B4A338F6F11194E37D894509863BC8AFD4CACBCB5FC4D637622E4BFEB52CBEFE2B3D4F2DFB5792B9EBE01B82BBEE852AC7289B024AB4F63AA26FA7C0C4D4F746E66E489C3DF63194E1F2816A53F9794A81CCB8A459D3D6FA866FE91743E2D7BAB1F9D7FA1A5E6ABDF270356DAEEB70655FE064801A1A2CAC341ABAEC7EAEEF63713AAECFAD2FE361988283AF50DB10285AFF541A344A51FB5465DDB6B2C4DFCDB7C2AF8989E51DF7E919BA6D7FEA6AB2CF387B9596599FF3EB599601FFDE6881F18E5AC326C7CD04053FE60650344F94F3AD8AEDE366E82BBFA5967B3D9C6B42E92ABC73F6922D58F1A9B67E0E5E1C6461AF83E84861969CE098238DD0C6973E379A839C74E36DD59660B93989DADD870B63E72A6ABA3375FC13DB0F6EEB775D7B0391D84D71045348F6C863582BE16F700F5E93D934D80A0765FDBD3D6839F1C34F0E6E05836491572B467949407260DAC126E55BBAE1D1935C04E697C99CCF0ADEC8634A0E099C2B0C1D5FA75EF97CF41B6A9C0EB40AFC3C304E8DA45AAD6AB405D2B20B72882638DA85DD6F3340697F5382E0275ED68595E64E610F17CF5DC3452B67E2540DD9DA4054ED6FFF497BE97859ECB0264D4BD671C27F9ABA1B3F3D3B3F39973E57B28CE63AA451CF0A27D6A5F293078F6360D0C6277376F57D70F2FA654E2D8F581E022F502AB248236C46BD25E2A5EE9EBA6165E84F7C02C3FB7818B5F2E67FFCA2A5E38B77F7BA4EBBE71EE2332EA17CEA9F3EFCEC9B8541928EB756ABCF9C0AC6AD379AD4E0D6781C2BCD5E02B8A365F50D4CCC2F04E9B641D36CCE9BA04248949469B326ED8914C236698D37A4A6D5FA3C7719939095EFE3DD6894807EE04A0481FC436A29C5B147D506EE6B878F643241B611EA52A8A279A15596E929A7CFEDAF2112839F695755516EA9A1A0C744AF0FE6D4CA9490C3B93745D9583AAE2F12EAD6C8E778BDA9F7BAD7EA45CDA3D4318D2DF7FD8A1973F5A4A890D2ADBF7B6064B1AF93A5A25C364B655D6EA65C56E46E41474DCA84A06CEC1DBC5646DE5E0B5A8B3C070D8B1435F6A59BED7B72C1B794841A259AEB8AE6946610BF3AC53165137FB77B79C7C1C035D5F8EFC04A1B6D690C1D48E76FACA6F63924967D799012C54E0D6DE68E96778B43D6F1DC9C435D9C136F6AED900DAC8CEA83E15A8CAC76607186505FC36262527ED9E192AF5D3D51908D16E7EB87ECC0920255CCF12051EB41A3099592F526CE62F8355B0A9FCD837C2D49E8701EF1E5B7877187CF8689497618567897B7C6E4EEDB8FD249F97933D98D31768CA7BC5433DFA3A1634B8179926890683C460CA03D96FCA19AEF6192EC58CC650DB4F83740C8FB21AA6F132D03BDF38D2C65266A6B89B8E66334AB6357E42AD09608E7FFB6032EAED3893625930A63470FA6D68A063D13A46E9AC2C65AE9AC07E8C7F7BC2BACE30DD821D6B4A2A1B29A834F0663FDDD480A0F8C65349D973E18C92276A1457CDB12C20F2A7F8CCB6E2C7B07A0CB79F365D3CC6DE4FEBA672EA9CBB6968AF9DE076914E70A52F8FDDF1A5621ADB5B07E46DA0583148493271CDA2F26CDCE4F48A51F2A4A978E9A681B0B1CC1B33BC4DC0D0D14C73B46A0F6CEF6986A68630CEED4DD528F900A81A3D3911FBD8687B489B395D80A1AB23F0FCE1CD2F655ECEDCA734E09F87F3E5EFC972F20B09F21341ED94DF24B441A39D69082C05B5DA2DD59124D311D420FD5DD20EE811671A044B412D2B657CE0F020CA9824684B753445D99404A3A63052943709182AEA2B3C56FAA9988499984051E9E469E2A6698228C30F36832F57738FDDD8CEE0C4797D1B50AD927D3C4546650E4F2C4B9389189A5A957E22B67B6707C8C0A4CC7E73BFCFD781DC17F0FA1187F8397CE3B44ADD3031AA7806CA9304756882428142A616331F7540878A002798D408D2F1935C27FACE5DC4CB55A4220C15214E2F2B51072BA1A70E83D10B5B09877417C57180DE5362213093D0688650CF6983CCC69BBB9BE7E4E2E8430C62F3C7301B50B7193F05B1584BF0B36AF30FA5DF1DA8FB1A997BD807C016F3D521486F4AE77FE5EB55456241680678D3F07A55656E83E7B074BEB5382A8BB42EA77CC409725182AEA2C47B469B847CDEE0ECBAF5CCF90DF9079CDEFC7DC2EE6D707F48F687847419EF9EFC464295D489276A3F4B4FD4E47971BFCFDE8DB4D105C2A6975EF1BD0F7E3E78BE5BF1FD01B846C321917A078B1B3FE958A6D773F1F6B5A27417068A840AF1554ECD07BCDBFB84587C1FACD1576CC2DBE718FF8AB768F35ABEE3C627221F88A6D817D71EDA4668171734EAFAE44F826177F7F2E3FF01431905B3ABD20000, N'6.4.0')
GO
INSERT [dbo].[__MigrationHistory] ([MigrationId], [ContextKey], [Model], [ProductVersion]) VALUES (N'201912151848463_RenamedTheIsAssignedColumn', N'University_Management.Migrations.Project_DbContext.Configuration', 0x1F8B0800000000000400ED5DCD6EE4B811BE07C83B087D4A8259B7EDC16012A3BD0B6FDB1318BBE319747B16B919748BEE51A2963A927A6023C893E59047CA2B84FAA7C4E2AFA89F36067BD8718B2C168B1F8BC52A92F5BFFFFC77F1D3F3CE77BEE128F6C2E0727676723A7370B0095D2FD85ECE0EC9D30F7F9EFDF4E3EF7FB7B87177CFCE6F65B9B769395233882F675F93647F319FC79BAF7887E2939DB789C2387C4A4E36E16E8EDC707E7E7AFA97F9D9D91C13123342CB7116AB4390783B9CFD41FE5C86C106EF9303F23F862EF6E3E277F2659D5175EED00EC77BB4C197B32F8197B19BBC3C7C4401DAE21D0E9293BCDECCB9F23D44785A63FF69E6A020081394108E2FBEC4789D4461B05DEFC90FC8BF7FD96352EE09F9312E7A72511757EDD4E979DAA9795DB124B539C449B8D32478F6B690D2BC5DDD48D6B34A8A448E3744DEC94BDAEB4C9697B32BDF0F3728C14B1FC5711486BB99D36EF562E947690DB1CC4F184A6F9CBAFC0F75F937157C08CAD2FFDE38CB839F1C227C19E0431221FF8DF3F9F0E87B9B5FF0CB7DF80F1C5C0607DFA7BB413A42BE357E203F7D8EC23D8E9297157E2A3A77EBCE9C79B3DEBC5DB1AA46D5C97B7B1B246FCF67CE1D691C3DFAB842092599751246F8AF38C011E9B8FB1925098E829406CEE4CCB4DE6AEB1AEF5194A44291B72AA6B40C0F518CBB52599151EB4AE31ABD9404C84C23EA63E67C44CFBFE2609B7C258AE5DDCCF9E03D63B7FCA1A0499042940DA9934407ACDDE68728DCDD133D52367C4D4623FF5B93D07D6885CC6D5C4E864A983F87A18F5120277587BE79DB0C5DE010CF9C15F6B3CFF1576F9F6B3876EA3D948553C9AC421F9AE845998735F9DF26ED732829788FA22D4ED419AED1ADC8345D41C4785D4E8179AAB06E0756993A54623D2F2A623A2DA1C06E560C627431AF75B750A397436FA8C6F3EADF75B79AC65D12A109D4DDBBD33ED45DDE74FAEF919A5E46D8F5924A4D8664C44D495DE30479A9C5C65F324E4FD5BA32D45ABBC63B2F2660D1A62351ED5771EC6D8318D438850A6E15ACF50DF49DD1366021CB5A9D52B7793B0D36D9AF55FB25934091B21FAA2C96030432587E84D86B7F6398630A68B3961C52FD221F70A020B0A8F34BB1ACF38B429D505E6EEE3122BB9088A66BBCF600B4BE2F44C329B642FCD3D88B101B3A03C04026B491826DCF31A116EE4BC102CCF2CAC895AD29D30574408E8B6F7C76C1020CAF70A94EBA8B16B5A1CAAA498CAFA99A9A405767E9E8913EB497C49E25FFECC3A0ADDB9798F2EFADB4DEC104EC34F1DBA6A05443E8F1ADC8B1CC169472A9CF5F27830B7648884B2A195E800743B3435289D7E54091979F4532AFCAE80ABD50D5521EEB72208FE567118F55994E3E13608C8C570480D6F84BC3D48DD842689D9DCF1373A8DF0451E8FB293FA92FD9865F79489BB8F31EB43D6F15B6AB96AC646BDA5CA50B1D5CCC0539511F1EE0258CE901588EB71AC1853B19D35557BAE9CDEFBA5251574AECE5F7BDF87F6F76C8F305AD9EBFEB25C0B70C83046D92BB50E4273EEB657F60436F5FB96E84639193FB9DA28F5B37A08BB75E4C26470ABBBBC3EE31DDA18FB7C3B2E73057F791A89AC102CF08632AF7B5F7E8A6E9392B957859E8E2F2EDEAE6FDAEE9655347A2E2CFFA511A726DA51C92D36C198FBABA3C0897979EE2A98D48AAE9A6279DD319E046DC3F75F06C193A88DB0A4FEC46B6BFB4A87A2F044B0BE3E150E7B21A730E9BD5770E9FEC778051A05047873BC5B6B1C7BDA2F17D05D1D00DC39C1731F5091AC095F50A0A306DB6A5AD0E1298EE690B02E303953EB4A20B58F5032F1637B9459B23A35614DED03A49C258E7BCA32646405D7539B8BD9AC459EDF2ECB12E38D5CE2CDB0366DA9ED0503CB70049DEC013A326DC78593F1873A5653E353B7113B88E6A8830EF58D3D8213D24E3EEEDC94813B6C80E801193420B957D51B7009E1E6A36F527A629021A1CA5A3857C62BAA7FE0D2F48588479C1C6DB235FB1DFADFADA01F674D0AA36DB5F48451CA4005314910D66AA365B134A26BDC59C429926F83460D727E040A895918B61D035115C1D1BA2042127DEE8ABC49F6A1480915E1924941A5386DC597B30169F826BECE3043B579BFC96D812C51BE4B2760A59165C0B6895F742052E1DB12A1F371526EA38ED64F04A29311D184141C75E710B9D595153C553C42FDB9B4135AFDA881E971686E31112884982130CA27B4597227700FC8DE65B17300BE5369C3A160A48850DEA24CFD8366915FB53301CD9F37016AD5236CA289D06F6EDD2760FC7324CDBC238129D08072978832F8958301B601D60498ECB8FB1B916767700E52514894AFBD4D59791B416E000E76B1691379CD65B54B445477189624352E85AD35CFC4E0E80289110D4345623283BF652A88029C1B16B8B4BE19880E2F670ACA5D00C58A32F85E05D39DED88B6F26CB7D257C5489AFE48DB10C8AFA3A80CE1209E4187C29ED781A772FC70DAE51667515BA550714FFFAF7405E645EC794F65DDC00AFDE36902383EE2C0C8020EE3B38BC11973F8A538F3CF05296BAFF4DFAA8CE11788D657D1840C3C9C6EB08B49CF0D92375F888BDC596B17ABC9E6295BE0C6AFDA98CE49198819C57B0D461D57C12AB37F4369ED4A29A590194A788589A7F1568C027693AA2941EAB6E4C5847E64D7654263BC4ED05382A18202CFD1D6F92EBC7F4037E86EEA57D897171422A2E4EE5B44195125EE38407F878E6DC54E774F8E065B0DA245B1D1F63689596801281EADC344306DC004968D6FA05A248AB7C0921F84E0B43118CB7A89116909392A80F9BF2A4A620A9CAD3038B8A72C2C93A5418D0608FAA0D8D84C88A03CC1584456A4A4163DF3E924F1597BD4AD19EF71A27D0AA1EB560C8E8128D336714CD569FDA6ABC29121371A9094A4B44768523108B0D8188EE8DB382513DF2D3DCAACB0FFD505D83759040620AC77C06931CAD6BD5A4C7DB5048BB086C2A6C4B11D84AA821DA5C9A9C6B955C592A1C7B80BA293EF8C0CA514976E2F30A9A83D34DB7D56C0B951B1C74E7E92326ECDE4DBD31817605B11B488573618D958B42D0B8D11571D898EA4C6DB70804230E14F7BA2242D77920D8C8A29EF2C024081CDA2213224710E9549076B70925968C2474A71CBCEB36A106920A185102C4228F3CA9C79EE40BB87AB4A9C7B9C4DE3202162E61E4442D76426BCA7A1B225AA178D1925E2C23FE13F7AC38D4C2007A8100AA53901B402027A9EB7F207989ED4875B7B4BE63DAA6EC86B41F79CFFCAB488F7585EA38436D4AACE1FEA408AF205A02299577D22A475BF56D31CFD3F3143F2CE69C3C3E8B8F68BFF7822D95D7A7F8C559E7497D963FACF573DCEC721AF34D43EFB5DD82554B4918A12D6E7D4DA79E8B3F78519CBED4861E51AA5996EE8E29C6B81539CE98B239AEE7901DC2D25F53564DFF9D57D7CBBB03F8670B921F48CFD3AA9910B008642C0D274DC2847C1401B7D997A17FD805FC081FBF76338C41D3110738F814EBF01E4D8D1FF4E3532A5DD8341D9E5B5BD0C3341F4EA36388B9632AAA5FE7B6A189D4BFAA532A93DBD074CADFD4A93472DB34069EFEC0D25BCC5B20640203CC0C60E22BCDB9A534F3F81691E174834D098539C6ABD8CFC4CA5BCBDF34662742FEBB2EB5FC2E3E4B2DFF5D9BB7E2E91B80BBE28B2EC52A97084BB2FA34A66AA2CFC7D0F444E766469E38FC3D96E1F4816251FA734989CAB1AC58D4D9F3866AE61F49E7D3B2B7FAD16FCDB6D47CF5FB64C04ADBFDD6A0CADF0029205454793868D5F558DDDDFE6642955D5FDADF26031145A7BE2156A0F0B53E6894A8F4A3D6A86B7B8DA5897F9B4F051FD333EADB2F72D3F4DADF5EA9B2144468BAA1DF1CF103A39C55868D0F1A68CA1FAC6C8028FF4907DBD5DBC64D70573FEB6C36DB98D64572F5F8274DA4FA5163F30CBC3CDCD84803DF87D03023CD394110A79B216D6E3C0F35E7D8C9A63BCB6C6112B3B3151BCED607CE7475F4E62BB807D6DEFDB6EE1A36A783F01AA288E691CDB046D0D7E21EA03EBD67B20910D4EE6B7BDA7AF0938306DE1C1CCB26A9428EF68C92F2C0A48155C2AD6AD7B523A306D8298D2F9319BE95DD9006143C531836B85ABFEEFDF239C83615781DE8757898005DBB48D57A15A86B05E4164570AC11B5CB7A9EC6E0B21EC745A0AE1D2DCB8BCC1C229E6F9E9B46CAD62F04A8BB93B4C0C9FA9FFED2F7B2D07359808CBAF784E3247F3574767E7A763E73AE7C0FC5794CB588035EB44FED2B0506CFDEA68141ECEEE6EDEAFAE1C5944A1CBB3E105CA45E609544D086784DDA4BC52B7DDDD4C28BF01E98E5E73670F1F3E5EC5F59C50BE7F66F0F74DD37CEA7888CFA8573EAFCBB73322E5506CA7A9D1A6F3E30ABDA745EAB53C359A0306F35F886A2CD571435B330BCD32659870D73BA2E01496292D1A68C1B7624D38819E6B41E53DBD7E8715C664E82977F8F7522D2813B0128D207B18D28E716451F949B392E9EFC10C9469847A98AE2896645969BA4269FBFB67C044A8E7D655D9585BAA606039D12BCBF8E293589616792AEAB7250553CDEA595CD676951FB73AFD58F944BBB670843FAFB0F3BF4FC474B29B14165FBDED66049235F47AB6498CCB6CA5ABDACD8CD889C828E1B55C9C03978BB98ACFDE92C301C76ECD0975A96EFF52DCB461E529068962BAE6B9A51D8C23CEB9445D4CDFEDD2D271FC740D797233F41A8AD356430B5A39DBEF2754C32E9EC3A3380850ADCDA1B2DFD0C8FB6E7AD2399B8263BD8C6DE351B401BD919D5A70255F9D8EC00A3AC80AF635272D2EE99A1523F5D9D8110EDE687EBC79C0052C2F52C51E041AB019399F522C566FE3258059BCA8F7D234CED7918F0EEB1857787C1878F467919567896B8C7E7E6D48EDB4FF27939D983397D81A6BC573CD4A3AF6341837B9169926830480CA63C90FDA69CE16A9FE152CC680CB5FD3448C7F028AB611A2F03BDF3CA9136963233C5DD74349B51B2ADF1136A4D0073FCDB0793516FC79914CB8231A581D3D7A1818E45EB18A5B3B294B96A02FB31FEED09EB3AC3740B76AC29A96CA4A0D2C09BFD74530382E295A792B2E7C219254FD428AE9A635940E44FF1996DC58F61F5186E3F6DBA788CBD9FD64DE5D43977D3D05E3BC1ED229DE04A5F1EBBE34BC534B6B70EC8DB40B162909264E29A45E5D9B8C9E915A3E44953F1D24D036163993766789B80A1A399E668D51ED8DED30C4D0D619CDB9BAA51F20150357A7222F6B1D1F6903673BA00435747E0F9C39B5FCABC9CB98F69C03F0FE7CBDF93E5E41712E42782DA29BF496883463BD310580A6AB55BAA2349A623A841FABBA41DD023CE340896825A56CAF8C0E141943149D096EA688AB22909464D61A4286F123054D45778ACF4533109333181A2D2C9D3C44DD30451861F6C065FAEE61EBBB19DC189F3FA36A05A25FB788A8CCA1C9E589626133134B52AFD446CF7CE0E90814999FDE67E9FAF03B92FE0F5230EF173F8C66995BA616254F10C942709EAD0048502854C2D663EEA800E15014E30A911A4E327B94EF49DBB8897AB4845182A429C5E56A20E56424F1D06A317B6120EE92E8AE300BDA7C4426026A1D10CA19ED306998D377737CFC9C5D18718C4E68F6136A06E337E0A62B196E067D5E61F4ABF3B50F73532F7B00F802DE6AB4390DE94CEFFCAD7AB8AC482D00CF0A6E1F5AACADC064F61E97C6B715416695D4EF98813E4A2045D4589F7843609F9BCC144E105DB99F31BF20F38BDF9FB88DDDBE0D321D91F12D265BC7BF41B095552279EA8FD2C3D5193E7C5A77DF66EA48D2E1036BDF48AEFA7E0E783E7BB15DF1F806B341C12A977B0B8F1938E657A3D176F5F2A4A7761A048A8105FE5D4BCC7BBBD4F88C59F8235FA864D78FB12E35FF1166D5ECA77DCF844E403D114FBE2DA43DB08EDE282465D9FFC4930ECEE9E7FFC3F9B95BB79ABD20000, N'6.4.0')
GO
INSERT [dbo].[__MigrationHistory] ([MigrationId], [ContextKey], [Model], [ProductVersion]) VALUES (N'201912160256096_ResultTableCreated', N'University_Management.Migrations.Project_DbContext.Configuration', 0x1F8B0800000000000400ED5D5F6FE3B8117F2FD0EF20F8A92DF6E2248BC5B58173875C922D82DEEE1EECECA16F8162335EB5B2E44AF22241D14FD6877EA47E8552964451E4F0AFA87FDBE01E6E6392C3E1F0C7992187E2FCF7DFFF59FCF8BC0BBDAF28498338BA9C9D9D9CCE3C14ADE34D106D2F6787ECE9BB3FCE7EFCE1B7BF59DC6E76CFDEAF55BDB7793DDC324A2F675FB26C7F319FA7EB2F68E7A727BB609DC469FC949DACE3DDDCDFC4F3F3D3D33FCDCFCEE6089398615A9EB7581EA22CD8A1E31FF8CFEB385AA37D76F0C30FF1068569F93B2E591DA97A1FFD1D4AF7FE1A5DCE3E47C191DDECE5E1831FF95BB443517652B49B795761E0639E56287C9A797E14C5999F618E2F3EA768952571B45DEDF10F7E78FFB247B8DE931FA6A81CC9455D5D7750A7E7F9A0E675C38AD4FA9066F1CE90E0D9DB524A73B6B995AC67448A588EB758DED94B3EEAA32C2F67576118AFFD0C5D877E9A2671BC9B796CAF17D76192B790CBFC84A3F4C6ABEB7F57D77F43E0835196FFF7C6BB3E84D9214197113A64891FBEF17E393C86C1FA2FE8E53EFE3B8A2EA34318D2C3C003C1658D1FF04FBF24F11E25D9CB123D9583BBDBCCBC79B3DD9C6D489A516D8AD1DE45D9DBF399F71177EE3F8688A08492CC2A8B13F46714A1040F7CF38B9F652889721AE82867AE77A6AF1BB4F7932C178ABA5739A5EBF890A4A82D95259EB5B6346EFC978A005E69587DCCBC0FFEF3CF28DA665FB0627937F3DE07CF6853FD50D2C448C1CA06B7C9920332EEF37D12EFEEB11EA93ABEC1B351FC6D48E83E7642E62EAD160311E64F711C223F5293FAE87F0DB6477481533CF396283C16A75F827DA1E1F8A5F75055CE25B38C4368A197751E56F87FEB7CCCB1A2E2BD9F6C51A6CF708D6E4DA6E90632C6EB7A1ACC53954D07B03CAA432DD68BAA32A6F31A1AEC1EAB418C2EE6B5EE966AF46AEA2DD578D1FC5577EB69DC6B2C3489BA7B77DA85BA2BBACEFF3D50D7D709DA04195193319E715B523728F383DC63139B8CD353BDA1F4656B576817A4182CC67414AAFD2A4D836D94821AA754C14CC55ADF40E59CB6012B39D6EA94BA2DFA69B0C99792FE2B26812AD538B4F5364AB1528205599401F6B151C071D52C3565A8420CC8515508C98B2DE3F8E22A18B3961D7285A74620501190A2B816CFBAB82A34086DFB778F7CBC2D4A68BAD6C610A0F56A19FBD3B4A5F8C7B139C24EFD11003DF9F4561A9F5D6352B3D095C6079815D5516B7F5BA64BE8801C97656276C10A1CAF70AD56BA8B16B5A5CAAA490CAFA99A9AC0546799E8912EB497C2C1C6FFECC2C3AEFB57EC2DBE77D27B0B9FB4D5C2677D53A58630E35B93639573AAE4D29C3F0DE7143E07E10A454E2A703CD28B3708B32DAFA9E515B61F90120E753D100F55B10C10A48E29224A3BA2E4B1AE07F25815CB7824755A9D301538B3B65045F3E1ADD3FF8F1F5D42731C7EF49F13BFB66B6E4E4EDAECF4D9D5029F0338F2950D15BC80B71647DA2512643AFD8158284E89574522AD4DCA5B39C184474BFD52B67F55309A6A41E1E77EDFC941F2EDCE0F4249AFE7EF3A89145EC751E6AFB38FB1ECC0F9AC13BF1E4F51EBC0E2D56693A054765AFE4EF3B0DC34328CB6418A17470EBB8F87DD63BEB31E6E67E4EEE45DFF6C43D743949C68705EA48B3D8381D666CD8948ABF7B25B205A5EBE55A878D4D92754755D581F27C7C700AD57ABD493B33AB6BB35B751128761CE8F134BD0F36974EBE88F40F7C802458E74B8B3A30A9D2174EB9AB751A03ADCB3CAB64DFCAD6DCCED5551AA5480C26F3FEBC61354BBA0DA17360C7B46836E191EA47B868E6EDB34EED9D8DAC17C691F0137A0496D1166B08CD6B1FA4E1ED373BF5FD03DAD95EC17B8135D7D2EC99C0BD824E5023EF9728051A052CBE827C5B675F893D078B52006BAA19FDB84B631100BB8F2511009A6ED768AE45697EDF6B024303C50E92B8DA680D5BF0EE9708F58F639306A65B166A36B7D9C732EBAF76717AF6BF359CF72145FF2545FA6988253EF8B1677C0CCFB933A8AE70E20299A78ECD4C4EBE0380ECE5D61DCA7E6206EA38DA77B5FA31858D3D9C123C4F31EECF14C63B6F00E801393460FC4BFA87B00AF7236BBFA03D715060D4AF2D9F243ECBAE787D64194F1080BA275B0F743CD7133ED8D6F3BE59346FA644B704314E500D314910B66489FCC8252496F31A75066083E03D8750938106AD561563FE81A09AEA686A866485F34E182F87E3DD7D5FD15D55C8B486AC3E78C15ECE2537483429421EF6A5D7C0F7CEDA7EBE37D08D6B2E1CE1D200F645C67B65B420D9C039D7EEBC3F6211146691A0524A0F3610748836EC8E929C291208E1F40AFAA4E383B13D1746C545704176188B7060B89137488143143007A75178515FC0402E941E50946AED33315F21C126D50744F31CFD2501F874133475EABB309D962F528FA43A964DE2660A515215D1318C9ED7707B89DAE65D71B4DAF665E6F46A765F3C120BF09C2B8887FA778E62E68F5EB79384332338E815431337753701EA03B921A6731FC27350E0F7AF8DB984A54BA3FEA614738D4590F2B8C89A84338EE2F9A7CC52500EE4CD904588ACF818738AF960EB707DD2515894EFFD4A7FD03692D20A62CD62CB20033ADB7A80B0C268A4B76DD42095D679A4B3CC81E102513829EC66ADC731ADA146A604AF2E5A643533824A084231CCA14DA016B705308BE05229A7BE99B1F1AC7246254C99F1C19C20CCAC6DA83CE9209640AC728EC1515E1BE4F785F8572ABC96D287D40899FB7EA29302B1A98D6BE4B7867CA6C172890417B167A4090F0E151D18CAB5F21AD671E789A58FFA842F98AE9040E8C5563E841C3A9E66B025A4EFACEAC3E7CE407C58EB13ADD43629DB1F4EAFDE9CCE444DC40C1B3C3FAB06ABE41DC197A1B6F18D3815F80F218114BF3AF030DF8726A4B94D273D58E09E7C8BC3DDE3E3D7E171544282919C02CFD0DADB39BC7BC003D43EF777C4E5179E9382D2FBAB2A0CA09AF5026027C3AF36EC9D557317839AC36C9921BD91CADCA13D022403E45E2C8801B2005CD5ABF40146995AF20441E02E08854172F1404EA970E380AE4EC5C8F844A4E60384A41BAFE004424760D5193A32258D6D4299E6AA0A5070E8E8EEC8854332640F6120233B52621F0B09FC951D5F96FD424070AA2E324F858818C88C131A78C0CEE8153349931B176A029121B71E909CA48446E8523118B0B81306F65F1B290DCBC6D300EDFBDA57826DA49327AF8B66D9703A7D5AB70F0A26D03C43BB05BB01302B013D0C3938530B8A764785148EF2536CF7604371329EE6B43239183E842A15A9CF612009FB9100A43796D0E1A8FECE21C2F22A902D425DFE94252BDB2A1273DAD25A6798DCBB514075889F07B1F7AA2046F0E2907C9DE1D722D44F6B69086366867DF6BAA52030FDF5C11D964EEEE4A3B13CFDD56E9462A82871478B968DCBC680C457EF7821A4CEDBB4B0423BF6DD1A957087D660EC1467575809968C9E5810670E85D89143992EB021AD26EB7A0E49251C4BF452B402E17E305D59354C0B02C201675F8563F80AB36DEFA21DB0ED712FFF53B60B5A4E147BD0024AD29EBADB8CC2889428E9D7845E2C47CBC38F4626966D1346A50D0599A444ECAF8594FF292FB90FAB11DF3E88E4BD9F5E93B8A9213EA488F8F279844145C4AAC1143A0F77A102D8994AAB712C86935295BCC8BA4C2E50F8BB920FBF0E283BFDF07D196CA465CFEE2AD8A54C4D7DFADCC33F3EE0A1AF37543EFB167EBA4A72C4EFC2D624AF3A5B741EF8324CD1F95F41FFD5CB35C6F765C35EE6C5E70205975273C7EE7A7B03AB3AC9AE6FF2E9A9B650B06821C25C9F778E479D3A310900C643C0D2F4F1DED877E02BCB2741D87875D240E938B5B376381341D7994504CB18E91D3D4C4917331A52A0E44D311C5862423CCB3F83606E6736F9FC8DAD719796922F5AFFA94AA94BC349DEA377D2A8D8CBC8D89A70B787A8B3903422EBAC6AD002E48D95C5B5A2B4FEC11592E37D895D05863A286DD2CACA2B722F111BF108ADF4DA9156F44F1D48ADF8D792B9F6404B82B4B4C29920CA83C495234A46AA22F99D1F46497CF065E38E23D96E5F28102BAE66B498BCA542C16F5014743358BBFEB10D37267FDE867B119354F7E1F0D5869BFDF1954C51B200D84CA1AF707ADBA1DAFBBD9321BAABC7D61CB460311719CCD121EE51D107368881A4E455F519FC936AC98F8EB59312D77FAAA4C864593297F1A0D0425A1114B0C0A42531A2014B6EC06858D0449006A4C555099F488A654FE64823D92C1A8093EF2B3C92E2F6315E1F1177D0AE435789A08F9D160D70AE4176AEC6081F23EB4C9B06BAE236F16BA7667BD1687F0665DEAF2319FE5B039631A8A8329FB467D64491CB1DD5ECE7EFFD617CA79B3636A6F5C6967C4DB2D6469B71E0486CB33B35CE0318CF1010CF3CD7873F14B3F2797D19C98AD69DC3B70B80DAD2F51DBEC4325ADBBDA7130B910046810ADC1A13C0512F576E71E54F7D62D7C026153B7A78B2A6A80C7DE2819CDF42DDD46D5A0F8ADCEDEDE2876E626C254BD94CF5281ED40A7D3C3C588D92AA477122B6662C28B323EDB081C1F479E87818F234ECB58311BB02DAACC3C2C9EAFC1260FD6AE5E30507727798593D53FC2EB30C8B7BCA4029EF5E009A559915061767E7A763EF3AEC2C04F8BB07E198ABE60BFBED28A4D9FBDCD63D368B39BB3CDCD23DC399534DD34F23DF0C9291441DC3E12ED04B97895891F1C24CB0AC0ACD677D1063D5FCEFE796C78E1DDFDF5816EFBC6FB94E059BFF04EBD7FB54E5DA9CB40D5AE55E7CDDC1BBA5D17AD5A757C8C5517BD465FFD64FDC54F9A09EADE1993AC23D705DD0D06496693B7B30A5DB724D3085B17B41E73DFD72A6F08B726C1471CA6BA10E9D8B1041479AE202BCA8547D105E566FABFA730F655332CA24402C9B255714CDB58932F12D14C40C9F109A87459A85B1A30609A08557C4036D925358A69A722CD661C9086D335AD7CF66787DA5FF83C8A165C65A71C6AE00A91D51D8421FDFDBB9DFFFCFB163495D6E67B57930585655FF54A2B73C2E69FD7B62655C3E9EA9532F64CF5EC06A5F033E653856923FA2B5BE4E68EDF2D9DE31A247ACC726D97C2BA4E4C083B8067163BADACB197699B4D5CE03F9BCB118A17BB55F1BD6928D345F60DFA9B03ABE45198A541ED021B6C6E7F7AD19DFB0A4669270B7DA59139B3D08E3A5A973D0ED0228CBA345F9EC27ED99CB3344E58D40E0FA41B1A716253E540359E9A8A32D84F0A82B9935D945C38B80D2ACDF3CD5B08D16D82F76E8C3C90D3BD638902CF67F6988DBC1329361390C32AD8567EFC8BA47A6FC9818F3438C872003EB3A87A86B1E35407FD3E6EABF75D923903FDE6CA503D3FEF1434D5030CC0AB9FDF1434845F7C8E120D7A99BDB5E7AEA3E4B6D503AAC09BAA1DA6B7E82F5FF7149E73D7CFD06DA136BE09D40CA5710C3034028D6398617BC094DA7DE347FC79D6906A67E834971639B2873657E0F3DAAAE7B7276EC8F4BE6D1A9D55B3CC683D1613371EA40D65FC6C71371E4BA87E3D765456713C90EBD15EDAA26C68E3A97C69B7ABDDBE014EBF0D053415A56395DDD95122E7111C188A3F4275AE336CCF08A79AA1D945466603BCB9CFBEDC2328BEF1CCCAEE620C83A44D1E2496301503A27E54DB6E273E05EBD1DF76DAD6780CBD9D36CD6CDC3A9571DF6125C947DA26D17F233018C06E7A9989873EAC03D21852AC5864E81CB966D179007A747AC52A97F0580EE9C681B0A1DC1B3BBC8DC0D131CCFABB6427B6F3ACBB634398E0110CDD6B5C3DA06AF05CBD7CDA00764ACBC7324418D4CBC35BBC6D7139DB3CE637D28AFB66EACC108274BB9274BD503F55998236E8B4731D81B5A05EDB65FE5524FE853AA4CB15FD544163AE8FAA00A22FCAADC8122787AA1C755202916F915058379FB0A45B79D62301546489872590D08001755405E0802A8581609EB5589AB418949B494A636146631067A0260013DC082F9DBA4E762C48D203E86DC52101454647418C2CA1B18D189A2A9BCE24D17EB0CE92156B33D974B01A6A947E1BDBD9D068210B872776A49DCD629743ED22D930943973E8014217865CE512B603B0C4960A1FF6ED461C729C5B27086E07FAF188A7AB8CBFC6CB6418914097061C66F16D810D1D018E30412FE4888CD299E93A0FAF28EFAE8E30748438BE0CBB2D5CD98E060CC6EF5C25CF353589C300BDA324B96056DCC1BCF58E53E0DACDB7F03C4B9057B20B31C89D1FCBCCB6ED56FC18C4E22C59ED92E57F09B0DCD3F00DB2D0F22F092FE6CB4394BFB351FC55D82B426281694668DD38F72575EEA2A7B83A7E6638AAAA30DF0F7F4099BFF133FF2AC982277F9DE1E235C20A2FDACEBC5FFDF080F2378A1ED1E62EFA74C8F6870C0F19ED1EC34672D0FC185BD6FF31D56E93E7C5A77DFE57EA620898CD207F9AE453F4D321083784EFF7C097CE0212F9F978F951763E97F9434268FB42287D8C234D42A5F8C8B1FE3DDAED434C2CFD14ADFCAFC886B7CF29FA196DFDF54BF520B498887A229A625FDC04FE36F1776949A36E8FFFC418DEEC9E7FF81FD77A019E2DF20000, N'6.4.0')
GO
INSERT [dbo].[__MigrationHistory] ([MigrationId], [ContextKey], [Model], [ProductVersion]) VALUES (N'201912160346190_UpdatedGradeColumnType', N'University_Management.Migrations.Project_DbContext.Configuration', 0x1F8B0800000000000400ED5D5F6FE3B8117F2FD0EF20F8A92DF6E2248BC5B58173875C922D82DEEE1EECECA16F8162335EB5B2E44AF22241D14FD6877EA47E8552964451E4F0AFA87FDBE01E6E6392C3E1F0C7992187E2FCF7DFFF59FCF8BC0BBDAF28498338BA9C9D9D9CCE3C14ADE34D106D2F6787ECE9BB3FCE7EFCE1B7BF59DC6E76CFDEAF55BDB7793DDC324A2F675FB26C7F319FA7EB2F68E7A727BB609DC469FC949DACE3DDDCDFC4F3F3D3D33FCDCFCEE6089398615A9EB7581EA22CD8A1E31FF8CFEB385AA37D76F0C30FF1068569F93B2E591DA97A1FFD1D4AF7FE1A5DCE3E47C191DDECE5E1831FF95BB443517652B49B795761E0639E56287C9A797E14C5999F618E2F3EA768952571B45DEDF10F7E78FFB247B8DE931FA6A81CC9455D5D7750A7E7F9A0E675C38AD4FA9066F1CE90E0D9DB524A73B6B995AC67448A588EB758DED94B3EEAA32C2F67576118AFFD0C5D877E9A2671BC9B796CAF17D76192B790CBFC84A3F4C6ABEB7F57D77F43E0835196FFF7C6BB3E84D9214197113A64891FBEF17E393C86C1FA2FE8E53EFE3B8A2EA34318D2C3C003C1658D1FF04FBF24F11E25D9CB123D9583BBDBCCBC79B3DD9C6D489A516D8AD1DE45D9DBF399F71177EE3F8688A08492CC2A8B13F46714A1040F7CF38B9F652889721AE82867AE77A6AF1BB4F7932C178ABA5739A5EBF890A4A82D95259EB5B6346EFC978A005E69587DCCBC0FFEF3CF28DA665FB0627937F3DE07CF6853FD50D2C448C1CA06B7C9920332EEF37D12EFEEB11EA93ABEC1B351FC6D48E83E7642E62EAD160311E64F711C223F5293FAE87F0DB6477481533CF396283C16A75F827DA1E1F8A5F75055CE25B38C4368A197751E56F87FEB7CCCB1A2E2BD9F6C51A6CF708D6E4DA6E90632C6EB7A1ACC53954D07B03CAA432DD68BAA32A6F31A1AEC1EAB418C2EE6B5EE966AF46AEA2DD578D1FC5577EB69DC6B2C3489BA7B77DA85BA2BBACEFF3D50D7D709DA04195193319E715B523728F383DC63139B8CD353BDA1F4656B576817A4182CC67414AAFD2A4D836D94821AA754C14CC55ADF40E59CB6012B39D6EA94BA2DFA69B0C99792FE2B26812AD538B4F5364AB1528205599401F6B151C071D52C3565A8420CC8515508C98B2DE3F8E22A18B3961D7285A74620501190A2B816CFBAB82A34086DFB778F7CBC2D4A68BAD6C610A0F56A19FBD3B4A5F8C7B139C24EFD11003DF9F4561A9F5D6352B3D095C6079815D5516B7F5BA64BE8801C97656276C10A1CAF70AD56BA8B16B5A5CAAA490CAFA99A9AC0546799E8912EB497C2C1C6FFECC2C3AEFB57EC2DBE77D27B0B9FB4D5C2677D53A58630E35B93639573AAE4D29C3F0DE7143E07E10A454E2A703CD28B3708B32DAFA9E515B61F90120E753D100F55B10C10A48E29224A3BA2E4B1AE07F25815CB7824755A9D301538B3B65045F3E1ADD3FF8F1F5D42731C7EF49F13BFB66BBA6747361EB4E6569F5D2EF041802367D950C30B786B71A65D4241A6D41F8889E2B478552452DBA4BC95174C78B4543065FB570DA3A917148EEEF79D9C24DFEEFC2094F47AFEAE9350E1751C65FE3AFB18CB4E9CCF3A71ECF114B58E2C5E6D36094A65C7E5EF344FCB4D43C3681BA47871E4B0FB78D83DE65BEBE1B646EE8EDEF50F37745D44C99106E746BAD83418686DD69C88B47A2FDB05A2E5E57B858A479D8D4255D785F571727E0CD07AB54A3D79AB63BB5C731B257118E6FC38B1043D1F47B70EFF08748F2C52E448873B3BABD01942B7AE791B05AAC33DAB6CDB04E0DA06DD5E15A54A0528FCF6B36E3C41B50BAA7D63C3B06734E896E141BA67E8E8BA4DE3A28DAD1DCC97F61170039AD4167106CB701DABEFE4413DF7FB05DDE35AC97E813BD2D5E792CCB9804D522EE0932F0718052AB50C7F526C5BC73F098D570B62A01BFAB94E681B04B1802B1F069160DA6EA748AE75D96E0F4B02C30395BED3680A58FDFB900EF788659F03A356166C36BAD7C739E7A28B7F7601BB36DFF52C47F1294FF5698A2938F53E697107CCBC3FA9A378EE0092A289C74E4DBC0E8EE3E0DC15C67D6A0EE236DA78BA17368A81359D1D3C423CEFC11ECF34660BEF00383169F440FC8BBA07F02E67B3AB3F705D61D0A0249F2D3FC4AE7B7E681D44198FB0205A077B3FD41C37D3DEF8BA533E69A44FB6043744510E304D11B96086F4C92C2895F416730A6586E033805D978003A1561D66F583AE91E06A6A886A86F445132E88EFD7735D5D6051CDB588A4367CCE58C12E3E4537284419F2AED6C507C1D77EBA3E5E88602D1BEEDC01F240C67566BB25D4C039D0E9B73E6C1F126194A65140023A1F768034E88A9C9E221C09E2F801F4AAEA84B333114DC7467545701186786BB09038418748113304A057775158C14F20901E549E60E43A3D5321CF21D10645F714F32C0DF571183473E4B53A9B902D568FA23F944AE66D02565A11D2358191DC7E7780DBE95A76BDD1F46AE6F566745A361F0CF29B208C8BF8778A67EE8256BF9E87332433E318481533733705E701BA23A97116C37F53E3F0A087BF8DA944A5FBA31E7684439DF5B0C298883A84E3FEA2C9575C02E0CE944D80A5F81E7888F36AE9707BD05D5291E8F44F7DDB3F90D60262CA62CD220B30D37A8BBAC060A2B864D72D94D075A6B9C483EC01513221E869ACC63DA7A14DA106A6249F6E3A348543024A38C2A14CA11DB0063785E06320A2B9973EFAA1714C224695FCCD9121CCA06CAC3DE82C9940A6708CC25E5111EEFB84F75528B79ADC86D20794F87DAB9E02B3A28169EDBB8477A6CC76810219B467A10704095F1E15CDB8FA19D27AE681B789F58F2A94CF984EE0C05835861E349C6ABE26A0E5A40FCDEAC3477E50EC18ABD33D24D6194BAFDE9FCE4C4EC40D14BC3BAC0FABE623C49DA1B7F188311DF805288F11B134FF3AD0802FA7B644293D57ED98708ECCDBE3EDD3E377514184929201CCD2DFD03ABB79CC0BD033F47EC7E71495978ED3F2A22B0BAA9CF00A6522C0A733EF965C7D158397C36A932CB991CDD1AA3C012D02E453248E0CB80152D0ACF50B449156F90A42E421008E4875F14241A07EE980A340CECEF548A8E40486A314A4EB0F404462D71035392A82654D9DE2A9065A7AE0E0E8C88E48356302642F2130536B12020FFB991C559DFF464D72A0203A4E828F15C888181C73CAC8E01E38459319136B079A22B111979EA08C44E4563812B1B81008F356162F0BC9CDDB06E3F0DD5B8A67A29D24A3876FDB7639705ABD0A072FDA3640BC03BB053B21003B013D3C5908837B4A861785F45E62F36C47703391E2BE36341239882E14AAC5692F01F0990BA13094D7E6A0F1C82ECEF122922A405DF29D2E24D52B1B7AD2D35A629AD7B85C4B71809508BFF7A1274AF0E6907290ECDD21D742646F0B69688376F6BDA62A35F0F0CD15914DE6EEAEB433F1DC6D956EA422784881978BC6CD8BC650E4772FA8C1D4BEBB4430F2DB169D7A85D067E6106C5457079889965C1E680087DE95489123B92EA021ED760B4A2E1945FC5BB402E472315E503D49050CCB026251876FF503B86AE3AD1FB2ED702DF15FBF03564B1A7ED40B40D29AB2DE8ACB8C9228E4D8895724CECCC78B432F9666164DA306059DA549E4A48C9FF5242FB90FA91FDB318FEEB8945D9FBEA3283BA18EF4F878824944C1A5C41A31047AAF07D19248A97A2B819C5693B2C5BCC82A5CFEB0980BD20F2F3EF8FB7D106DA974C4E52FDEAAC8457CFDDDCA3C35EFAEA0315F37F41E7BB64E7ACAE2C4DF22A6345F7A1BF43E48D2FC5149FFD1CF35CBF566C755E3CEE60507925577C2E3777E0AAB33CBAA69FEEFA2B959BA6020C851927C8F479E373D0A01C940C6D3F0F2DCD17EE827C02B4BD77178D845E230B9B875331648D3914709C514EB18394D4D1C391753AAE240341D516C4832C23C8D6F63603EF7F689AC7D9D92972652FFAA4FA9CAC94BD3A97ED3A7D248C9DB9878BA80A7B7983320E4A26BDC0AE08294CDB5A5B5F2C41E91E572835D098D35266AD8CDC22A7A2B321FF10BA1F8DD945AF146144FADF8DD98B7F2494680BBB2C494224981CA93244543AA26FA92194D4F76F96CE08523DE63592E1F28A06BBE96B4A84CC562511F703454B3F8BB0E312D77D68F7E169B51F3E4F7D18095F6FB9D4155BC01D240A8AC717FD0AADBF1BA9B2DB3A1CADB17B66C341011C7D92CE151DE01318786A8E154F415F5996CC38A89BF9E15D372A7AFCA6C583499F2A7D14050121AB1C4A02034A5014261CB6E50D8489004A0C6540595498F684AE54F26D823198C9AE0233F9BECF23256111E7FD1A7405E83A789901F0D76AD407EA1C60E1628EF439B0CBBE63AF266A16B77D66B71086FD6A52E1FF3590E9B33A6A13898B26FD44796C411DBEDE5ECF76F7DA19C373BA6F6C6957646BCDD429676EB4160B83C33CB051EC3181FC030DF8C3717BFF4737219CD89D99AC6BD0387DBD0FA12B5CD3E54D2BAAB1D07930B418006D11A1CCA5320516F77EE41756FDDC2271036757BBAA8A20678EC8D92D14CDFD26D540D8ADFEAECED8D62676E224CD54BF92C15D80E743A3D5C8C98AD427A27B1622626BC28E3B38DC0F171E47918F838E2B48C15B301DBA2CACCC3E2F91A6CF260EDEA0503757792573859FD23BC0E837CCB4B2AE0590F9E509A15091566E7A767E733EF2A0CFCB408EB97A1E80BF6EB2BADD8F4D9DB3C368D36BB39DBDC3CC29D5349D34D23DF039F9C4211C4ED23D14E908B5799F8C141B2AC00CC6A7D176DD0F3E5EC9FC78617DEDD5F1FE8B66FBC4F099EF50BEFD4FB57EBD495BA0C54ED5A75DECCBDA1DB75D1AA55C7C75875D16BF4D54FD65FFCA499A0EE9D31C93A725DD0DD60906436793BABD0754B328DB07541EB31F77DADF286706B127CC461AA0B918E1D4B4091E70AB2A25C78145D506EA6FF7B0A635F35C3224A24902C5B15C7B48D35F92211CD04941C9F804A9785BAA50103A68950C50764935D52A398762AD26CC60169385DD3CA677F76A8FD85CFA368C15576CAA106AE1059DD4118D2DFBFDBF9CFBF6F4153696DBE7735595058F655AFB432276CFE796D6B52359CAE5E2963CFFA0E877EB24CF021F3A902B511FF952D7373D7EF96CE720D123DE6B9B64B625DA726845DC0338BBD56D6D8CDB4CD272EF0A0CDE508458CDD2AF9DE7494E922FB063DCE8195F2280CD3A096810D37B73FBFE8CE8105E3B49385BED2C89C5968471DADCB1E086811465D9A2F4F61BF6C4E5A1A672CC70934D60D8D48B1A972A01A4F4D4519EC2805E1DCC92E4A2E20DC0695E619E72D84E836C57B37461EC8EADEB1448107347BCC47DE89149B29C861156C2B3FFE4D52BDD7E4C0671A1CE439001F5A543DC4D871B2837E9FB7D5FB32C99C817EB365A81EA0770A9AEA0906E0DDCF6F0A1AC26F3E478906BDDCDEDA73D7517ADBEA0955E055D50E135CF497B17B0A0FBAEBE7E8B6501BDF046A86D23806181A81C631CCB13D6052EDBEF123FE406B48B53374A24B8B2CD9439B2BF0816DD503DC1337647A5F378DCEAA59E6B41E8B891B0FD286327EB6B81B8F2554BF1F3B2AAB381EC8F5682F6D5136B4F154BEB5DBD56EDF00A7DF86029A8AD2B1CAEFEC2895F3080E0CC59FA13AD719B6678453CDD1EC2227B301DEDCE75FEE1114DF786E657731864112270F124B988A01513FAB6DB7139F82F5E86F3B6D6B3C86DE4E9BE6366E9DCCB8EFB092E4336D93E8BF11180C6037BDDCC4431FD601890C29562C72748E5CB3E83C013D3ABD62954D782C8774E340D850EE8D1DDE46E0E818E6FD5DB213DB79DEDDB1214CF00C86EE35AE1E503578B65E3E71003BA5E57319220CEA65E22D5EB7B89C6D1EF31B69C57D33756E0841C25D49C25EA89FAA4C411B74DAB98EC05A50AFED72FF2A52FF421DD2E58A7EAAA031D7475500D117655764899343558E3A2981C8B74829AC9B5158D2AD3CEF91002AB2D4C3124868C0803AAA02704095C24030CF5B2C4D5B0CCACD24A9B130A7318833501380296E84974E5DA73B16A4E901F4B6E2908022A3A3204696D2D8460C4D954DE792683F5867E98AB5996C3A580D354ABF8EED6C68B49085C3133BD2CE66B1CBA176916E18CA9D39F400A10B43AEB209DB0158624B854FFB76230E39CEAD5304B703FD78C4D355CE5FE365328C48A04B030EF3F8B6C0868E004798A217724446E9CC749D895794795747183A421C5F8EDD16AE6C470306E377AED2E79A9AC46180DE519A5C302FEE60DE7AC74970EDE65B789E25C82CD98518E4CE8F656EDB762B7E0C627196AE76C9F2BF0458EE69F8067968F9B78417F3E521CADFD928FE2AEC1521B1C03423B46E9CFB923A77D1535C1D3F331C555598EF873FA0CCDFF8997F9564C193BFCE70F11A6185176D67DEAF7E7840F91B458F6873177D3A64FB4386878C768F61233D687E8C2DEBFF986CB7C9F3E2D33EFF2B753104CC66903F4DF229FAE910841BC2F77BE04B670189FC7CBCFC283B9FCBFC2121B47D21943EC69126A1527CE458FF1EEDF62126967E8A56FE5764C3DBE714FD8CB6FEFAA57A125A4C443D114DB12F6E027F9BF8BBB4A451B7C77F620C6F76CF3FFC0FB67A22A330F20000, N'6.4.0')
GO
INSERT [dbo].[__MigrationHistory] ([MigrationId], [ContextKey], [Model], [ProductVersion]) VALUES (N'201912160458457_UpdatedGradeColumnType1', N'University_Management.Migrations.Project_DbContext.Configuration', 0x1F8B0800000000000400ED5D5F6FE3B8117F2FD0EF20F8A92DF6E2248BC5B58173875C922D82DEEE1EECECA16F8162335EB5B2E44AF22241D14FD6877EA47E8552964451E4F0AFA87FDBE01E6E6392C3E1F0C7992187E2FCF7DFFF59FCF8BC0BBDAF28498338BA9C9D9D9CCE3C14ADE34D106D2F6787ECE9BB3FCE7EFCE1B7BF59DC6E76CFDEAF55BDB7793DDC324A2F675FB26C7F319FA7EB2F68E7A727BB609DC469FC949DACE3DDDCDFC4F3F3D3D33FCDCFCEE6089398615A9EB7581EA22CD8A1E31FF8CFEB385AA37D76F0C30FF1068569F93B2E591DA97A1FFD1D4AF7FE1A5DCE3E47C191DDECE5E1831FF95BB443517652B49B795761E0639E56287C9A797E14C5999F618E2F3EA768952571B45DEDF10F7E78FFB247B8DE931FA6A81CC9455D5D7750A7E7F9A0E675C38AD4FA9066F1CE90E0D9DB524A73B6B995AC67448A588EB758DED94B3EEAA32C2F67576118AFFD0C5D877E9A2671BC9B796CAF17D76192B790CBFC84A3F4C6ABEB7F57D77F43E0835196FFF7C6BB3E84D9214197113A64891FBEF17E393C86C1FA2FE8E53EFE3B8A2EA34318D2C3C003C1658D1FF04FBF24F11E25D9CB123D9583BBDBCCBC79B3DD9C6D489A516D8AD1DE45D9DBF399F71177EE3F8688A08492CC2A8B13F46714A1040F7CF38B9F652889721AE82867AE77A6AF1BB4F7932C178ABA5739A5EBF890A4A82D95259EB5B6346EFC978A005E69587DCCBC0FFEF3CF28DA665FB0627937F3DE07CF6853FD50D2C448C1CA06B7C9920332EEF37D12EFEEB11EA93ABEC1B351FC6D48E83E7642E62EAD160311E64F711C223F5293FAE87F0DB6477481533CF396283C16A75F827DA1E1F8A5F75055CE25B38C4368A197751E56F87FEB7CCCB1A2E2BD9F6C51A6CF708D6E4DA6E90632C6EB7A1ACC53954D07B03CAA432DD68BAA32A6F31A1AEC1EAB418C2EE6B5EE966AF46AEA2DD578D1FC5577EB69DC6B2C3489BA7B77DA85BA2BBACEFF3D50D7D709DA04195193319E715B523728F383DC63139B8CD353BDA1F4656B576817A4182CC67414AAFD2A4D836D94821AA754C14CC55ADF40E59CB6012B39D6EA94BA2DFA69B0C99792FE2B26812AD538B4F5364AB1528205599401F6B151C071D52C3565A8420CC8515508C98B2DE3F8E22A18B3961D7285A74620501190A2B816CFBAB82A34086DFB778F7CBC2D4A68BAD6C610A0F56A19FBD3B4A5F8C7B139C24EFD11003DF9F4561A9F5D6352B3D095C6079815D5516B7F5BA64BE8801C97656276C10A1CAF70AD56BA8B16B5A5CAAA490CAFA99A9AC0546799E8912EB497C2C1C6FFECC2C3AEFB57EC2DBE77D27B0B9FB4D5C2677D53A58630E35B93639573AAE4D29C3F0DE7143E07E10A454E2A703CD28B3708B32DAFA9E515B61F90120E753D100F55B10C10A48E29224A3BA2E4B1AE07F25815CB7824755A9D301538B3B65045F3E1ADD3FF8F1F5D42731C7EF49F135F6AD774EDAA031F5BF330805D50F051812377DAD00608786B71EA5D8245A6F61F8811E3F47C552452ECA4BC959F4C78B4544165FB571DA4A93914AEF0F79D9C35DFEEFC2094F47AFEAE9360E2751C65FE3AFB18CBCEA4CF3A71FDF114B58E3D5E6D36094A6507EAEF34CFD34D83C7681BA47871E4B0FB78D83DE69BEFE1364FEE0EE7F58F3F749D48C9A107E768BAD85618686DD69C88B47A2F1B0AA2E5E5BB898A479DAD4455D785F57172C20CD07AB54A3DF9B363BB7E731B257118E6FC38B1043D1F58B70E1009748F2C96E448873B3BCDD01942B7AE791B05AAC33DAB6CDB84E8DA86E55E15A54A0528FCF6B36E3C41B50BAA7DA7C3B06734E896E141BA67E8E8424EE32A8EAD1DCC97F61170039AD4169108CB801EABEFE4613FF7FB05DD035DC97E813BF4D5E792CCB9804D522EE0932F0718052AB50C90526C5B4748098D570B62A01BFAB970681B26B1802B1F289160DA6EA7482E7ED96E0F4B02C30395BEF5680A58FD1B930EF788659F03A356168E36BAF9C739E7A2AB817621BD365FFE2C47F1B14FF5F18A2938F53E7A7107CCBC3FA9A378EE0092A289C74E4DBC0E8EE3E0DC15C67D6A0EE236DA78BA573A8A81359D1D3C423CEFC11ECF34660BEF00383169F440FC8BBA07F0B667B3AB3F705D61D0A0249F2D3FC4AE7B7E681D44198FB0205A077B3FD41C37D3DEF842543E69A44FB6043744510E304D11B96086F4C92C2895F416730A6586E033805D978003A1561D66F583AE91E06A6A886A86F445132E88EFD7735D5D7151CDB588A4367CCE58C12E3E4537284419F2AED6C527C3D77EBA3E5E99602D1BEEDC01F240C67566BB25D4C039D0E9B73E6C1F126194A65140023A1F768034E8129D9E221C09E2F801F4AAEA84B333114DC7467545701186786BB09038418748113304A057775158C14F20901E549E60E43A3D5321CF21D10645F714F32C0DF571183473E4B53A9B902D568FA23F944AE66D02565A11D2358191DC7E7780DBE95A76BDD1F46AE6F566745A361F0CF29B208C8BF8778A67EE8256BF9E87332433E318481533733705E701BA23A97116C37F75E3F0A087BF8DA944A5FBA31E7684439DF5B0C298883A84E3FEA2C9575C02E0CE944D80A5F8627888F36AE9707BD05D5291E8F44F7DFD3F90D60262CA62CD220B30D37A8BBAC060A2B864D72D94D075A6B9C483EC01513221E869ACC63DA7A14DA106A6241F773A348543024A38C2A14CA11DB0063785E07321A2B9973E0BA2714C224695FC559221CCA06CAC3DE82C9940A6708CC25E5111EEFB84F75528B79ADC86D20794F805AC9E02B3A28169EDBB8477A6CC76810219B467A1070409DF2615CDB8FAA1D27AE681D78BF58F2A940F9D4EE0C05835861E349C6ABE26A0E5A44FD1EAC3477E50EC18ABD33D24D6194BAFDE9FCE4C4EC40D14BC4CAC0FABE633C59DA1B7F1CC311DF805288F11B134FF3AD0802FA7B644293D57ED98708ECCDBE3EDD3E377514184929201CCD2DFD03ABB79CC0BD033F47EC7E71495978ED3F2A22B0BAA9CF00A6522C0A733EF965C7D158397C36A932CB991CDD1AA3C012D02E453248E0CB80152D0ACF50B449156F90A42E421008E4875F14241A07EE980A340CECEF548A8E40486A314A4EB0F404462D71035392A82654D9DE2A9065A7AE0E0E8C88E48356302642F2130536B12020FFB991C559DFF464D72A0203A4E828F15C888181C73CAC8E01E38459319136B079A22B111979EA08C44E4563812B1B81008F356162F0BC9CDDB06E3F0DD5B8A67A29D24A3876FDB7639705ABD0A072FDA3640BC03BB053B21003B013D3C5908837B4A861785F45E62F36C47703391E2BE36341239882E14AAC5692F01F0990BA13094D7E6A0F1C82ECEF122922A405DF29D2E24D52B1B7AD2D35A629AD7B85C4B71809508BFF7A1274AF0E6907290ECDD21D742646F0B69688376F6BDA62A35F0F0CD15914DE6EEAEB433F1DC6D956EA422784881978BC6CD8BC650E4772FA8C1D4BEBB4430F2DB169D7A85D067E6106C5457079889965C1E680087DE95489123B92EA021ED760B4A2E1945FC5BB402E472315E503D49050CCB026251876FF503B86AE3AD1FB2ED702DF15FBF03564B1A7ED40B40D29AB2DE8ACB8C9228E4D8895724CEDDC78B432F9666164DA306059DA549E4A48C9FF5242FB90FA91FDB318FEEB8945D9FBEA3287FA18EF4F878824944C1A5C41A31047AAF07D19248A97A2B819C5693B2C5BCC83B5CFEB0980B12142F3EF8FB7D106DA984C5E52FDEAAC8567CFDDDCA3C79EFAEA0315F37F41E7BB64E7ACAE2C4DF22A6345F7A1BF43E48D2FC5149FFD1CF35CBF566C755E3CEE60507925577C2E3777E0AAB33CBAA69FEEFA2B959426120C851927C8F479E373D0A01C940C6D3F0F2ECD27EE827C02B4BD77178D845E230B9B875331648D3914709C514EB18394D4D1C391753AAE240341D516C4832C23CD16F63603EF7F689AC7D9DB4972652FFAA4FA9CADA4BD3A97ED3A7D248DADB9878BA80A7B7983320E4A26BDC0AE08294CDB5A5B5F2C41E91E572835D098D35266AD8CDC22A7A2B7223F10BA1F8DD945AF146144FADF8DD98B7F2494680BBB2C494224992CA93244543AA26FA92194D4F76F96CE08523DE63592E1F28A06BBE96B4A84CC562511F703454B3F8BB0E312D77D68F7E169B51F3E4F7D18095F6FB9D4155BC01D240A8AC717FD0AADBF1BA9B2DB3A1CADB17B66C341011C7D92CE151DE01318786A8E154F415F5996CC38A89BF9E15D372A7AFCA7C593499F2A7D14050121AB1C4A02034A5014261CB6E50D8489004A0C6540595498F684AE54F26D823198C9AE0233F9BECF23256111E7FD1A7405E83A789901F0D76AD407EA1C60E1628EF439B0CBBE63AF266A16B77D66B71086FD6A52E1FF3590E9B33A6A13898B26FD44796C411DBEDE5ECF76F7DA19C373BA6F6C6957646BCDD429676EB4160B83C33CB051EC3181FC030DF8C3717BFF4737219CD89D99AC6BD0387DBD0FA12B5CD3E54D2BAAB1D07930B418006D11A1CCA5320516F77EE41756FDDC2271036757BBAA8A20678EC8D92D14CDFD26D540D8ADFEAECED8D62676E224CD54BF92C15D80E743A3D5C8C98AD427A27B1622626BC28E3B38DC0F171E47918F838E2B48C15B301DBA2CACCC3E2F91A6CF260EDEA0503757792573859FD23BC0E837CCB4B2AE0590F9E509A15091566E7A767E733EF2A0CFCB408EB97A1E80BF6EB2BADD8F4D9DB3C368D36BB39DBDC3CC29D5349D34D23DF039F9C4211C4ED23D14E908B5799F8C141B2AC00CC6A7D176DD0F3E5EC9FC78617DEDD5F1FE8B66FBC4F099EF50BEFD4FB57EBD495BA0C54ED5A75DECCBDA1DB75D1AA55C7C75875D16BF4D54FD65FFCA499A0EE9D31C93A725DD0DD60906436793BABD0754B328DB07541EB31F77DADF286706B127CC461AA0B918E1D4B4091E70AB2A25C78145D506EA6FF7B0A635F35C3224A24902C5B15C7B48D35F92211CD04941C9F804A9785BAA50103A68950C50764935D52A398762AD26CC60169385DD3CA677F76A8FD85CFA368C15576CAA106AE1059DD4118D2DFBFDBF9CFBF6F4153696DBE7735595058F655AFB432276CFE796D6B52359CAE5E2963CF8AC5C07B06FA3933C1F7CCA78AD7461858B6DACD3DC05B3AD93548F498EEDA2E97759DA110F604CF2CB65C596353D336ADB8C091369723143876ABEB7B5355A68BEC1B743C07D6CDA3B04F831A0836EADCFE18A33B3F160CD74E16FA4A237366A11D75B42E7B2EA045187569BE3C85FDB23970691CB51C27D058373402C6A6CA816A3C351565B0B114447527BB28B9B8701B549A279EB710A2DB4CEFDD187920B97BC71205DED1EC312D7927526C66228755B0ADFCF8A749F51E95035F6B7090EE007C6F51F51E63C7390FFA7DE556EF03257306FA4D9AA17A87DE2968AA971880E73FBF2968083FFD1C251AF4527C6BCF5D47596EAB975481C7553BCC73D15FE2EE29BCEBAE9FAADB426D7C13A8194AE3186068041AC730D5F680B9B5FBC68FF83BAD21D5CED0F92E2D92650F6DAEC077B655EF704FDC90E97DE4343AAB6699DA7A2C266E3C481BCAF8D9E26E3C9650FD8CECA8ACE27820D7A3BDB445D9D0C653F9E46E57BB7D039C7E1B0A682A4AC72ACDB3A38CCE233830147F8DEA5C67D89E114E3555B38BD4CC0678739F86B947507CE32996DDC51806C99F3C482C612A0644FDBAB6DD4E7C0AD6A3BFEDB4ADF1187A3B6D9AE2B8754EE3BEC34A92AFB54DA2FF46603080DDF452140F7D5807E433A458B148D53972CDA2F312F4E8F48A5552E1B11CD28D036143B93776781B81A36398FE77C94E6CE7E977C78630C16B18BAD7B87A40D5E0497BF9FC01EC9496AF668830A89790B778E4E272B679CC6FA415F7CDD4292204797725797BA17EAA32056DD069E73A026B41BDB64B01ACC8000C7548972BFAA982C65C1F5501445F946491254E0E5539EAA40422DF22B3B06E626149B7F2F44702A8C832104B20A10103EAA80AC001550A03C13C7DB1347B31283793DCC6C2D4C620CE404D0066BA115E3A759DF55890AD07D0DB8A43028A8C8E82185966631B313455369D52A2FD609D652DD666B2E96035D428FD48B6B3A1D142160E4FEC483B9BC52E87DA45D6612885E6D003842E0CB94A2A6C0760892D15BEF0DB8D38E438B7CE14DC0EF4E3114F57A97F8D97C93022812E0D384CE7DB021B3A021C61A65EC81119A533D375425E51025E1D61E808717CA9765BB8B21D0D188CDFB9CAA26B6A1287017A47D972C1F4B88379EB1DE7C2B59B6FE1799620C1641762903B3F96296EDBADF83188C559D6DA25CBFF1260B9A7E11BA4A3E59F145ECC9787287F67A3F8ABB05784C402D38CD0BA71EE4BEADC454F7175FCCC70545561BE1FFE80327FE367FE5592054FFE3AC3C56B84155EB49D79BFFAE101E56F143DA2CD5DF4E990ED0F191E32DA3D868D2CA1F931B6ACFF63CEDD26CF8B4FFBFCAFD4C510309B41FE34C9A7E8A743106E08DFEF812F9D0524F2F3F1F2A3EC7C2EF38784D0F68550FA18479A844AF19163FD7BB4DB879858FA295AF95F910D6F9F53F433DAFAEB97EA65683111F54434C5BEB809FC6DE2EFD29246DD1EFF8931BCD93DFFF03F222AA81C59F20000, N'6.4.0')
GO
INSERT [dbo].[__MigrationHistory] ([MigrationId], [ContextKey], [Model], [ProductVersion]) VALUES (N'201912170404454_TeacherPropertyNameChange', N'University_Management.Migrations.Project_DbContext.Configuration', 0x1F8B0800000000000400ED5D5F6FE3B8117F2FD0EF20F8A92DF6E2248BC5B58173875C922D82DEEE1EECECA16F0BC566BC6A65C995E44582A29FAC0FFD48FD0AA52C89A2C8E15F51FFD2E01E6E6392C3E1F0C7992187E2FCF7DFFF59FCF8B40BBD6F28498338BA9C9D9D9CCE3C14ADE34D106D2F6787ECF1BB3FCE7EFCE1B7BF59DC6E764FDEAF55BDB7793DDC324A2F675FB36C7F319FA7EBAF68E7A727BB609DC469FC989DACE3DDDCDFC4F3F3D3D33FCDCFCEE6089398615A9EB7581EA22CD8A1E31FF8CFEB385AA37D76F0C30FF1068569F93B2E591DA97A1FFD1D4AF7FE1A5DCE3E47C191DDECF9CB073FF2B76887A2ECA46837F3AEC2C0C73CAD50F838F3FC288A333FC31C5F7C4ED12A4BE268BBDAE31FFCF0FE798F70BD473F4C5139928BBABAEEA04ECFF341CDEB8615A9F521CDE29D21C1B3B7A594E66C732B59CF8814B11C6FB1BCB3E77CD447595ECEAEC2305EFB19BA0EFD344DE27837F3D85E2FAEC3246F2197F90947E98D57D7FFAEAEFF86C007A32CFFEF8D777D08B343822E2374C8123F7CE3FD72780883F55FD0F37DFC77145D468730A487810782CB1A3FE09F7E49E23D4AB2E7257A2C0777B79979F366BB39DB9034A3DA14A3BD8BB2B7E733EF23EEDC7F081141092599551627E8CF2842091EF8E6173FCB5012E534D051CE5CEF4C5F3768EF27592E1475AF724AD7F12149515B2A4B3C6B6D69DCF8CF1501BCD2B0FA98791FFCA79F51B4CDBE62C5F26EE6BD0F9ED0A6FAA1A4899182950D6E93250764DCE7FB24DEDD633D52757C8367A3F8DB90D07DEC84CC5D5A2D0622CC9FE238447EA426F5D1FF166C8FE802A778E62D51782C4EBF06FB42C3F14BEF4B553997CC320EA1855ED6F9B2C2FF5BE7638E1515EFFD648B327D866B746B324D3790315ED7D3609EAA6C3A80E5511D6AB15E5495319DD7D060F7580D627431AF75B754A357536FA9C68BE6AFBA5B4FE35E63A149D4DDBBD32ED45DD175FEEF81BABE4ED026C8889A8CF18CDB92BA41991FE41E9BD8649C9EEA0DA52F5BBB42BB20C56031A6A350ED57691A6CA314D438A50A662AD6FA062AE7B40D58C9B156A7D46DD14F834DBE94F45F310954A9C6A1ADB7518A95122CC8A20CB08F8D028EAB66A929431562408EAA42485E6C19C71757C198B5EC902B3C3502818A8014C5B578D6C555A14168DBBF7BE4E36D5142D3B5368600AD57CBD89FA62DC53F8ECD1176EA8F00E8C9A7B7D2F8EC1A939A85AE343EC0ACA88E5AFBDB325D4207E4B82C13B30B56E078856BB5D25DB4A82D55564D62784DD5D404A63ACB448F74A1BD140E36FE67171E76DDBF626FF1BD93DE5BF8A4AD163EEB9B2A358419DF9A1CAB9C532597E6FC6938A7F039085728725281E3915EBC41986D794D2DAFB0FD809470A8EB8178A88A658020754C1151DA11258F753D90C7AA58C623A9D3EA84A9C099B5852A9A0F6F9DFE7FFCE8129AE3F0A3FF9CF852BBA66B571DF8D89A8701EC82828F0A1CB9D3863640C05B8B53EF122C32B5FF8518314ECF574522C54ECA5BF9C984474B1554B67FD5419A9A43E10A7FDFC959F3EDCE0F4249AFE7EF3A09265EC751E6AFB38FB1EC4CFAAC13D71F4F51EBD8E3D56693A05476A0FE4EF33CDD34788CB6418A17470EBB8F87DD43BEF91E6EF3E4EE705EFFF843D789941C7A708EA68B6D8581D666CD8948ABF7B2A1205A5EBE9BA878D4D94A54755D581F2727CC00AD57ABD4933F3BB6EB37B751128761CE8F134BD0F38175EB009140F7C862498E74B8B3D30C9D2174EB9AB751A03ADCB3CAB64D88AE6D58EE5551AA5480C26F3FEBC61354BBA0DA773A5ECE96A1A3FB382E6EE2DCA07C691F0137A0496D1189B00CE8B1FA4E1EF673BF5FD03DD095EC17B8435F7D2EC99C0BD824E5023EF9728051A052CB0029C5B6758494D078B52006BAA19F0B87B661120BB8F2811209A6ED768AE4E297EDF6B024303C50E95B8FA680D5BF31E9708F58F639306A65E168A39B7F9C732EBA1A6817D26BF3E5CF72141FFB541FAF988253EFA31777C0CCFB937A8AE70E20299A78ECD4C4EBE0380ECE5D61DCA7E6206EA38DA77BA5A31858D3D9C123C4F31EECF14C63B6F00E801393460FC4BFA87B006F7B36BBFA03D715060D4AF2D9F243ECBAE787D64194F1080BA275B0F743CD7133ED8D2F44E59346FA644B704314E500D314910B66489FCC8252496F31A75066083E03D8750938106AD561563FE81A09AEA686A866485F34E182F87E3DD7D51517D55C8B486AC3E78C15ECE2537483429421EF6A5D7C327CEDA7EBE39509D6B2E1CE1D200F645C67B65B420D9C039D7EEBC3F6211146691A0524A0F3610748832ED1E929C291208E1F40AFAA4E383B13D1746C545704176188B7060B89137488143143007A75178515FC0402E941E50946AED33315F21C126D50744F31CFD2501F874133475EABB309D962F528FA43A964DE2660A515215D1318C9ED7707B89DAE65D71B4DAF665E6F46A765F3C120BF09C2B8887FA778E62E68F5EB79384332338E815431337753701EA03B921A6731FC57370E0F7AF8DB984A54BA3FEA614738D4590F2B8C89A84338EE2F9A7CC52500EE4CD904588A2F868738AF960EB707DD2515894EFFD4D7FF03692D20A62CD62CB20033ADB7A80B0C268A4B76DD42095D679A4B3CC81E102513829EC66ADC731ADA146A604AF271A743533824A084231CCA14DA016B7053083E17229A7BE9B3201AC7246254C95F2519C20CCAC6DA83CE9209640AC728EC1515E1BE4F785F8572ABC96D287D40895FC0EA29302B1A98D6BE4B7867CA6C172890417B167A4090F06D52D18CAB1F2AAD671E78BD58FFA842F9D0E9040E8C5563E841C3A9E66B025A4EFA14AD3E7CE407C58EB13ADD43629DB1F4EAFDE9CCE444DC40C1CBC4FAB06A3E53DC197A1BCF1CD3815F80F218114BF3AF030DF8726A4B94D273D58E09E7C8BC3DDE3E3D7E171544282919C02CFD0DADB39B87BC003D41EF777C4E5179E9382D2FBAB2A0CA09AF5026027C3AF36EC9D557317839AC36C9921BD91CADCA1350100036381035701FA4205DAB198822ADF91584C87B001C91EAFE858240FDE00147811CA1EB9150C9098C4AE94D8144EC1AA2262746B0ACA9C33CD5404B471C1C1DD918A9664C00F02584696A6942E061BF96A3AAF39FAA49CE1544A74AF0E902191183634E27195C07A768C2CB8EB50A4DC9D8484D4F5E4692722B23503A84F7D602615ECEE26521B987DB601CBE894BF14C949464F4F0DDDB2E074E6B59E1E0459B08887760EF602704605FA087270B61700FCBF0A290DE526C9EF408EE2952DCD7F6462207D1F542B538ED25003E7A211486F2121D341ED9353A5E445205A84BBED385A47A73434F7A5A4B4CF352976B290EB012E1D73FF44409DE23520E92BD49E45A88ECDD210D6DD0CEBED754A5061EBEC722B2C9DC4D9676269EBBBBD28D5404CF2AF072D1B887D1188AFC2606EFCEC90523BF7BD18773087D7B0EA147759F80996FC98D82067EE83D8A1440923B041A426FB7AEE4925104C5450B412E17E375D59354C0582D2016754C573FAAABB6E1FA71DCEE9714FF653C60C3A4A149BDE024AD37EBFDB9CC4489C2919DF848E2BC7EBC38F4E26C6691366A50D0399B444ECAD85A4FF2927B94FA711FF3C88F4BD9F5E9498A721BEA488F8F3598441B5C4AAC115FA0777E102D8994AA7714C84936295BCC8B9CC4E50F8BB92079F1E283BFDF07D1964A665CFEE2AD8A4CC6D7DFADCC13FBEE0A1AF37543EFB1E7EEA4A72C4EFC2D624AF3A5B741EF8324CD1F9CF41FFC5CB35C6F765C35EEDC5E704A5975273C9AE7A7B03AC8AC9AE6FF2E9A9B251B06022025C9F778E479D3A310900C643C0D2FCF3CED877E02BCC0741D87875D240EA18B5B37E384341D7904514CB18E9FD3D4C4517531A52A4644D311C58D2423CC93003706E673EFA2C8DAD7097D6922F5AFFA94AA8CBE349DEA377D2A8D84BE8D89A70B787A8B3903422EF2C6AD002E80D95C5B5A2B4FEC11592E37D895D05863A286DD2CACA2B7226F12BF108ADF4DA915EF47F1D48ADF8D792BDF6B04B82B4B4C299204AA3C495234A46AA22FA0D1F46417D3065B38E076C6D92A8282BDE64B4A8BCA540C17F58D4743438B3FFD10D3726704E997B3196D4F7E1F0D6669F7DF1954C5FB200D84CA1AF707ADBA1DAFC2D9321BAABC9961CB46031171F0CD121EE5FD107368881A4E455F515FD2368C99F8035B312D77FAAA4CA94593297F1A0D0425F1124B0C0AE2551A2014B6EC06858D1C4A006A4C5550F9C8394DA9FCC9047BE4C5F226F8C8CF269BBD8C5584C75FF4299007E36922E44783CD2B9082A8B19105CAFBD026C3AEB98EBC59E84A9EF55A1CC29B75A9CBC77CA4C3A69569280EA6EC85FAC892A862BBBD9CFDFEAD2F94F366C7D4DEB8D2CEDDDB2DCFCC70818731C6C730CC57E5CDB52FFDE05C467362A6A67109C1E12EB4BE5F6DB30D95B4EE6AC3C1644B10A041B40487721448ECDB9D77505D69B77009844DDD9E31AAA8010E7BA36434D3B7741B5B83A2B83A5B7BA3089A9B3853F5963E4B05B6039D4E0F172966AB90DE49C498890C2FCA286D237C7C1C791E0C3E8E382D23C66CD8B6A832F3B078BE059B3C64BB7AC640DD9DE4154E56FF08AFC320DFF1920A78D68347946645CA85D9F9E9D9F9CCBB0A033F2D82FB6540FA82FD3E4B2B427DF6368F50A3CD6ECE36378F73E754D274D3C808C1A7AF508472FB48C513E4E255A68670904E2B00F35EDF451BF47439FBE7B1E18577F7D72F74DB37DEA704CFFA8577EAFDAB75724B5D06AA76AD3A6F66E7D0EDBA68D5AAE363C4BAE835FAE627EBAF7ED24C61F7CE98641DBF2EE86E3048329BCC9E5500BB259946F0BAA0F590FBBE569945B835093EF330D58548479025A0C8B30959512E3C8A2E283733043E86B1AF9A611125124E96AD8A6362C79A7C91AA66024A8E4F51A5CB42DDD28001D354A9E2F3B1C92EA9514C3B156836E380349CAE69E5F3433BD4FEC20754B4E02A3BE550035788ACEE200CE9EFDFEDFCA7DFB7A0A9B436DFBB9A2C282AFBAA575A99133643BDB635A91A4E57AF94A167C562E03D03FDAC9AE08BE753C56B230A2C5BEDE61E60231D3648F49810BB6DB66BD8133CB3D872658D4D4DDBC4E30247DA5C8E50DCD8ADAEEF4D55992EB217E8780EAC9B47619F0635106CD0B9FD3146777E2C18AD9D2CF49546E6CC423BEA685DF65C6078F3E529EC97CD818B83A31626646CAA1EA8C6535352065B4B415C77B2CB928B0CB7C1A579727A0B21BACD06DF8D990712C0772C51E0ADCD1E53977722C566B6725809DBCA8F7FBE54EFC539F0F106072911C0C718558F35769C17A1DF9770F5BE503267A0DFC41AAAB7EA9D82A67A91017822F4454143F809E828D1A097065C7BEE3ACA845B3DB30ABCBCDA612E8CFE927B4FE1ED77FD74DE166AE345A066288D6380A111681CC374DC03E6DFEE1B3FE20FB586543B43E7C4B448A83DB4B9021FE1563DD23D7143A6F795D3E8AC9A65FAEBB198B8F1206D28E3678BBBF15842F5E3B2A3B28AE3815C8FF6D21665431B4FE543BC5DEDF60D70FA3214D054948E552A6847599F47706028FE1CD5B9CEB03D239C6A3A6717E99B0DF0E63E55738FA078E16998DDC51806C9B13C482C612A0644FDD8B6DD4E7C0AD6A3BFEDB4ADF1187A3B6D9A06B975DEE3BEC34A92EFB54DA2FF46603080DDF4D2180F7D5807E43CA458B148E73972CDA2F322F4E8F48A55E2E1B11CD28D036143B93776781B81A363982278C94E6CE7297AC78630C17B18BAD7B87A40D5E0897DF93C02EC9496EF668830A897B4B778E6E272B679C86FA415F7CDD4A92204C97D25B97DA17EAA32056DD069E73A026B41BDB6CB0FAC480F0C7548972BFAA982C65C1F5501445F947A91254E0E5539EAA40422DF22EDB06ED66149B7F2344802A8C8D2134B20A10103EAA80AC001550A03C13CB7B134B531283793C4C7C2BCC720CE404D0066BC115E3A759D125990B507D0DB8A43028A8C8E821859BE631B313455369D5AA2FD609DE532D666B2E96035D428FD4AB6B3A1D142160E4FEC483B9BC52E87DA452E6228B1E6D003842E0CB94A356C0760892D153EF1DB8D38E438B7CE1FDC0EF4E3114F5709818D97C93022812E0D384CF2DB021B3A021C61FE5EC81119A533D3757E5E513E5E1D61E808717C99775BB8B21D0D188CDFB94AAA6B6A1287017A475973C134B98379EB1DE7C4B59B6FE1799620D1641762903B3F96A96EDBADF83188C559F6DA25CBFF1260B9A7E11BA4A5E51F155ECC9787287F69A3F8ABB05784C402D38CD0BA71EE4BEADC458F7175FCCC70545561BE1FFE80327FE367FE5592058FFE3AC3C56B84155EB49D79BFFAE101E5CF3C3CA0CD5DF4E990ED0F191E32DA3D848D6CA1F931B6ACFF63EEDD26CF8B4FFBFCAFD4C510309B41FE38C9A7E8A743106E08DFEF812F9D0524F2F3F1F2A3EC7C2EF3A784D0F69950FA18479A844AF19163FD7BB4DB879858FA295AF9DF900D6F9F53F433DAFAEBE7EA6D683111F54434C5BEB809FC6DE2EFD29246DD1EFF8931BCD93DFDF03F9A8786097DF20000, N'6.4.0')
GO
INSERT [dbo].[__MigrationHistory] ([MigrationId], [ContextKey], [Model], [ProductVersion]) VALUES (N'201912170414537_CoursePropertyNameChange', N'University_Management.Migrations.Project_DbContext.Configuration', 0x1F8B0800000000000400ED5D5F6FE3B8117F2FD0EF20F8A92DF6E2248BC5B58173875C922D82DEEE1EECECA16F0BC566BC6A65C995E44582A29FAC0FFD48FD0AA52C89A2C8E15F51FFD2E01E6E6392C3E1F0C7992187E2FCF7DFFF59FCF8B40BBD6F28498338BA9C9D9D9CCE3C14ADE34D106D2F6787ECF1BB3FCE7EFCE1B7BF59DC6E764FDEAF55BDB7793DDC324A2F675FB36C7F319FA7EBAF68E7A727BB609DC469FC989DACE3DDDCDFC4F3F3D3D33FCDCFCEE6089398615A9EB7581EA22CD8A1E31FF8CFEB385AA37D76F0C30FF1068569F93B2E591DA97A1FFD1D4AF7FE1A5DCE3E47C191DDECF9CB073FF2B76887A2ECA46837F3AEC2C0C73CAD50F838F3FC288A333FC31C5F7C4ED12A4BE268BBDAE31FFCF0FE798F70BD473F4C5139928BBABAEEA04ECFF341CDEB8615A9F521CDE29D21C1B3B7A594E66C732B59CF8814B11C6FB1BCB3E77CD447595ECEAEC2305EFB19BA0EFD344DE27837F3D85E2FAEC3246F2197F90947E98D57D7FFAEAEFF86C007A32CFFEF8D777D08B343822E2374C8123F7CE3FD72780883F55FD0F37DFC77145D468730A487810782CB1A3FE09F7E49E23D4AB2E7257A2C0777B79979F366BB39DB9034A3DA14A3BD8BB2B7E733EF23EEDC7F081141092599551627E8CF2842091EF8E6173FCB5012E534D051CE5CEF4C5F3768EF27592E1475AF724AD7F12149515B2A4B3C6B6D69DCF8CF1501BCD2B0FA98791FFCA79F51B4CDBE62C5F26EE6BD0F9ED0A6FAA1A4899182950D6E93250764DCE7FB24DEDD633D52757C8367A3F8DB90D07DEC84CC5D5A2D0622CC9FE238447EA426F5D1FF166C8FE802A778E62D51782C4EBF06FB42C3F14BEF4B553997CC320EA1855ED6F9B2C2FF5BE7638E1515EFFD648B327D866B746B324D3790315ED7D3609EAA6C3A80E5511D6AB15E5495319DD7D060F7580D627431AF75B754A357536FA9C68BE6AFBA5B4FE35E63A149D4DDBBD32ED45DD175FEEF81BABE4ED026C8889A8CF18CDB92BA41991FE41E9BD8649C9EEA0DA52F5BBBC24B21C56031A6A350ED57691A6CA314D438A50A662AD6FA062AE7B40D58C9B156A7D46DD14F834DBE94F45F310954A9C6A1ADB7518A95122CC8A20CB08F8D028EAB66A929431562408E7061901742F262CB38BEB80AC6AC65875CE1A911085404A428AEC5B32EAE0A0D42DBFEDD231F6F8B129AAEB5310468BD5AC6FE346D29FE716C8EB0537F04404F3EBD95C667D798D42C74A5F101664575D4DADF96E9123A20C76599985DB002C72B5CAB95EEA2456DA9B26A12C36BAAA62630D559267AA40BEDA570B0F13FBBF0B0EBFE157B8BEF9DF4DEC2276DB5F059DF54A921CCF8D6E458E59C2AB934E74FC33985CF41B84291930A1C8FF4E20DC26CCB6B6A7985ED07A484435D0FC443552C0304A9638A88D28E2879ACEB813C56C5321E499D56274C05CEAC2D54D17C78EBF4FFE34797D01C871FFDE7C497DA355DBBEAC0C7D63C0C6017147C54E0C89D36B40102DE5A9C7A976091A9FD2FC488717ABE2A12297652DECA4F263C5AAAA0B2FDAB0ED2D41C0A57F8FB4ECE9A6F777E104A7A3D7FD74930F13A8E327F9D7D8C6567D2679DB8FE788A5AC71EAF369B04A5B203F5779AE7E9A6C163B40D52BC3872D87D3CEC1EF2CDF7709B277787F3FAC71FBA4EA4E4D08373345D6C2B0CB4366B4E445ABD970D05D1F2F2DD44C5A3CE56A2AAEBC2FA3839610668BD5AA59EFCD9B15DBFB98D92380C737E9C58829E0FAC5B078804BA47164B72A4C39D9D66E80CA15BD7BC8D02D5E19E55B66D42746DC372AF8A52A502147EFB59379EA0DA05D5BED3F172B60C1DDDC7717113E706E54BFB08B8014D6A8B488465408FD577F2B09FFBFD82EE81AE64BFC01DFAEA7349E65CC0262917F0C997038C02955A064829B6AD23A484C6AB0531D00DFD5C38B40D9358C0950F9448306DB7532CAF67D96F0F4B02C303B5E2C406B074DBDEF688659F03A356168E36BAF9C739E7A2AB817621BD365FFE2C47F1B14FF5F18A2938F53E7A7107CCBC3FA9A778EE0092A289C74E4DBC0E8EE3E0DC15C67D6A0EE236DA78BA573A8A81359D1D3C423CEFC11ECF34660BEF00383169F440FC8BBA07F0B667B3AB3F705D61D0A0249F2D3FC4AE7B7E681D44198FB0205A077B3FD41C37D3DEF842543E69A44FB6043744510E304D11B96086F4C92C2895F416730A6586E033805D978003A1561D66F583AE91E06A6A886A86F445132E88EFD7735D5D7151CDB588A4367CCE58C12E3E4537284419F2AED6C527C3D77EBA3E5E99602D1BEEDC01F240C67566BB25D4C039D0E9B73E6C1F126194A65140023A1F768034E8129D9E221C09E2F801F4AAEA84B333114DC7467545701186786BB09038418748113304A057775158C14F20901E549E60E43A3D5321CF21D10645F714F32C0DF571183473E4B53A9B902D568FA23F944AE66D02565A11D2358191DC7E7780DBE95A76BDD1F46AE6F566745A361F0CF29B208C8BF8778A67EE8256BF9E87332433E318481533733705E701BA23A97116C37F75E3F0A087BF8DA944A5FBA31E7684439DF5B0C298883A84E3FEA2C9575C02E0CE944D80A5F8627888F36AE9707BD05D5291E8F44F7DFD3F90D60262CA62CD220B30D37A8BBAC060A2B864D72D94D075A6B9C483EC01513221E869ACC63DA7A14DA106A6241F773A348543024A38C2A14CA11DB0063785E07321A2B9973E0BA2714C224695FC559221CCA06CAC3DE82C9940A6708CC25E5111EEFB84F75528B79ADC86D20794F805AC9E02B3A28169EDBB8477A6CC7681021968B280C42CF48020E1DBA4A219573F545ACF3CF07AB1FE5185F2A1D3091C18ABC6D0838653CDD704B49CF4295A7DF8C80F8A1D6375BA87C43A63E9D5FBD399C989B881829789F561D57CA6B833F4369E39A603BF00E5312296E65F071AF0E5D49628A5E7AA1D13CE91797BBC7D7AFC2E2A885052328059FA1B5A67370F79017A82DEEFF89CA2F2D2715A5E74654195135EA14C04F874E6DD92ABAF62F072586D922537B2395A9527A020006C70206AE03E4841BA563310455AF32B0891F7003822D5FD0B0581FAC1038E023942D723A192131895D29B0289D835444D4E8C6059538779AA81964E3C383AB23152CD9800E04B08D3D4D284C0C37E2D4755E73F55939C2B884E95E0D305322206C79C4E32B80E4ED184971D6B159A92B1919A9EBC8C24E55646A07408EFAD05C2BC9CC5CB42720FB7C1387C1397E2992829C9E8E1BBB75D0E9CD6B2C2C18B361110EFC0DEC14E08C0BE400F4F16C2E01E96E14521BDA5D83CE911DC53A4B8AFED8D440EA2EB856A71DA4B007CF442280CE5253A683CB26B74BC88A40A50977CA70B49F5E6869EF4B49698E6A52ED7521C6025C2AF7FE88912BC47A41C247B93C8B510D9BB431ADAA09D7DAFA94A0D3C7C8F456493B99B2CED4C3C7777A51BA9089E55E0E5A2710FA33114F94D0CDE9D930B467EF7A20FE710FAF61C428FEA3E0133DF921B050DFCD07B1429802477083484DE6E5DC925A3088A8B16825C2EC6EBAA27A980B15A402CEA98AE7E54576DC3F5E3B8DD2F29FECB78C0864943937AC1495A6FD6FB7399891285233BF191C479FD7871E8C5D9CC226DD4A0A07336899C94B1B59EE425F728F5E33EE6911F97B2EBD39314E536D4911E1F6B308936B8945823BE40EFFC205A122955EF2890936C52B698173989CB1F167341F2E2C5077FBF0FA22D95CCB8FCC55B15998CAFBF5B9927F6DD1534E6EB86DE63CFDD494F599CF85BC494E64B6F83DE07499A3F38E93FF8B966B9DEECB86ADCB9BDE094B2EA4E7834CF4F6175905935CDFF5D34374B360C04404A92EFF1C8F3A647212019C8781A5E9E79DA0FFD047881E93A0E0FBB481C4217B76EC609693AF208A298621D3FA7A989A3EA624A558C88A6238A1B49469827016E0CCCE7DE4591B5AF13FAD244EA5FF52955197D693AD56FFA541A097D1B134F17F0F4167306845CE48D5B015C00B3B9B6B4569ED823B25C6EB02BA1B1C6440DBB5958456F45DE247E2114BF9B522BDE8FE2A915BF1BF356BED70870579698522409547992A46848D5445F40A3E9C92EA60DB670C0ED8CB35504057BCD97941695A9182EEA1B8F8686167FFA21A6E5CE08D22F6733DA9EFC3E1ACCD2EEBF33A88AF7411A089535EE0F5A753B5E85B36536547933C3968D0622E2E09B253CCAFB21E6D010359C8ABEA2BEA46D1833F107B6625AEEF45599528B2653FE341A084AE225961814C4AB3440286CD90D0A1B399400D498AAA0F291739A52F99309F6C88BE54DF0919F4D367B19AB088FBFE853200FC6D344C88F069B5720055163230B94F7A14D865D731D79B3D0953CEBB5388437EB52978FF948874D2BD3501C4CD90BF5912551C5767B39FBFD5B5F28E7CD8EA9BD71A59DBBB75B9E99E1020F638C8F6198AFCA9B6B5FFAC1B98CE6C44C4DE31282C35D687DBFDA661B2A69DDD58683C99620408368090EE52890D8B73BEFA0BAD26EE112089B4ACE1803C119A3F0FB5B3535C0616F948C66FA966E636B501457676B6F1441731367AADED267A9C076A0D3E9E122C56C15D23B89183391E14519A56D848F8F23CF83C1C711A765C4980DDB1655661E16CFB76093876C57CF18A8BB93BCC2C9EA1FE17518E43B5E5201CF7AF088D2AC48B9303B3F3D3B9F795761E0A74570BF0C485FB0DF676945A8CFDEE6116AB4D9CDD9E6E671EE9C4A9A6E1A1921F8F4158A506E1FA978825CBCCAD4100ED2690560DEEBBB68839E2E67FF3C36BCF0EEFEFA856EFBC6FB94E059BFF04EBD7FB54E6EA9CB40D5AE55E7CDEC1CBA5D17AD5A757C8C5817BD46DFFC64FDD54F9A29ECDE1993ACE3D705DD0D06496693D9B30A60B724D3085E17B41E72DFD72AB308B726C1671EA6BA10E908B204147936212BCA8547D105E56686C0C730F655332CA244C2C9B255714CEC58932F52D54C40C9D1E1683316EA96060C98A64A159F8F4D76498D62DAA940B31907A4E1744D2B9F1FDAA1F6173EA0A20557D929871AB84264750761487FFF6EE73FFDBE054DA5B5F9DED5644151D957BDD2CA9CB019EAB5AD49D570BA7AA50C3D2B1603EF19E867D5045F3C9F2A5E1B5160D96A37F7001BE9B041A2C784D86DB35DC39EE099C5962B6B6C6ADA261E1738D2E67284E2C66E757D6FAACA7491BD40C77360DD3C0AFB34A8816083CEED8F31BAF363C168ED64A1AF34326716DA5147EBB2E702C39B2F4F61BF6C0E5C1C1CB530216353F540359E9A9232D85A0AE2BA935D965C64B80D2ECD93D35B08D16D36F86ECC3C9000BE6389026F6DF698BABC132936B395C34AD8567EFCF3A57A2FCE818F37384889003EC6A87AACB1E3BC08FDBE84ABF785923903FD26D650BD55EF1434D58B0CC013A12F0A1AC24F40478906BD34E0DA73D75126DCEA9955E0E5D50E7361F497DC7B0A6FBFEBA7F3B6501B2F023543691C030C8D40E318A6E31E30FF76DFF8117FA835A4DA193A27A64542EDA1CD15F808B7EA91EE891B32BDAF9C4667D52CD35F8FC5C48D076943193F5BDC8DC712AA1F971D95551C0FE47AB497B6281BDA782A1FE2ED6AB76F80D397A180A6A274AC52413BCAFA3C820343F1E7A8CE7586ED19E154D339BB48DF6C8037F7A99A7B04C50B4FC3EC2EC630488EE5416209533120EAC7B6ED76E253B01EFD6DA76D8DC7D0DB69D334C8ADF31EF71D56927CAF6D12FD37028301ECA697C678E8C33A20E721C58A453ACF916B169D17A147A757AC120F8FE5906E1C081BCABDB1C3DB081C1DC314C14B76623B4FD13B368409DEC3D0BDC6D503AA064FECCBE71160A7B47C37438441BDA4BDC5331797B3CD437E23ADB86FA64E152148EE2BC9ED0BF553952968834E3BD711580BEAB55D7E60457A60A843BA5CD14F1534E6FAA80A20FAA2D48B2C7172A8CA51272510F916698775B30E4BBA95A741124045969E5802090D18504755000EA8521808E6B98DA5A98D41B9956EBD1A6BB08E580AD5029CE805CC7823BC74EA3A25B2206B0FA0B715870414191D0531B27CC7366268AA6C3AB544FBC13ACB65ACCD64D3C16AA851FA956C6743A3852C1C9ED89176368B5D0EB58B5CC45062CDA107085D1872956AD80EC0125B2A7CE2B71B71C8716E9D3FB81DE8C7239EAE12021B2F936144025D1A7098E4B70536740438C2FCBD9023324A67A6EBFCBCA27CBC3AC2D011E2F832EFB670653B1A3018BF739554D7D4240E03F48EB2E682697207F3D63BCE896B37DFC2F32C41A2C92EC420777E2C53DDB65BF163108BB3ECB54B96FF25C0724FC337484BCB3F2ABC982F0F51FED246F15761AF088905A619A175E3DC97D4B98B1EE3EAF899E1A8AAC27C3FFC0165FEC6CFFCAB240B1EFD75868BD7082BBC683BF37EF5C303CA9F7978409BBBE8D321DB1F323C64B47B081BD942F3636C59FFC7DCBB4D9E179FF6F95FA98B21603683FC71924FD14F8720DC10BEDF035F3A0B48E4E7E3E547D9F95CE64F09A1ED33A1F4318E340995E223C7FAF768B70F31B1F453B4F2BF211BDE3EA7E867B4F5D7CFD5DBD06222EA89688A7D7113F8DBC4DFA5258DBA3DFE136378B37BFAE17F3CB199DE7DF20000, N'6.4.0')
GO
INSERT [dbo].[__MigrationHistory] ([MigrationId], [ContextKey], [Model], [ProductVersion]) VALUES (N'201912170422033_SemesterTableRenamed', N'University_Management.Migrations.Project_DbContext.Configuration', 0x1F8B0800000000000400ED5D5F6FE3B8117F2FD0EF20F8A92DF6E2248BC5B58173875C922D82DEEE1EECECA16F0BC566BC6A65C995E44582A29FAC0FFD48FD0AA52C89A2C8E15F51FFD2E01E6E6392C3E1F0C7992187E2FCF7DFFF59FCF8B40BBD6F28498338BA9C9D9D9CCE3C14ADE34D106D2F6787ECF1BB3FCE7EFCE1B7BF59DC6E764FDEAF55BDB7793DDC324A2F675FB36C7F319FA7EBAF68E7A727BB609DC469FC989DACE3DDDCDFC4F3F3D3D33FCDCFCEE6089398615A9EB7581EA22CD8A1E31FF8CFEB385AA37D76F0C30FF1068569F93B2E591DA97A1FFD1D4AF7FE1A5DCE3E47C191DDECF9CB073FF2B76887A2ECA46837F3AEC2C0C73CAD50F838F3FC288A333FC31C5F7C4ED12A4BE268BBDAE31FFCF0FE798F70BD473F4C5139928BBABAEEA04ECFF341CDEB8615A9F521CDE29D21C1B3B7A594E66C732B59CF8814B11C6FB1BCB3E77CD447595ECEAEC2305EFB19BA0EFD344DE27837F3D85E2FAEC3246F2197F90947E98D57D7FFAEAEFF86C007A32CFFEF8D777D08B343822E2374C8123F7CE3FD72780883F55FD0F37DFC77145D468730A487810782CB1A3FE09F7E49E23D4AB2E7257A2C0777B79979F366BB39DB9034A3DA14A3BD8BB2B7E733EF23EEDC7F081141092599551627E8CF2842091EF8E6173FCB5012E534D051CE5CEF4C5F3768EF27592E1475AF724AD7F12149515B2A4B3C6B6D69DCF8CF1501BCD2B0FA98791FFCA79F51B4CDBE62C5F26EE6BD0F9ED0A6FAA1A4899182950D6E93250764DCE7FB24DEDD633D52757C8367A3F8DB90D07DEC84CC5D5A2D0622CC9FE238447EA426F5D1FF166C8FE802A778E62D51782C4EBF06FB42C3F14BEF4B553997CC320EA1855ED6F9B2C2FF5BE7638E1515EFFD648B327D866B746B324D3790315ED7D3609EAA6C3A80E5511D6AB15E5495319DD7D060F7580D627431AF75B754A357536FA9C68BE6AFBA5B4FE35E63A149D4DDBBD32ED45DD175FEEF81BABE4ED026C8889A8CF18CDB92BA41991FE41E9BD8649C9EEA0DA52F5BBBC24B21C56031A6A350ED57691A6CA314D438A50A662AD6FA062AE7B40D58C9B156A7D46DD14F834DBE94F45F310954A9C6A1ADB7518A95122CC8A20CB08F8D028EAB66A929431562408EAA42485E6C19C71757C198B5EC902B3C3502818A8014C5B578D6C555A14168DBBF7BE4E36D5142D3B5368600AD57CBD89FA62DC53F8ECD1176EA8F00E8C9A7B7D2F8EC1A939A85AE343EC0ACA88E5AFBDB325D4207E4B82C13B30B56E078856BB5D25DB4A82D55564D62784DD5D404A63ACB448F74A1BD140E36FE67171E76DDBF626FF1BD93DE5BF8A4AD163EEB9B2A358419DF9A1CAB9C532597E6FC6938A7F039085728725281E3915EBC41986D794D2DAFB0FD809470A8EB8178A88A658020754C1151DA11258F753D90C7AA58C623A9D3EA84A9C099B5852A9A0F6F9DFE7FFCE8129AE3F0A3FF9CF852BBA66B571DF8D89A8701EC82828F0A1CB9D3863640C05B8B53EF122C32B5FF8518314ECF574522C54ECA5BF9C984474B1554B67FD5419A9A43E10A7FDFC959F3EDCE0F4249AFE7EF3A09265EC751E6AFB38FB1EC4CFAAC13D71F4F51EBD8E3D56693A05476A0FE4EF33CDD34788CB6418A17470EBB8F87DD43BEF91E6EF3E4EE705EFFF843D789941C7A708EA68B6D8581D666CD8948ABF7B2A1205A5EBE9BA878D4D94A54755D581F2727CC00AD57ABD4933F3BB6EB37B751128761CE8F134BD0F38175EB009140F7C862498E74B8B3D30C9D2174EB9AB751A03ADCB3CAB64D88AE6D58EE5551AA5480C26F3FEBC61354BBA0DA773A5ECE96A1A3FB382E6EE2DCA07C691F0137A0496D1189B00CE8B1FA4E1EF673BF5FD03DD095EC17B8435F7D2EC99C0BD824E5023EF9728051A052CB0029C5B6758494D078B52006BAA19F0B87B661120BB8F2811209A6ED768AE4E297EDF6B024303C50E95B8FA680D5BF31E9708F58F639306A65E168A39B7F9C732EBA1A6817D26BF3E5CF72141FFB541FAF988253EFA31777C0CCFB937A8AE70E20299A78ECD4C4EBE0380ECE5D61DCA7E6206EA38DA77BA5A31858D3D9C123C4F31EECF14C63B6F00E801393460FC4BFA87B006F7B36BBFA03D715060D4AF2D9F243ECBAE787D64194F1080BA275B0F743CD7133ED8D2F44E59346FA644B704314E500D314910B66489FCC8252496F31A75066083E03D8750938106AD561563FE81A09AEA686A866485F34E182F87E3DD7D51517D55C8B486AC3E78C15ECE2537483429421EF6A5D7C327CEDA7EBE39509D6B2E1CE1D200F645C67B65B420D9C039D7EEBC3F6211146691A0524A0F3610748832ED1E929C291208E1F40AFAA4E383B13D1746C545704176188B7060B89137488143143007A75178515FC0402E941E50946AED33315F21C126D50744F31CFD2501F874133475EABB309D962F528FA43A964DE2660A515215D1318C9ED7707B89DAE65D71B4DAF665E6F46A765F3C120BF09C2B8887FA778E62E68F5EB79384332338E815431337753701EA03B921A6731FC57370E0F7AF8DB984A54BA3FEA614738D4590F2B8C89A84338EE2F9A7CC52500EE4CD904588A2F868738AF960EB707DD2515894EFFD4D7FF03692D20A62CD62CB20033ADB7A80B0C268A4B76DD42095D679A4B3CC81E102513829EC66ADC731ADA146A604AF271A743533824A084231CCA14DA016B7053083E17229A7BE9B3201AC7246254C95F2519C20CCAC6DA83CE9209640AC728EC1515E1BE4F785F8572ABC96D287D40895FC0EA29302B1A98D6BE4B7867CA6C172890417B167A4090F06D52D18CAB1F2AAD671E78BD58FFA842F9D0E9040E8C5563E841C3A9E66B025A4EFA14AD3E7CE407C58EB13ADD43629DB1F4EAFDE9CCE444DC40C1CBC4FAB06A3E53DC197A1BCF1CD3815F80F218114BF3AF030DF8726A4B94D273D58E09E7C8BC3DDE3E3D7E171544282919C02CFD0DADB39B87BC003D41EF777C4E5179E9382D2FBAB2A0CA09AF5026027C3AF36EC9D557317839AC36C9921BD91CADCA1350100036381035701FA4205DAB198822ADF91584C87B001C91EAFE858240FDE00147811CA1EB9150C9098C4AE94D8144EC1AA2262746B0ACA9C33CD540D12EC81D7170746463A49A3101C09710A6A9A5098187FD5A8EAACE7FAA263957109D2AC1A70B64440C8E399D64701D9CA2092F3BD62A34256323353D791949CAAD8C40E910DE5B0B8479398B9785E41E6E8371F8262EC533515292D1C3776FBB1C38AD658583176D2220DE81BD839D10807D811E9E2C84C13D2CC38B427A4BB179D223B8A748715FDB1B891C44D70BD5E2B49700F8E8855018CA4B74D07864D7E878114915A02EF94E1792EACD0D3DE9692D31CD4B5DAEA538C04A845FFFD01325788F483948F626916B21B2778734B4413BFB5E53951A78F81E8BC826733759DA9978EEEE4A3752113CABC0CB45E31E466328F29B18BC3B27178CFCEE451FCE21F4ED39841ED57D0266BE25370A1AF8A1F728520049EE106808BDDDBA924B461114172D04B95C8CD7554F520163B58058D4315DFDA8AEDA86EBC771BB5F52FC97F1800D938626F58293B4DEACF7E73213250A4776E22389F3FAF1E2D08BB39945DAA84141E76C123929636B3DC94BEE51EAC77DCC233F2E65D7A72729CA6DA8233D3ED660126D7029B1467C81DEF941B42452AADE512027D9A46C312F7212973F2CE682E4C58B0FFE7E1F445B2A9971F98BB72A32195F7FB7324FECBB2B68CCD70DBDC79EBB939EB238F1B78829CD97DE06BD0F92347F70D27FF073CD72BDD971D5B8737BC12965D59DF0689E9FC2EA20B36A9AFFBB686E966C1808809424DFE391E74D8F42403290F134BC3CF3B41FFA09F002D3751C1E769138842E6EDD8C13D274E4114431C53A7E4E531347D5C594AA18114D471437928C304F02DC1898CFBD8B226B5F27F4A589D4BFEA53AA32FAD274AADFF4A93412FA36269E2EE0E92DE60C08B9C81BB702B80066736D69AD3CB14764B9DC605742638D891A76B3B08ADE8ABC49FC42287E37A556BC1FC5532B7E37E6AD7CAF11E0AE2C31A54812A8F22449D190AA89BE8046D3935D4C1B6CE180DB1967AB080AF69A2F292D2A53315CD4371E0D0D2DFEF4434CCB9D11A45FCE66B43DF97D3498A5DD7F675015EF8334102A6BDC1FB4EA76BC0A67CB6CA8F266862D1B0D44C4C1374B7894F743CCA1216A38157D457D49DB3066E20F6CC5B4DCE9AB32A5164DA6FC69341094C44B2C31288857698050D8B21B1436722801A8315541E523E734A5F22713EC9117CB9BE0233F9B6CF63256111E7FD1A7401E8CA789901F0D36AF400AA2C6461628EF439B0CBBE63AF266A12B79D66B71086FD6A52E1FF3910E9B56A6A13898B217EA234BA28AEDF672F6FBB7BE50CE9B1D537BE34A3B776FB73C33C3051EC6181FC3305F9537D7BEF4837319CD89999AC6250487BBD0FA7EB5CD3654D2BAAB0D07932D418006D1121CCA5120B16F77DE4175A5DDC2251036757BC6A8A20638EC8D92D14CDFD26D6C0D8AE2EA6CED8D22686EE24CD55BFA2C15D80E743A3D5CA498AD427A2711632632BC28A3B48DF0F171E47930F838E2B48C18B361DBA2CACCC3E2F9166CF290EDEA1903757792573859FD23BC0E837CC74B2AE0590F1E31968B940BB3F3D3B3F3997715067E5A04F7CB80F405FB7D965684FAEC6D1EA1469BDD9C6D6E1EE7CEA9A4E9A69111824F5FA108E5F6918A27C8C5AB4C0DE1209D5600E6BDBE8B36E8E972F6CF63C30BEFEEAF5FE8B66FBC4F099EF50BEFD4FB57EBE496BA0C54ED5A75DECCCEA1DB75D1AA55C7C78875D16BF4CD4FD65FFDA499C2EE9D31C93A7E5DD0DD60906436993DAB00764B328DE07541EB21F77DAD328B706B127CE661AA0B918E204B40916713B2A25C78145D506E66087C0C635F35C3224A249C2C5B15C7C48E35F92255CD04941C9FA24A9785BAA50103A6A952C5E763935D52A398762AD06CC60169385DD3CAE78776A8FD850FA868C15576CAA106AE1059DD4118D2DFBFDBF94FBF6F4153696DBE7735595054F655AFB432276C867A6D6B52359CAE5E2943CF8AC5C07B06FA5935C117CFA78AD7461458B6DACD3DC0463A6C90E8312176DB6CD7B0277866B1E5CA1A9B9AB689C7058EB4B91CA1B8B15B5DDF9BAA325D642FD0F11C58378FC23E0D6A20D8A073FB638CEEFC58305A3B59E82B8DCC998576D4D1BAECB9C0F0E6CB53D82F9B031707472D4CC8D8543D508DA7A6A40CB69682B8EE64972517196E834BF3E4F41642749B0DBE1B330F2480EF58A2C05B9B3DA62EEF448ACD6CE5B012B6951FFF7CA9DE8B73E0E30D0E5222808F31AA1E6BEC382F42BF2FE1EA7DA164CE40BF8935546FD53B054DF52203F044E88B8286F013D051A2412F0DB8F6DC759409B77A66157879B5C35C18FD25F79EC2DBEFFAE9BC2DD4C68B40CD501AC7004323D03886E9B807CCBFDD377EC41F6A0DA97686CE896991507B6873053EC2AD7AA47BE2864CEF2BA7D15935CBF4D7633171E341DA50C6CF1677E3B184EAC765476515C703B91EEDA52DCA86369ECA8778BBDAED1BE0F46528A0A9281DAB54D08EB23E8FE0C050FC39AA739D617B4638D574CE2ED2371BE0CD7DAAE61E41F1C2D330BB8B310C9263799058C2540C88FAB16DBB9DF814AC477FDB695BE331F476DA340D72EBBCC77D879524DF6B9B44FF8DC06000BBE9A5311EFAB00EC87948B16291CE73E49A45E745E8D1E915ABC4C36339A41B07C286726FECF0360247C73045F0929DD8CE53F48E0D6182F73074AF71F580AAC113FBF27904D8292DDFCD1061502F696FF1CCC5E56CF390DF482BEE9BA953450892FB4A72FB42FD54650ADAA0D3CE7504D6827A6D971F58911E18EA902E57F453058DB93EAA0288BE28F5224B9C1CAA72D4490944BE45DA61DDACC3926EE56990045091A5279640420306D451158003AA140682516EE37283C38B9014817233497C2CCC7B0CE20CD40460C61BE1A553D7299105597B00BDAD3824A0C8E8288891E53BB611435365D3A925DA0FD6592E636D269B0E56438DD2AF643B1B1A2D64E1F0C48EB4B359EC72A85DE42286126B0E3D40E8C290AB54C3760096D852E113BFDD88438E73EBFCC1ED403F1EF1749510D878990C2312E8D280C324BF2DB0A123C011E6EF851C91513A335DE7E715E5E3D511868E10C79779B7852BDBD180C1F89DABA4BAA6267118A0779435974D930BEED87AF3D63BCE896B37DFC2F32C41A2C92EC420777E2C53DDB65BF163108BB3ECB54B96FF25C0724FC337484BCB3F2ABC982F0F51FED246F15761AF088905A619A175E3DC97D4B98B1EE3EAF899E1A8AAC27C3FFC0165FEC6CFFCAB240B1EFD75868BD7082BBC683BF37EF5C303CA9F7978409BBBE8D321DB1F323C64B47B081BD942F3636C59FFC7DCBB4D9E179FF6F95FA98B21603683FC71924FD14F8720DC10BEDF035F3A0B48E4E7E3E547D9F95CE64F09A1ED33A1F4318E340995E223C7FAF768B70F31B1F453B4F2BF211BDE3EA7E867B4F5D7CFD5DBD06222EA89688A7D7113F8DBC4DFA5258DBA3DFE136378B37BFAE17FEA9B41F97DF20000, N'6.4.0')
GO
INSERT [dbo].[__MigrationHistory] ([MigrationId], [ContextKey], [Model], [ProductVersion]) VALUES (N'201912171413014_TeacherTableContactColumnTypeChanged', N'University_Management.Migrations.Project_DbContext.Configuration', 0x1F8B0800000000000400ED5D5F6FE3B8117F2FD0EF20F8A92DF6E2248BC5B58173875C922D82DEEE1EECECA16F0BC566BC6A65C995E44582A29FAC0FFD48FD0AA52C89A2C8E15F51FFD2E01E6E6392C3E1F0C7992187E2FCF7DFFF59FCF8B40BBD6F28498338BA9C9D9D9CCE3C14ADE34D106D2F6787ECF1BB3FCE7EFCE1B7BF59DC6E764FDEAF55BDB7793DDC324A2F675FB36C7F319FA7EBAF68E7A727BB609DC469FC989DACE3DDDCDFC4F3F3D3D33FCDCFCEE6089398615A9EB7581EA22CD8A1E31FF8CFEB385AA37D76F0C30FF1068569F93B2E591DA97A1FFD1D4AF7FE1A5DCE3E47C191DDECF9CB073FF2B76887A2ECA46837F3AEC2C0C73CAD50F838F3FC288A333FC31C5F7C4ED12A4BE268BBDAE31FFCF0FE798F70BD473F4C5139928BBABAEEA04ECFF341CDEB8615A9F521CDE29D21C1B3B7A594E66C732B59CF8814B11C6FB1BCB3E77CD447595ECEAEC2305EFB19BA0EFD344DE27837F3D85E2FAEC3246F2197F90947E98D57D7FFAEAEFF86C007A32CFFEF8D777D08B343822E2374C8123F7CE3FD72780883F55FD0F37DFC77145D468730A487810782CB1A3FE09F7E49E23D4AB2E7257A2C0777B79979F366BB39DB9034A3DA14A3BD8BB2B7E733EF23EEDC7F081141092599551627E8CF2842091EF8E6173FCB5012E534D051CE5CEF4C5F3768EF27592E1475AF724AD7F12149515B2A4B3C6B6D69DCF8CF1501BCD2B0FA98791FFCA79F51B4CDBE62C5F26EE6BD0F9ED0A6FAA1A4899182950D6E93250764DCE7FB24DEDD633D52757C8367A3F8DB90D07DEC84CC5D5A2D0622CC9FE238447EA426F5D1FF166C8FE802A778E62D51782C4EBF06FB42C3F14BEF4B553997CC320EA1855ED6F9B2C2FF5BE7638E1515EFFD648B327D866B746B324D3790315ED7D3609EAA6C3A80E5511D6AB15E5495319DD7D060F7580D627431AF75B754A357536FA9C68BE6AFBA5B4FE35E63A149D4DDBBD32ED45DD175FEEF81BABE4ED026C8889A8CF18CDB92BA41991FE41E9BD8649C9EEA0DA52F5BBBC24B21C56031A6A350ED57691A6CA314D438A50A662AD6FA062AE7B40D58C9B156A7D46DD14F834DBE94F45F310954A9C6A1ADB7518A95122CC8A20CB08F8D028EAB66A929431562408EAA42485E6C19C71757C198B5EC902B3C3502818A8014C5B578D6C555A14168DBBF7BE4E36D5142D3B5368600AD57CBD89FA62DC53F8ECD1176EA8F00E8C9A7B7D2F8EC1A939A85AE343EC0ACA88E5AFBDB325D4207E4B82C13B30B56E078856BB5D25DB4A82D55564D62784DD5D404A63ACB448F74A1BD140E36FE67171E76DDBF626FF1BD93DE5BF8A4AD163EEB9B2A358419DF9A1CAB9C532597E6FC6938A7F039085728725281E3915EBC41986D794D2DAFB0FD809470A8EB8178A88A658020754C1151DA11258F753D90C7AA58C623A9D3EA84A9C099B5852A9A0F6F9DFE7FFCE8129AE3F0A3FF9CF852BBA66B571DF8D89A8701EC82828F0A1CB9D3863640C05B8B53EF122C32B5FF8518314ECF574522C54ECA5BF9C984474B1554B67FD5419A9A43E10A7FDFC959F3EDCE0F4249AFE7EF3A09265EC751E6AFB38FB1EC4CFAAC13D71F4F51EBD8E3D56693A05476A0FE4EF33CDD34788CB6418A17470EBB8F87DD43BEF91E6EF3E4EE705EFFF843D789941C7A708EA68B6D8581D666CD8948ABF7B2A1205A5EBE9BA878D4D94A54755D581F2727CC00AD57ABD4933F3BB6EB37B751128761CE8F134BD0F38175EB009140F7C862498E74B8B3D30C9D2174EB9AB751A03ADCB3CAB64D88AE6D58EE5551AA5480C26F3FEBC61354BBA0DA773A5ECE96A1A3FB382E6EE2DCA07C691F0137A0496D1189B00CE8B1FA4E1EF673BF5FD03DD095EC17B8435F7D2EC99C0BD824E5023EF9728051A052CB0029C5B6758494D078B52006BAA19F0B87B661120BB8F2811209A6ED768AE4E297EDF6B024303C50E95B8FA680D5BF31E9708F58F639306A65E168A39B7F9C732EBA1A6817D26BF3E5CF72141FFB541FAF988253EFA31777C0CCFB937A8AE70E20299A78ECD4C4EBE0380ECE5D61DCA7E6206EA38DA77BA5A31858D3D9C123C4F31EECF14C63B6F00E801393460FC4BFA87B006F7B36BBFA03D715060D4AF2D9F243ECBAE787D64194F1080BA275B0F743CD7133ED8D2F44E59346FA644B704314E500D314910B66489FCC8252496F31A75066083E03D8750938106AD561563FE81A09AEA686A866485F34E182F87E3DD7D51517D55C8B486AC3E78C15ECE2537483429421EF6A5D7C327CEDA7EBE39509D6B2E1CE1D200F645C67B65B420D9C039D7EEBC3F6211146691A0524A0F3610748832ED1E929C291208E1F40AFAA4E383B13D1746C545704176188B7060B89137488143143007A75178515FC0402E941E50946AED33315F21C126D50744F31CFD2501F874133475EABB309D962F528FA43A964DE2660A515215D1318C9ED7707B89DAE65D71B4DAF665E6F46A765F3C120BF09C2B8887FA778E62E68F5EB79384332338E815431337753701EA03B921A6731FC57370E0F7AF8DB984A54BA3FEA614738D4590F2B8C89A84338EE2F9A7CC52500EE4CD904588A2F868738AF960EB707DD2515894EFFD4D7FF03692D20A62CD62CB20033ADB7A80B0C268A4B76DD42095D679A4B3CC81E102513829EC66ADC731ADA146A604AF271A743533824A084231CCA14DA016B7053083E17229A7BE9B3201AC7246254C95F2519C20CCAC6DA83CE9209640AC728EC1515E1BE4F785F8572ABC96D287D40895FC0EA29302B1A98D6BE4B7867CA6C172890417B167A4090F06D52D18CAB1F2AAD671E78BD58FFA842F9D0E9040E8C5563E841C3A9E66B025A4EFA14AD3E7CE407C58EB13ADD43629DB1F4EAFDE9CCE444DC40C1CBC4FAB06A3E53DC197A1BCF1CD3815F80F218114BF3AF030DF8726A4B94D273D58E09E7C8BC3DDE3E3D7E171544282919C02CFD0DADB39B87BC003D41EF777C4E5179E9382D2FBAB2A0CA09AF5026027C3AF36EC9D557317839AC36C9921BD91CADCA1350100036381035701FA4205DAB198822ADF91584C87B001C91EAFE858240FDE00147811CA1EB9150C9098C4AE94D8144EC1AA2262746B0ACA9C33CD540D12EC81D7170746463A49A3101C09710A6A9A5098187FD5A8EAACE7FAA263957109D2AC1A70B64440C8E399D64701D9CA2092F3BD62A34256323353D791949CAAD8C40E910DE5B0B8479398B9785E41E6E8371F8262EC533515292D1C3776FBB1C38AD658583176D2220DE81BD839D10807D811E9E2C84C13D2CC38B427A4BB179D223B8A748715FDB1B891C44D70BD5E2B49700F8E8855018CA4B74D07864D7E878114915A02EF94E1792EACD0D3DE9692D31CD4B5DAEA538C04A845FFFD01325788F483948F626916B21B2778734B4413BFB5E53951A78F81E8BC826733759DA9978EEEE4A3752113CABC0CB45E31E466328F29B18BC3B27178CFCEE451FCE21F4ED39841ED57D0266BE25370A1AF8A1F728520049EE106808BDDDBA924B461114172D04B95C8CD7554F520163B58058D4315DFDA8AEDA86EBC771BB5F52FC97F1800D938626F58293B4DEACF7E73213250A4776E22389F3FAF1E2D08BB39945DAA84141E76C123929636B3DC94BEE51EAC77DCC233F2E65D7A72729CA6DA8233D3ED660126D7029B1467C81DEF941B42452AADE512027D9A46C312F7212973F2CE682E4C58B0FFE7E1F445B2A9971F98BB72A32195F7FB7324FECBB2B68CCD70DBDC79EBB939EB238F1B78829CD97DE06BD0F92347F70D27FF073CD72BDD971D5B8737BC12965D59DF0689E9FC2EA20B36A9AFFBB686E966C1808809424DFE391E74D8F42403290F134BC3CF3B41FFA09F002D3751C1E769138842E6EDD8C13D274E4114431C53A7E4E531347D5C594AA18114D471437928C304F02DC1898CFBD8B226B5F27F4A589D4BFEA53AA32FAD274AADFF4A93412FA36269E2EE0E92DE60C08B9C81BB702B80066736D69AD3CB14764B9DC605742638D891A76B3B08ADE8ABC49FC42287E37A556BC1FC5532B7E37E6AD7CAF11E0AE2C31A54812A8F22449D190AA89BE8046D3935D4C1B6CE180DB1967AB080AF69A2F292D2A53315CD4371E0D0D2DFEF4434CCB9D11A45FCE66B43DF97D3498A5DD7F675015EF8334102A6BDC1FB4EA76BC0A67CB6CA8F266862D1B0D44C4C1374B7894F743CCA1216A38157D457D49DB3066E20F6CC5B4DCE9AB32A5164DA6FC69341094C44B2C31288857698050D8B21B1436722801A8315541E523E734A5F22713EC9117CB9BE0233F9B6CF63256111E7FD1A7401E8CA789901F0D36AF400AA2C6461628EF439B0CBBE63AF266A12B79D66B71086FD6A52E1FF3910E9B56A6A13898B217EA234BA28AEDF672F6FBB7BE50CE9B1D537BE34A3B776FB73C33C3051EC6181FC3305F9537D7BEF4837319CD89999AC6250487BBD0FA7EB5CD3654D2BAAB0D07932D418006D1121CCA5120B16F77DE4175A5DDC2251036757BC6A8A20638EC8D92D14CDFD26D6C0D8AE2EA6CED8D22686EE24CD55BFA2C15D80E743A3D5CA498AD427A2711632632BC28A3B48DF0F171E47930F838E2B48C18B361DBA2CACCC3E2F9166CF290EDEA1903757792573859FD23BC0E837CC74B2AE0590F1E31968B940BB3F3D3B3F3997715067E5A04F7CB80F405FB7D965684FAEC6D1EA1469BDD9C6D6E1EE7CEA9A4E9A69111824F5FA108E5F6918A27C8C5AB4C0DE1209D5600E6BDBE8B36E8E972F6CF63C30BEFEEAF5FE8B66FBC4F099EF50BEFD4FB57EBE496BA0C54ED5A75DECCCEA1DB75D1AA55C7C78875D16BF4CD4FD65FFDA499C2EE9D31C93A7E5DD0DD60906436993DAB00764B328DE07541EB21F77DAD328B706B127CE661AA0B918E204B40916713B2A25C78145D506E66087C0C635F35C3224A249C2C5B15C7C48E35F92255CD04941C9FA24A9785BAA50103A6A952C5E763935D52A398762AD06CC60169385DD3CAE78776A8FD850FA868C15576CAA106AE1059DD4118D2DFBFDBF94FBF6F4153696DBE7735595054F655AFB432276C867A6D6B52359CAE5E2943CF8AC5C07B06FA5935C117CFA78AD7461458B6DACD3DC0463A6C90E8312176DB6CD7B0277866B1E5CA1A9B9AB689C7058EB4B91CA1B8B15B5DDF9BAA325D642FD0F11C58378FC23E0D6A20D8A073FB638CEEFC58305A3B59E82B8DCC998576D4D1BAECB9C0F0E6CB53D82F9B031707472D4CC8D8543D508DA7A6A40CB69682B8EE64972517196E834BF3E4F41642749B0DBE1B330F2480EF58A2C05B9B3DA62EEF448ACD6CE5B012B6951FFF7CA9DE8B73E0E30D0E5222808F31AA1E6BEC382F42BF2FE1EA7DA164CE40BF8935546FD53B054DF52203F044E88B8286F013D051A2412F0DB8F6DC759409B77A66157879B5C35C18FD25F79EC2DBEFFAE9BC2DD4C68B40CD501AC7004323D03886E9B807CCBFDD377EC41F6A0DA97686CE896991507B6873053EC2AD7AA47BE2864CEF2BA7D15935CBF4D7633171E341DA50C6CF1677E3B184EAC765476515C703B91EEDA52DCA86369ECA8778BBDAED1BE0F46528A0A9281DAB54D08EB23E8FE0C050FC39AA739D617B4638D574CE2ED2371BE0CD7DAAE61E41F1C2D330BB8B310C9263799058C2540C88FAB16DBB9DF814AC477FDB695BE331F476DA340D72EBBCC77D879524DF6B9B44FF8DC06000BBE9A5311EFAB00EC87948B16291CE73E49A45E745E8D1E915ABC4C36339A41B07C286726FECF0360247C73045F0929DD8CE53F48E0D6182F73074AF71F580AAC113FBF27904D8292DDFCD1061502F696FF1CCC5E56CF390DF482BEE9BA953450892FB4A72FB42FD54650ADAA0D3CE7504D6827A6D971F58911E18EA902E57F453058DB93EAA0288BE28F5224B9C1CAA72D4490944BE45DA61DDACC3926EE56990045091A5279640420306D451158003AA140682516EE37283C38B9014817233497C2CCC7B0CE20CD40460C61BE1A553D7299105597B00BDAD3824A0C8E8288891E53BB611435365D3A925DA0FD6592E636D269B0E56438DD2AF643B1B1A2D64E1F0C48EB4B359EC72A85DE42286126B0E3D40E8C290AB54C3760096D852E113BFDD88438E73EBFCC1ED403F1EF1749510D878990C2312E8D280C324BF2DB0A123C011E6EF851C91513A335DE7E715E5E3D511868E10C79779B7852BDBD180C1F89DABA4BAA6267118A0779435974D930BEED87AF3D63BCE896B37DFC2F32C41A2C92EC420777E2C53DDB65BF163108BB3ECB54B96FF25C0724FC337484BCB3F2ABC982F0F51FED246F15761AF088905A619A175E3DC97D4B98B1EE3EAF899E1A8AAC27C3FFC0165FEC6CFFCAB240B1EFD75868BD7082BBC683BF37EF5C303CA9F7978409BBBE8D321DB1F323C64B47B081BD942F3636C59FFC7DCBB4D9E179FF6F95FA98B21603683FC71924FD14F8720DC10BEDF035F3A0B48E4E7E3E547D9F95CE64F09A1ED33A1F4318E340995E223C7FAF768B70F31B1F453B4F2BF211BDE3EA7E867B4F5D7CFD5DBD06222EA89688A7D7113F8DBC4DFA5258DBA3DFE136378B37BFAE17FEA9B41F97DF20000, N'6.4.0')
GO
INSERT [dbo].[__MigrationHistory] ([MigrationId], [ContextKey], [Model], [ProductVersion]) VALUES (N'201912171718542_IsResultAvailableColumnAddedInResultTable', N'University_Management.Migrations.Project_DbContext.Configuration', 0x1F8B0800000000000400ED5D5F6FE3B8117F2FD0EF20F8A92DF6E2248BC5B58173875C922D82DEEE1EECECA16F0BC566BC6A65C995E44582A29FAC0FFD48FD0AA52C89A2C8E15F51FFD2E01E6E6392C3E1F0C7992187E2FCF7DFFF59FCF8B40BBD6F28498338BA9C9D9D9CCE3C14ADE34D106D2F6787ECF1BB3FCE7EFCE1B7BF59DC6E764FDEAF55BDB7793DDC324A2F675FB36C7F319FA7EBAF68E7A727BB609DC469FC989DACE3DDDCDFC4F3F3D3D33FCDCFCEE6089398615A9EB7581EA22CD8A1E31FF8CFEB385AA37D76F0C30FF1068569F93B2E591DA97A1FFD1D4AF7FE1A5DCE3E47C191DDECF9CB073FF2B76887A2ECA46837F3AEC2C0C73CAD50F838F3FC288A333FC31C5F7C4ED12A4BE268BBDAE31FFCF0FE798F70BD473F4C5139928BBABAEEA04ECFF341CDEB8615A9F521CDE29D21C1B3B7A594E66C732B59CF8814B11C6FB1BCB3E77CD447595ECEAEC2305EFB19BA0EFD344DE27837F3D85E2FAEC3246F2197F90947E98D57D7FFAEAEFF86C007A32CFFEF8D777D08B343822E2374C8123F7CE3FD72780883F55FD0F37DFC77145D468730A487810782CB1A3FE09F7E49E23D4AB2E7257A2C0777B79979F366BB39DB9034A3DA14A3BD8BB2B7E733EF23EEDC7F081141092599551627E8CF2842091EF8E6173FCB5012E534D051CE5CEF4C5F3768EF27592E1475AF724AD7F12149515B2A4B3C6B6D69DCF8CF1501BCD2B0FA98791FFCA79F51B4CDBE62C5F26EE6BD0F9ED0A6FAA1A4899182950D6E93250764DCE7FB24DEDD633D52757C8367A3F8DB90D07DEC84CC5D5A2D0622CC9FE238447EA426F5D1FF166C8FE802A778E62D51782C4EBF06FB42C3F14BEF4B553997CC320EA1855ED6F9B2C2FF5BE7638E1515EFFD648B327D866B746B324D3790315ED7D3609EAA6C3A80E5511D6AB15E5495319DD7D060F7580D627431AF75B754A357536FA9C68BE6AFBA5B4FE35E63A149D4DDBBD32ED45DD175FEEF81BABE4ED026C8889A8CF18CDB92BA41991FE41E9BD8649C9EEA0DA52F5BBBC24B21C56031A6A350ED57691A6CA314D438A50A662AD6FA062AE7B40D58C9B156A7D46DD14F834DBE94F45F310954A9C6A1ADB7518A95122CC8A20CB08F8D028EAB66A929431562408EAA42485E6C19C71757C198B5EC902B3C3502818A8014C5B578D6C555A14168DBBF7BE4E36D5142D3B5368600AD57CBD89FA62DC53F8ECD1176EA8F00E8C9A7B7D2F8EC1A939A85AE343EC0ACA88E5AFBDB325D4207E4B82C13B30B56E078856BB5D25DB4A82D55564D62784DD5D404A63ACB448F74A1BD140E36FE67171E76DDBF626FF1BD93DE5BF8A4AD163EEB9B2A358419DF9A1CAB9C532597E6FC6938A7F039085728725281E3915EBC41986D794D2DAFB0FD809470A8EB8178A88A658020754C1151DA11258F753D90C7AA58C623A9D3EA84A9C099B5852A9A0F6F9DFE7FFCE8129AE3F0A3FF9CF852BBA66B5755DE7A01B3AB6F7E70E4AE17A75DF374815DA1F0D98323FFDCD0A808786B718C5EA24F6647BE10ABC8198EAA48642948792BC79BF068A9D3CAF6AF4A4D5315297CEBEF3B39BCBEDD615D20E9F5FC5D27D1C9EB38CAFC75F631961D729F75B297C053D43A9879B5D92428959DD0BFD33CA0378D46A36D90E2C591C3EEE361F790EFE687DB8DB93BEDD73F4FD1F54A25A7289CE7EA629F62A0B5597322D2EABDEC508896976F4F2A1E75F626555D17D6C7C9913540EBD52AF5E4208FED3ECF6D94C46198F3E3C412F47C02DE3AE224D03DB2E094231DEEEC78446708DDBAE66D14A80EF7ACB26D13F36B1BE77B55942A15A0F0DBCFBAF104D52EA8F6259197B365E8E8828F8BAB3D37285FDA47C00D68525B84362C2384ACBE93C711DDEF17744F8825FB05EE14599F4B32E7023649B9804FBE1C6014A8D432E24AB16D1D7225345E2D88816EE8E706A36DDCC502AE7CE4458269BB9D22B94966BB3D2C090C0F54FA1AA52960F5AF603ADC23967D0E8C5A597CDBE82A21E79C8BEE1ADAC508DB7C4AB41CC5D743D5D730A6E0D4FB8AC61D30F3FEA49EE2B903488A261E3B35F13A388E83735718F7A93988DB68E3E9DE112906D67476F008F1BC077B3CD3982DBC03E0C4A4D103F12FEA1EC0EBA3CDAEFEC075854183927CB6FC10BBEEF9A17510653CC282681DECFD5073DC4C7BE31B56F9A4913ED912DC104539C03445E48219D227B3A054D25BCC29941982CF00765D020E845A7598D50FBA4682ABA921AA19D2174DB820BE5FCF7575674635D72292DAF0396305BBF814DDA01065C8BB5A17DF205FFBE9FA780783B56CB87307C80319D799ED965003E740A7DFFAB07D4884519A460109E87CD801D2A05B797A8A702488E307D0ABAA13CECE44341D1BD515C14518E2ADC142E2041D2245CC10805EDD4561053F81407A50798291EBF44C853C87441B14DD53CCB334D4C761D0CC91D7EA6C42B6583D8AFE502A99B70958694548D7044672FBDD016EA76BD9F546D3AB99D79BD169D97C30C86F82302EE2DF299EB90B5AFD7A1ECE90CC8C632055CCCCDD149C07E88EA4C6590CFF198FC3831EFE36A61295EE8F7AD8110E75D6C30A6322EA108EFB8B265F7109803B53360196E213E421CEABA5C3ED41774945A2D33FF59CC0405A0B88298B358B2CC04CEB2DEA028389E2925DB75042D799E6120FB20744C984A0A7B11AF79C8636851A98927C2DEAD0140E0928E10887328576C01ADC1482EF8F88E65EFACE88C631891855F2674E863083B2B1F6A0B3640299C2310A7B4545B8EF13DE57A1DC6A721B4A1F50E227B57A0ACC8A06A6B5EF12DE9932DB050A64D09E851E10247CEC5434E3EA974FEB99079E43D63FAA50BE9C3A810363D5187AD070AAF99A809693BE6DAB0F1FF941B163AC4EF79058672CBD7A7F3A3339113750F0D4B13EAC9AEF1E7786DEC6BBC974E017A03C46C4D2FCEB4003BE9CDA12A5F45CB563C239326F8FB74F8FDF4505114A4A06304B7F43EBECE6212F404FD0FB1D9F53545E3A4ECB8BAE2CA872C22B9489009FCEBC5B72F5550C5E0EAB4DB2E4463647ABF2041404800D0E440DDC072948D76A06A2486B7E0521F21E0047A4BA7FA120503F78C0512047E87A24547202A3527A532011BB86A8C989112C6BEA304F3550B40B72471C1C1DD918A9664C00F02584696A6942E061BF96A3AAF39FAA49CE1544A74AF0E902191183634E27195C07A768C2CB8EB50A4DC9D8484D4F5E4692722B23503A84F7D602615ECEE26521B987DB601CBE894BF14C949464F4F0DDDB2E074E6B59E1E0459B08887760EF602704605FA087270B61700FCBF0A290DE526C9EF408EE2952DCD7F6462207D1F542B538ED25003E7A211486F2121D341ED9353A5E445205A84BBED385A47A73434F7A5A4B4CF352976B290EB012E1D73FF44409DE23520E92BD49E45A88ECDD210D6DD0CEBED754A5061EBEC722B2C9DC4D9676269EBBBBD28D5404CF2AF072D1B887D1188AFC2606EFCEC90523BF7BD18773087D7B0EA147759F80996FC98D82067EE83D8A1440923B041A426FB7AEE4925104C5450B412E17E375D59354C0582D2016754C573FAAABB6E1FA71DCEE9714FF653C60C3A4A149BDE024AD37EBFDB9CC4489C2919DF848E24481BC38F4E26C6691366A50D0399B444ECAD85A4FF2927B94FA711FF3C88F4BD9F5E9498A9225EA488F8F3598441B5C4AAC115FA0777E102D8994AA7714C84936295BCC8B24C7E50F8BB9201BF2E283BFDF07D196CA8E5CFEE2AD8AD4C8D7DFADCC3305EF0A1AF37543EFB1E7EEA4A72C4EFC2D624AF3A5B741EF8324CD1F9CF41FFC5CB35C6F765C35EEDC5E704A5975273C9AE7A7B03AC8AC9AE6FF2E9A9B652F06022025C9F778E479D3A310900C643C0D2F4F65ED877E02BCC0741D87875D240EA18B5B37E384341D7904514CB18E9FD3D4C4517531A52A4644D311C58D2423CCB30A3706E673EFA2C8DAD719826922F5AFFA94AA14C1349DEA377D2A8D0CC18D89A70B787A8B3903422EF2C6AD002E80D95C5B5A2B4FEC11592E37D895D05863A286DD2CACA2B7221113BF108ADF4DA915EF47F1D48ADF8D792BDF6B04B82B4B4C29928CAC3C495234A46AA22FA0D1F46417D3065B38E076C6D92A8282BDE64B4A8BCA540C17F58D4743438B3FFD10D3726704E997B3196D4F7E1F0D6669F7DF1954C5FB200D84CA1AF707ADBA1DAFC2D9321BAABC9961CB46031171F0CD121EE5FD107368881A4E455F515FD2368C99F8035B312D77FAAACCD14593297F32D1795C06AEA6EAE38A47036F492CC612DF82589806C0852DBB4178233F13804853F5563EA04E532A7F32C135790DBD096CF2B3C946326395ECF1177D0AE4317A9A08F9D160630CA4376A6C9281F23E34D5B06BAE234F19BAEE67BD1687F0945DDA89311F17B1296B1A8A83297BA1FEB72462D96E9F68BF37EC0BE5BCD931B537AEB473F776CB33335CE0418FF1110FF3C57A73ED4B3F6697D19C98A9695C7070B8C3ADEF6EDB6C7125ADBBDACC3099180468102DC1A11C05125777E71D54D7E52D5C026153B7E7972A6A80C3DE2819CDF42DDDC6EDA008B1CEB1815174CE4D0CAB7AA79FA502DB814EA7878B42B35548EF55D0B9FA9B44A1CB087023347D1C791E683E8E382DA3D16C48B8A832F3B078BE059B3C1CBC7AC640DD9DE4154E56FF08AFC320DFF1920A78D683478CE5229DC3ECFCF4EC7CE65D85819F161707CA60F705FBED9756F4FBEC6D1EFD469BDD9C6D6E1E43CFA9A4E9A6916D824F8DA10813F791E627C8C5AB4C3BE120555700E6D4BE8B36E8E972F6CF63C30BEFEEAF5FE8B66FBC4F099EF50BEFD4FB57EBC499BA0C54ED5A75DECCFCA1DB75D1AA55C7C76878D16BF4CD4FD65FFDA4991EEF9D31C93A365ED0DD609064365943ABE0784B328DC07841EB21F77DADB296706B127C4262AA0B918E4E4B4091672AB2A25C78145D506E661F7C0C635F35C3224A24542D5B15C7A49135F9220DCE04941C9FFE4A9785BAA50103A66958C5E763935D52A398762A886DC60169385DD3CAE79E76A8FD858FB368C15576CAA106AE1059DD4118D2DFBFDBF94FBF6F4153696DBE77355950C4F755AFB432277510C1D09A540DA7AB57CAB0B66231E878064040DBB9A2829F669F2AF81B216599EA3077271B79BB41A2C7CCDD6DD372C36EE599C5FE2D6BEC90DA66481778E5E6728482D06E0D476F7ACF7491BD402F7660453F0A6337A8B56123D8EDCF44BA738AC1D0EF64A1AF34326716DA5147EBB2870CC39B2F4F61BF6C4E6F1C9CDB30F16753F540359E9A9232D8A70A82C4935D965C98B90D2EF52D3C18B41D226D7D37661EC854DFB1448147417BCCB1DE89149B69D561256C2B3FFE9D55BDA7F1C057261CE46E005F8D54BD2AD97102877E9FECD5FB94CA9C817E3380A81ED5770A9AEAE908E02DD317050DE1B7AAA344835EBE72EDB9EB28656FF51E2CF0446C87493BFACB423E8547EAF5F38E5BA88D17819AA1348E018646A0710CF3860F9828BC6FFC88BFFA1A52ED0C9DBCD322F3F7D0E60A7C2D5CF59AF8C40D99DE2753A3B36A9679BAC762E2C683B4A18C9F2DEEC66309D5AFE08ECA2A8E07723DDA4B5B940D6D3C952F0677B5DB37C0E9CB504053513A5639AB1DA5A71EC181A1F8DB56E73AC3F68C70AA79A75DE49936C09BFB9CD23D82E285E78B761763182419F420B184A91810F5ABE0763BF129588FFEB6D3B6C663E8EDB469BEE6D6099AFB0E2B493EFE3689FE1B81C10076D3CBB73CF4611D909C9162C522EFE8C8358BCED3D5A3D32B561992C77248370E840DE5DED8E16D048E8E612EE3253BB19DE7121E1BC2048F6BE85EE3EA0155836720E6131EB0535A3EC221C2A05E76E1E2CD8CCBD9E621BF9156DC3753E7B410642196242186FAA9CA14B441A79DEB08AC05F5DA2E91B1228F31D4215DAEE8A70A1A737D5405107D518E4896383954E5A89312887C8BFCC8BAE99125DDCAF33509A022CBA32C8184060CA8A32A000754290C04A324CCE5068717212902E56692A15998A019C419A809C0D43CC24BA7AE73370BD20B017A5B71484091D15110234BCC6C2386A6CAA67360B41FACB3A4CBDA4C361DAC861AA59FF37636345AC8C2E1891D6967B3D8E550BB489A0C65001D7A80D08521573991ED002CB1A5C2F782BB11871CE7D6898EDB817E3CE2E92A73B1F132194624D0A50187D9885B60434780234C340C3922A37466BA4E242C4A1CAC230C1D218E2F45700B57B6A30183F13B57D97F4D4DE23040EF28BD2F9BCF17DCB1F5E6AD779CBCD76EBE85E759828C985D8841EEFC58E6E46DB7E2C72016676976972CFF4B80E59E866F903F977FA178315F1EA2FCA58DE2AFC25E11120B4C3342EBC6B92FA973173DC6D5F133C3515585F97EF803CAFC8D9FF95749163CFAEB0C17AF115678D176E6FDEA8707943FF3F0803677D1A743B63F6478C868F71036D29AE6C7D8B2FE8F49829B3C2F3EEDF3BF521743C06C06F9E3249FA29F0E41B8217CBF07BE741690C8CFC7CB8FB2F3B9CC9F1242DB6742E9631C69122AC5478EF5EFD16E1F6262E9A768E57F4336BC7D4ED1CF68EBAF9FAB87A6C544D413D114FBE226F0B789BF4B4B1A757BFC27C6F066F7F4C3FF00869A42B077F30000, N'6.4.0')
GO
INSERT [dbo].[__MigrationHistory] ([MigrationId], [ContextKey], [Model], [ProductVersion]) VALUES (N'201912190255232_StudentRegistrationNumberColumnTypeChanged', N'University_Management.Migrations.Project_DbContext.Configuration', 0x1F8B0800000000000400ED5D5F6FE3B8117F2FD0EF20F8A92DF6E2248BC5B58173875C922D82DEEE1EECECA16F0BC566BC6A65C995E44582A29FAC0FFD48FD0AA52C89A2C8E15F51FFD2E01E6E6392C3E1F0C7992187E2FCF7DFFF59FCF8B40BBD6F28498338BA9C9D9D9CCE3C14ADE34D106D2F6787ECF1BB3FCE7EFCE1B7BF59DC6E764FDEAF55BDB7793DDC324A2F675FB36C7F319FA7EBAF68E7A727BB609DC469FC989DACE3DDDCDFC4F3F3D3D33FCDCFCEE6089398615A9EB7581EA22CD8A1E31FF8CFEB385AA37D76F0C30FF1068569F93B2E591DA97A1FFD1D4AF7FE1A5DCE3E47C191DDECF9CB073FF2B76887A2ECA46837F3AEC2C0C73CAD50F838F3FC288A333FC31C5F7C4ED12A4BE268BBDAE31FFCF0FE798F70BD473F4C5139928BBABAEEA04ECFF341CDEB8615A9F521CDE29D21C1B3B7A594E66C732B59CF8814B11C6FB1BCB3E77CD447595ECEAEC2305EFB19BA0EFD344DE27837F3D85E2FAEC3246F2197F90947E98D57D7FFAEAEFF86C007A32CFFEF8D777D08B343822E2374C8123F7CE3FD72780883F55FD0F37DFC77145D468730A487810782CB1A3FE09F7E49E23D4AB2E7257A2C0777B79979F366BB39DB9034A3DA14A3BD8BB2B7E733EF23EEDC7F081141092599551627E8CF2842091EF8E6173FCB5012E534D051CE5CEF4C5F3768EF27592E1475AF724AD7F12149515B2A4B3C6B6D69DCF8CF1501BCD2B0FA98791FFCA79F51B4CDBE62C5F26EE6BD0F9ED0A6FAA1A4899182950D6E93250764DCE7FB24DEDD633D52757C8367A3F8DB90D07DEC84CC5D5A2D0622CC9FE238447EA426F5D1FF166C8FE802A778E62D51782C4EBF06FB42C3F14BEF4B553997CC320EA1855ED6F9B2C2FF5BE7638E1515EFFD648B327D866B746B324D3790315ED7D3609EAA6C3A80E5511D6AB15E5495319DD7D060F7580D627431AF75B754A357536FA9C68BE6AFBA5B4FE35E63A149D4DDBBD32ED45DD175FEEF81BABE4ED026C8889A8CF18CDB92BA41991FE41E9BD8649C9EEA0DA52F5BBBC24B21C56031A6A350ED57691A6CA314D438A50A662AD6FA062AE7B40D58C9B156A7D46DD14F834DBE94F45F310954A9C6A1ADB7518A95122CC8A20CB08F8D028EAB66A929431562408EAA42485E6C19C71757C198B5EC902B3C3502818A8014C5B578D6C555A14168DBBF7BE4E36D5142D3B5368600AD57CBD89FA62DC53F8ECD1176EA8F00E8C9A7B7D2F8EC1A939A85AE343EC0ACA88E5AFBDB325D4207E4B82C13B30B56E078856BB5D25DB4A82D55564D62784DD5D404A63ACB448F74A1BD140E36FE67171E76DDBF626FF1BD93DE5BF8A4AD163EEB9B2A358419DF9A1CAB9C532597E6FC6938A7F039085728725281E3915EBC41986D794D2DAFB0FD809470A8EB8178A88A658020754C1151DA11258F753D90C7AA58C623A9D3EA84A9C099B5852A9A0F6F9DFE7FFCE8129AE3F0A3FF9CF852BBA66B5755DE7A01B3AB6F7E70E4AE17A75DF374815DA1F0D98323FFDCD0A808786B718C5EA24F6647BE10ABC8198EAA48642948792BC79BF068A9D3CAF6AF4A4D5315297CEBEF3B39BCBEDD615D20E9F5FC5D27D1C9EB38CAFC75F631961D729F75B297C053D43A9879B5D92428959DD0BFD33CA0378D46A36D90E2C591C3EEE361F790EFE66551826E7763EE4EFBF5CF5374BD52C9290AE7B9BAD8A718686DD69C88B47A2F3B14A2E5E5DB938A479DBD4955D785F57172640DD07AB54A3D39C863BBCF731B257118E6FC38B1043D9F80B78E3809748F2C38E548873B3B1ED11942B7AE791B05AAC33DAB6CDBC4FCDAC6F95E15A54A0528FCF68EBC30B50BAA7D49E4E56C193ABAE0E3E26ACF0DCA97F61170039AD416A10DCB0821ABEFE47144F7FB05DD1362C97E813B45D6E792CCB9804D522EE0932F0718052AB58CB8526C5B875C098D570B62A01BFAB9C1681B77B1802B1F799160DA6EA7486E92D96E0F4B02C30395BE46690A58FD2B980EF788659F03A35616DF36BA4AC839E7A2BB867631C2369F122D47F1F550F5358C2938F5BEA27107CCBC3FA9A778EE0092A289C74E4DBC0E8EE3E0DC15C67D6A0EE236DA78BA77448A81359D1D3C423CEFC11ECF34660BEF00383169F440FC8BBA07F0FA68B3AB3F705D61D0A0249F2D3FC4AE7B7E681D44198FB0205A077B3FD41C37D3DEF886553E69A44FB6043744510E304D11B96086F4C92C2895F416730A6586E033805D978003A1561D66F583AE91E06A6A886A86F445132E88EFD7735DDD9951CDB588A4367CCE58C12E3E4537284419F2AED6C537C8D77EBA3EDEC1602D1BEEDC01F240C67566BB25D4C039D0E9B73E6C1F126194A65140023A1F768034E8569E9E221C09E2F801F4AAEA84B333114DC7467545701186786BB09038418748113304A057775158C14F20901E549E60E43A3D5321CF21D10645F714F32C0DF571183473E4B53A9B902D568FA23F944AE66D02565A11D2358191DC7E7780DBE95A76BDD1F46AE6F566745A361F0CF29B208C8BF8778A67EE8256BF9E87332433E318481533733705E701BA23A97116C37FC6E3F0A087BF8DA944A5FBA31E7684439DF5B0C298883A84E3FEA2C9575C02E0CE944D80A5F8047988F36AE9707BD05D5291E8F44F3D273090D60262CA62CD220B30D37A8BBAC060A2B864D72D94D075A6B9C483EC01513221E869ACC63DA7A14DA106A6245F8B3A348543024A38C2A14CA11DB0063785E0FB23A2B997BE33A2714C224695FC999321CCA06CAC3DE82C9940A6708CC25E5111EEFB84F75528B79ADC86D20794F849AD9E02B3A28169EDBB8477A6CC76810219B467A10704091F3B15CDB8FAE5D37AE681E790F58F2A942FA74EE0C05835861E349C6ABE26A0E5A46FDBEAC3477E50EC18ABD33D24D6194BAFDE9FCE4C4EC40D143C75AC0FABE6BBC79DA1B7F16E321DF805288F11B134FF3AD0802FA7B644293D57ED98708ECCDBE3EDD3E377514184929201CCD2DFD03ABB79C80BD013F47EC7E71495978ED3F2A22B0BAA9CF00A6522C0A733EF965C7D158397C36A932CB991CDD1AA3C0105016083035103F7410AD2B59A8128D29A5F4188BC07C011A9EE5F2808D40F1E7014C811BA1E09959CC0A894DE1448C4AE216A726204CB9A3ACC530D14ED82DC110747473646AA1913007C09619A5A9A1078D8AFE5A8EAFCA76A927305D1A9127CBA4046C4E098D34906D7C1299AF0B263AD4253323652D3939791A4DCCA08940EE1BDB5409897B3785948EEE13618876FE2523C132525193D7CF7B6CB81D35A563878D12602E21DD83BD80901D817E8E1C94218DCC332BC28A4B7149B273D827B8A14F7B5BD91C84174BD502D4E7B09808F5E0885A1BC44078D47768D8E17915401EA92EF7421A9DEDCD0939ED612D3BCD4E55A8A03AC44F8F50F3D5182F7889483646F12B916227B7748431BB4B3EF3555A98187EFB1886C327793A59D89E7EEAE742315C1B30ABC5C34EE61348622BF89C1BB7372C1C8EF5EF4E11C42DF9E43E851DD2760E65B72A3A0811F7A8F220590E40E8186D0DBAD2BB964144171D14290CBC5785DF5241530560B88451DD3D58FEAAA6DB87E1CB7FB25C57F190FD8306968522F3849EBCD7A7F2E3351A27064273E923851202F0EBD389B59A48D1A1474CE26919332B6D693BCE41EA57EDCC73CF2E352767D7A92A264893AD2E3630D26D10697126BC417E89D1F444B22A5EA1D0572924DCA16F322C971F9C3622EC886BCF8E0EFF741B4A5B22397BF78AB2235F2F5772BF34CC1BB82C67CDDD07BECB93BE9298B137F8B98D27CE96DD0FB2049F30727FD073FD72CD79B1D578D3BB7179C5256DD098FE6F929AC0E32ABA6F9BF8BE666D98B81004849F23D1E79DEF428042403194FC3CB5359FBA19F002F305DC7E161178943E8E2D6CD38214D471E411453ACE3E7343571545D4CA98A11D174447123C908F3ACC28D81F9DCBB28B2F67586609A48FDAB3EA52A45304DA7FA4D9F4A23437063E2E9029EDE62CE80908BBC712B800B6036D796D6CA137B4496CB0D762534D698A861370BABE8AD48C4C42F84E277536AC5FB513CB5E27763DECAF71A01EECA12538A24232B4F92140DA99AE80B68343DD9C5B4C1160EB89D71B68AA060AFF992D2A23215C3457DE3D1D0D0E24F3FC4B4DC1941FAE56C46DB93DF478359DAFD770655F13E4803A1B2C6FD41AB6EC7AB70B6CC862A6F66D8B2D140441C7CB38447793FC41C1AA28653D157D497B40D6326FEC0564CCB9DBE2A7374D164CA9F4C741E9781ABA9FAB8E2D1C05B128BB1C4B72016A6017061CB6E10DEC8CF0420D254BD950FA8D394CA9F4C704D5E436F029BFC6CB291CC58257BFC459F02798C9E26427E34D81803E98D1A9B64A0BC0F4D35EC9AEBC85386AEFB59AFC5213C65977662CCC7456CCA9A86E260CA5EA8FF2D8958B6DB27DAEF0DFB42396F764CED8D2BEDDCBDDDF2CC0C1778D0637CC4C37CB1DE5CFBD28FD9653427666A1A171C1CEE70EBBBDB365B5C49EBAE36334C2606011A444B70284781C4D5DD7907D575790B9740D8D4EDF9A58A1AE0B0374A46337D4BB7713B2842AC736C60149D7313C3AADEE967A9C076A0D3E9E1A2D06C15D27B1574AEFE2651E83202DC084D1F479E079A8F234ECB68341B122EAACC3C2C9E6FC1260F07AF9E31507727798593D53FC2EB30C877BCA4029EF5E01163B948E7303B3F3D3B9F795761E0A7C5C58132D87DC17EFBA515FD3E7B9B47BFD16637679B9BC7D0732A69BA69649BE0536328C2C47DA4F90972F12AD34E3848D5158039B5EFA20D7ABA9CFDF3D8F0C2BBFBEB17BAED1BEF538267FDC23BF5FED53A71A62E0355BB569D37337FE8765DB46AD5F1311A5EF41A7DF393F5573F69A6C77B674CB28E8D1774371824994DD6D02A38DE924C23305ED07AC87D5FABAC25DC9A049F9098EA42A4A3D31250E4998AAC28171E4517949BD9071FC3D857CDB088120955CB56C53169644DBE4883330125C7A7BFD265A16E69C080691A56F1F9D86497D428A69D0A629B71401A4ED7B4F2B9A71D6A7FE1E32C5A70959D72A8812B4456771086F4F7EF76FED3EF5BD0545A9BEF5D4D1614F17DD52BADCC491D4430B42655C3E9EA9532ACAD580C3A9E0110D076AEA8E0A7D9A70AFE464859A63ACCDDC946DE6E90E8317377DBB4DCB05B7966B17FCB1A3BA4B619D2055EB9B91CA120B4DCA39E820A345D6F2FD0A11D58E78FC2EE0D6A78D86076FBE391EEFC63300A3C59E82BED8D8D16D351C0EC79C3F096CC5398329B831C0747384C28DA543D508DA7A6A40CB6AC8278F164972517716E834B7D0B0FC66F87C860DF8D990792D6772C51E07DD01ED3AD7722C56686755809DBCA8F7F7255EF953CF0C10907691CC00724550F4C769CCBA1DFD77BF5BEAA3267A0DF6420AAF7F59D82A67A450278D6F4454143F8D9EA28D1A097BA5C7BEE3ACADE5B3D0D0BBC16DB61FE8EFE12924FE1BD7AFD14E4166AE345A066288D6380A111681CC314E203E60CEF1B3FE20FC086543B43E7F1B448023EB4B9021F0E573D2C3E7143A6F7F5D4E8AC9A65CAEEB198B8F1206D28E3678BBBF15842F583B8A3B28AE3815C8FF6D21665431B4FE5E3C15DEDF60D70FA3214D054948E55FA6A4799AA47706028FECCD5B9CEB03D239C6A0A6A1729A70DF0E63EBD748FA078E1A9A3DDC51806C90B3D482C612A0644FD40B8DD4E7C0AD6A3BFEDB4ADF1187A3B6D9ABAB975AEE6BEC34A92EFC04DA2FF46603080DDF4522F0F7D5807E469A458B148413A72CDA2F38AF5E8F48A55B2E4B11CD28D036143B93776781B81A36398D678C94E6CE76985C78630C13B1BBAD7B87A40D5E0C988F9DC07EC9496EF718830A89768B8783EE372B679C86FA415F7CDD4E92D04098925F988A17EAA32056DD069E73A026B41BDB6CB69AC48690C7548972BFAA982C65C1F5501445F942E92254E0E5539EAA40422DF2255B26EA66449B7F2D44D02A8C8522A4B20A10103EAA80AC001550A03C1281F73B9C1E145488A40B999246B16E66A0671066A02304B8FF0D2A9EB34CE824C4380DE561C1250647414C4C87234DB88A1A9B2E97418ED07EB2CFFB236934D07ABA146E997BD9D0D8D16B270786247DAD92C7639D42EF22743C940871E207461C8557A643B004B6CA9F0E9E06EC421C7B975CEE376A01F8F78BA4A626CBC4C8611097469C06162E216D8D011E008730E438EC8289D99AE730A8B7208EB08434788E3CB16DCC295ED68C060FCCE5522605393380CD03BCAF4CBA6F605776CBD79EB1DE7F1B59B6FE179962039661762903B3F96E979DBADF83188C559C6DD25CBFF1260B9A7E11BA4D2E51F2B5ECC9787287F69A3F8ABB05784C402D38CD0BA71EE4BEADC458F7175FCCC70545561BE1FFE80327FE367FE5592058FFE3AC3C56B84155EB49D79BFFAE101E5CF3C3CA0CD5DF4E990ED0F191E32DA3D848D0CA7F931B6ACFF63BEE026CF8B4FFBFCAFD4C510309B41FE38C9A7E8A743106E08DFEF812F9D0524F2F3F1F2A3EC7C2EF35785D0F69950FA18479A844AF19163FD7BB4DB879858FA295AF9DF900D6F9F53F433DAFAEBE7EACD693111F54434C5BEB809FC6DE2EFD29246DD1EFF8931BCD93DFDF03F6281851F82F30000, N'6.4.0')
GO
SET IDENTITY_INSERT [dbo].[AllocateClassrooms] ON 
GO
INSERT [dbo].[AllocateClassrooms] ([Id], [DepartmentId], [CourseId], [RoomId], [Day], [FromTime], [ToTime], [IsAllocated]) VALUES (6, 7, 9, 1, N'Saturday', CAST(N'2019-12-14T09:00:00.000' AS DateTime), CAST(N'2019-12-14T10:00:00.000' AS DateTime), 0)
GO
INSERT [dbo].[AllocateClassrooms] ([Id], [DepartmentId], [CourseId], [RoomId], [Day], [FromTime], [ToTime], [IsAllocated]) VALUES (8, 7, 8, 1, N'Saturday', CAST(N'2019-12-14T10:00:00.000' AS DateTime), CAST(N'2019-12-14T11:00:00.000' AS DateTime), 0)
GO
INSERT [dbo].[AllocateClassrooms] ([Id], [DepartmentId], [CourseId], [RoomId], [Day], [FromTime], [ToTime], [IsAllocated]) VALUES (9, 7, 8, 1, N'Saturday', CAST(N'2019-12-14T08:00:00.000' AS DateTime), CAST(N'2019-12-14T09:00:00.000' AS DateTime), 0)
GO
INSERT [dbo].[AllocateClassrooms] ([Id], [DepartmentId], [CourseId], [RoomId], [Day], [FromTime], [ToTime], [IsAllocated]) VALUES (13, 7, 8, 1, N'Saturday', CAST(N'2019-12-14T11:30:00.000' AS DateTime), CAST(N'2019-12-14T12:30:00.000' AS DateTime), 0)
GO
INSERT [dbo].[AllocateClassrooms] ([Id], [DepartmentId], [CourseId], [RoomId], [Day], [FromTime], [ToTime], [IsAllocated]) VALUES (14, 6, 4, 1, N'Saturday', CAST(N'2019-12-14T11:00:00.000' AS DateTime), CAST(N'2019-12-14T11:30:00.000' AS DateTime), 0)
GO
INSERT [dbo].[AllocateClassrooms] ([Id], [DepartmentId], [CourseId], [RoomId], [Day], [FromTime], [ToTime], [IsAllocated]) VALUES (15, 7, 8, 1, N'Saturday', CAST(N'2019-12-14T15:00:00.000' AS DateTime), CAST(N'2019-12-14T15:30:00.000' AS DateTime), 0)
GO
INSERT [dbo].[AllocateClassrooms] ([Id], [DepartmentId], [CourseId], [RoomId], [Day], [FromTime], [ToTime], [IsAllocated]) VALUES (17, 7, 8, 1, N'Saturday', CAST(N'2019-12-14T05:00:00.000' AS DateTime), CAST(N'2019-12-14T07:00:00.000' AS DateTime), 0)
GO
INSERT [dbo].[AllocateClassrooms] ([Id], [DepartmentId], [CourseId], [RoomId], [Day], [FromTime], [ToTime], [IsAllocated]) VALUES (18, 7, 5, 1, N'Sunday', CAST(N'2019-12-18T08:00:00.000' AS DateTime), CAST(N'2019-12-18T20:30:00.000' AS DateTime), 0)
GO
INSERT [dbo].[AllocateClassrooms] ([Id], [DepartmentId], [CourseId], [RoomId], [Day], [FromTime], [ToTime], [IsAllocated]) VALUES (19, 7, 8, 2, N'TuesDay', CAST(N'2019-12-18T08:00:00.000' AS DateTime), CAST(N'2019-12-18T21:00:00.000' AS DateTime), 0)
GO
INSERT [dbo].[AllocateClassrooms] ([Id], [DepartmentId], [CourseId], [RoomId], [Day], [FromTime], [ToTime], [IsAllocated]) VALUES (20, 6, 31, 1, N'Saturday', CAST(N'2019-12-18T08:00:00.000' AS DateTime), CAST(N'2019-12-18T08:30:00.000' AS DateTime), 0)
GO
INSERT [dbo].[AllocateClassrooms] ([Id], [DepartmentId], [CourseId], [RoomId], [Day], [FromTime], [ToTime], [IsAllocated]) VALUES (21, 7, 5, 5, N'Sunday', CAST(N'2019-12-18T10:00:00.000' AS DateTime), CAST(N'2019-12-18T11:00:00.000' AS DateTime), 0)
GO
INSERT [dbo].[AllocateClassrooms] ([Id], [DepartmentId], [CourseId], [RoomId], [Day], [FromTime], [ToTime], [IsAllocated]) VALUES (22, 6, 4, 2, N'MonDay', CAST(N'2019-12-18T08:00:00.000' AS DateTime), CAST(N'2019-12-18T09:00:00.000' AS DateTime), 0)
GO
INSERT [dbo].[AllocateClassrooms] ([Id], [DepartmentId], [CourseId], [RoomId], [Day], [FromTime], [ToTime], [IsAllocated]) VALUES (23, 6, 4, 1, N'Saturday', CAST(N'2019-12-18T08:00:00.000' AS DateTime), CAST(N'2019-12-18T09:00:00.000' AS DateTime), 0)
GO
INSERT [dbo].[AllocateClassrooms] ([Id], [DepartmentId], [CourseId], [RoomId], [Day], [FromTime], [ToTime], [IsAllocated]) VALUES (24, 7, 5, 1, N'Saturday', CAST(N'2019-12-18T09:00:00.000' AS DateTime), CAST(N'2019-12-18T10:00:00.000' AS DateTime), 0)
GO
INSERT [dbo].[AllocateClassrooms] ([Id], [DepartmentId], [CourseId], [RoomId], [Day], [FromTime], [ToTime], [IsAllocated]) VALUES (25, 7, 5, 1, N'Saturday', CAST(N'2019-12-18T10:00:00.000' AS DateTime), CAST(N'2019-12-18T11:00:00.000' AS DateTime), 0)
GO
INSERT [dbo].[AllocateClassrooms] ([Id], [DepartmentId], [CourseId], [RoomId], [Day], [FromTime], [ToTime], [IsAllocated]) VALUES (26, 9, 10, 2, N'Sunday', CAST(N'2019-12-18T08:00:00.000' AS DateTime), CAST(N'2019-12-18T09:30:00.000' AS DateTime), 0)
GO
INSERT [dbo].[AllocateClassrooms] ([Id], [DepartmentId], [CourseId], [RoomId], [Day], [FromTime], [ToTime], [IsAllocated]) VALUES (27, 7, 8, 2, N'Sunday', CAST(N'2019-12-18T09:30:00.000' AS DateTime), CAST(N'2019-12-18T10:30:00.000' AS DateTime), 0)
GO
INSERT [dbo].[AllocateClassrooms] ([Id], [DepartmentId], [CourseId], [RoomId], [Day], [FromTime], [ToTime], [IsAllocated]) VALUES (28, 7, 5, 1, N'MonDay', CAST(N'2019-12-18T09:00:00.000' AS DateTime), CAST(N'2019-12-18T10:00:00.000' AS DateTime), 0)
GO
INSERT [dbo].[AllocateClassrooms] ([Id], [DepartmentId], [CourseId], [RoomId], [Day], [FromTime], [ToTime], [IsAllocated]) VALUES (29, 7, 5, 1, N'Saturday', CAST(N'2019-12-18T08:00:00.000' AS DateTime), CAST(N'2019-12-18T09:00:00.000' AS DateTime), 0)
GO
INSERT [dbo].[AllocateClassrooms] ([Id], [DepartmentId], [CourseId], [RoomId], [Day], [FromTime], [ToTime], [IsAllocated]) VALUES (30, 7, 5, 1, N'Saturday', CAST(N'2019-12-18T09:00:00.000' AS DateTime), CAST(N'2019-12-18T10:00:00.000' AS DateTime), 0)
GO
INSERT [dbo].[AllocateClassrooms] ([Id], [DepartmentId], [CourseId], [RoomId], [Day], [FromTime], [ToTime], [IsAllocated]) VALUES (31, 7, 5, 2, N'MonDay', CAST(N'2019-12-18T08:30:00.000' AS DateTime), CAST(N'2019-12-18T10:00:00.000' AS DateTime), 0)
GO
INSERT [dbo].[AllocateClassrooms] ([Id], [DepartmentId], [CourseId], [RoomId], [Day], [FromTime], [ToTime], [IsAllocated]) VALUES (32, 7, 5, 2, N'MonDay', CAST(N'2019-12-18T10:00:00.000' AS DateTime), CAST(N'2019-12-18T11:30:00.000' AS DateTime), 0)
GO
INSERT [dbo].[AllocateClassrooms] ([Id], [DepartmentId], [CourseId], [RoomId], [Day], [FromTime], [ToTime], [IsAllocated]) VALUES (33, 15, 98, 1, N'Wednesday', CAST(N'2019-12-19T10:00:00.000' AS DateTime), CAST(N'2019-12-19T11:00:00.000' AS DateTime), 0)
GO
INSERT [dbo].[AllocateClassrooms] ([Id], [DepartmentId], [CourseId], [RoomId], [Day], [FromTime], [ToTime], [IsAllocated]) VALUES (34, 6, 41, 1, N'Saturday', CAST(N'2019-12-19T10:00:00.000' AS DateTime), CAST(N'2019-12-19T11:00:00.000' AS DateTime), 0)
GO
INSERT [dbo].[AllocateClassrooms] ([Id], [DepartmentId], [CourseId], [RoomId], [Day], [FromTime], [ToTime], [IsAllocated]) VALUES (35, 7, 59, 2, N'Saturday', CAST(N'2019-12-19T08:00:00.000' AS DateTime), CAST(N'2019-12-19T09:00:00.000' AS DateTime), 0)
GO
INSERT [dbo].[AllocateClassrooms] ([Id], [DepartmentId], [CourseId], [RoomId], [Day], [FromTime], [ToTime], [IsAllocated]) VALUES (36, 7, 59, 2, N'Sunday', CAST(N'2019-12-19T08:00:00.000' AS DateTime), CAST(N'2019-12-19T09:30:00.000' AS DateTime), 0)
GO
INSERT [dbo].[AllocateClassrooms] ([Id], [DepartmentId], [CourseId], [RoomId], [Day], [FromTime], [ToTime], [IsAllocated]) VALUES (37, 9, 29, 2, N'Monday', CAST(N'2019-12-19T09:30:00.000' AS DateTime), CAST(N'2019-12-19T10:00:00.000' AS DateTime), 0)
GO
INSERT [dbo].[AllocateClassrooms] ([Id], [DepartmentId], [CourseId], [RoomId], [Day], [FromTime], [ToTime], [IsAllocated]) VALUES (38, 9, 10, 3, N'Monday', CAST(N'2019-12-19T11:30:00.000' AS DateTime), CAST(N'2019-12-19T12:30:00.000' AS DateTime), 0)
GO
INSERT [dbo].[AllocateClassrooms] ([Id], [DepartmentId], [CourseId], [RoomId], [Day], [FromTime], [ToTime], [IsAllocated]) VALUES (39, 7, 5, 1, N'Tuesday', CAST(N'2019-12-19T10:00:00.000' AS DateTime), CAST(N'2019-12-19T11:30:00.000' AS DateTime), 0)
GO
INSERT [dbo].[AllocateClassrooms] ([Id], [DepartmentId], [CourseId], [RoomId], [Day], [FromTime], [ToTime], [IsAllocated]) VALUES (40, 7, 5, 1, N'Monday', CAST(N'2019-12-19T13:00:00.000' AS DateTime), CAST(N'2019-12-19T14:00:00.000' AS DateTime), 0)
GO
INSERT [dbo].[AllocateClassrooms] ([Id], [DepartmentId], [CourseId], [RoomId], [Day], [FromTime], [ToTime], [IsAllocated]) VALUES (41, 7, 5, 1, N'Friday', CAST(N'2019-12-19T09:00:00.000' AS DateTime), CAST(N'2019-12-19T10:00:00.000' AS DateTime), 0)
GO
INSERT [dbo].[AllocateClassrooms] ([Id], [DepartmentId], [CourseId], [RoomId], [Day], [FromTime], [ToTime], [IsAllocated]) VALUES (42, 7, 43, 4, N'Tuesday', CAST(N'2019-12-20T11:30:00.000' AS DateTime), CAST(N'2019-12-20T12:30:00.000' AS DateTime), 0)
GO
INSERT [dbo].[AllocateClassrooms] ([Id], [DepartmentId], [CourseId], [RoomId], [Day], [FromTime], [ToTime], [IsAllocated]) VALUES (43, 6, 4, 6, N'Saturday', CAST(N'2019-12-20T09:00:00.000' AS DateTime), CAST(N'2019-12-20T10:00:00.000' AS DateTime), 0)
GO
INSERT [dbo].[AllocateClassrooms] ([Id], [DepartmentId], [CourseId], [RoomId], [Day], [FromTime], [ToTime], [IsAllocated]) VALUES (44, 6, 30, 6, N'Sunday', CAST(N'2019-12-20T09:00:00.000' AS DateTime), CAST(N'2019-12-20T10:00:00.000' AS DateTime), 0)
GO
INSERT [dbo].[AllocateClassrooms] ([Id], [DepartmentId], [CourseId], [RoomId], [Day], [FromTime], [ToTime], [IsAllocated]) VALUES (45, 6, 4, 1, N'Saturday', CAST(N'2019-12-20T08:00:00.000' AS DateTime), CAST(N'2019-12-20T10:00:00.000' AS DateTime), 0)
GO
INSERT [dbo].[AllocateClassrooms] ([Id], [DepartmentId], [CourseId], [RoomId], [Day], [FromTime], [ToTime], [IsAllocated]) VALUES (46, 7, 8, 7, N'Saturday', CAST(N'2019-12-20T08:00:00.000' AS DateTime), CAST(N'2019-12-20T09:00:00.000' AS DateTime), 0)
GO
INSERT [dbo].[AllocateClassrooms] ([Id], [DepartmentId], [CourseId], [RoomId], [Day], [FromTime], [ToTime], [IsAllocated]) VALUES (47, 9, 11, 7, N'Saturday', CAST(N'2019-12-20T09:00:00.000' AS DateTime), CAST(N'2019-12-20T09:30:00.000' AS DateTime), 0)
GO
INSERT [dbo].[AllocateClassrooms] ([Id], [DepartmentId], [CourseId], [RoomId], [Day], [FromTime], [ToTime], [IsAllocated]) VALUES (48, 11, 73, 7, N'Monday', CAST(N'2019-12-20T09:30:00.000' AS DateTime), CAST(N'2019-12-20T10:30:00.000' AS DateTime), 0)
GO
INSERT [dbo].[AllocateClassrooms] ([Id], [DepartmentId], [CourseId], [RoomId], [Day], [FromTime], [ToTime], [IsAllocated]) VALUES (49, 10, 63, 8, N'Saturday', CAST(N'2019-12-20T10:00:00.000' AS DateTime), CAST(N'2019-12-20T11:00:00.000' AS DateTime), 0)
GO
INSERT [dbo].[AllocateClassrooms] ([Id], [DepartmentId], [CourseId], [RoomId], [Day], [FromTime], [ToTime], [IsAllocated]) VALUES (50, 10, 63, 4, N'Tuesday', CAST(N'2019-12-20T09:00:00.000' AS DateTime), CAST(N'2019-12-20T10:00:00.000' AS DateTime), 0)
GO
INSERT [dbo].[AllocateClassrooms] ([Id], [DepartmentId], [CourseId], [RoomId], [Day], [FromTime], [ToTime], [IsAllocated]) VALUES (51, 16, 25, 12, N'Friday', CAST(N'2019-12-20T09:00:00.000' AS DateTime), CAST(N'2019-12-20T10:00:00.000' AS DateTime), 0)
GO
INSERT [dbo].[AllocateClassrooms] ([Id], [DepartmentId], [CourseId], [RoomId], [Day], [FromTime], [ToTime], [IsAllocated]) VALUES (52, 16, 25, 13, N'Tuesday', CAST(N'2019-12-20T10:00:00.000' AS DateTime), CAST(N'2019-12-20T11:30:00.000' AS DateTime), 0)
GO
INSERT [dbo].[AllocateClassrooms] ([Id], [DepartmentId], [CourseId], [RoomId], [Day], [FromTime], [ToTime], [IsAllocated]) VALUES (53, 7, 9, 2, N'Monday', CAST(N'2019-12-21T09:00:00.000' AS DateTime), CAST(N'2019-12-21T10:00:00.000' AS DateTime), 0)
GO
INSERT [dbo].[AllocateClassrooms] ([Id], [DepartmentId], [CourseId], [RoomId], [Day], [FromTime], [ToTime], [IsAllocated]) VALUES (54, 6, 31, 2, N'Tuesday', CAST(N'2019-12-21T08:00:00.000' AS DateTime), CAST(N'2019-12-21T12:00:00.000' AS DateTime), 0)
GO
INSERT [dbo].[AllocateClassrooms] ([Id], [DepartmentId], [CourseId], [RoomId], [Day], [FromTime], [ToTime], [IsAllocated]) VALUES (55, 6, 4, 2, N'Sunday', CAST(N'2019-12-22T09:30:00.000' AS DateTime), CAST(N'2019-12-22T10:30:00.000' AS DateTime), 0)
GO
INSERT [dbo].[AllocateClassrooms] ([Id], [DepartmentId], [CourseId], [RoomId], [Day], [FromTime], [ToTime], [IsAllocated]) VALUES (56, 7, 8, 1, N'Saturday', CAST(N'2019-12-22T09:00:00.000' AS DateTime), CAST(N'2019-12-22T10:00:00.000' AS DateTime), 0)
GO
INSERT [dbo].[AllocateClassrooms] ([Id], [DepartmentId], [CourseId], [RoomId], [Day], [FromTime], [ToTime], [IsAllocated]) VALUES (57, 6, 4, 1, N'Sunday', CAST(N'2019-12-22T08:00:00.000' AS DateTime), CAST(N'2019-12-22T09:00:00.000' AS DateTime), 0)
GO
INSERT [dbo].[AllocateClassrooms] ([Id], [DepartmentId], [CourseId], [RoomId], [Day], [FromTime], [ToTime], [IsAllocated]) VALUES (58, 9, 13, 5, N'Saturday', CAST(N'2019-12-22T11:00:00.000' AS DateTime), CAST(N'2019-12-22T12:00:00.000' AS DateTime), 0)
GO
INSERT [dbo].[AllocateClassrooms] ([Id], [DepartmentId], [CourseId], [RoomId], [Day], [FromTime], [ToTime], [IsAllocated]) VALUES (59, 15, 98, 6, N'Tuesday', CAST(N'2019-12-22T09:30:00.000' AS DateTime), CAST(N'2019-12-22T10:30:00.000' AS DateTime), 0)
GO
INSERT [dbo].[AllocateClassrooms] ([Id], [DepartmentId], [CourseId], [RoomId], [Day], [FromTime], [ToTime], [IsAllocated]) VALUES (60, 6, 4, 1, N'Saturday', CAST(N'2019-12-22T09:00:00.000' AS DateTime), CAST(N'2019-12-22T10:00:00.000' AS DateTime), 1)
GO
INSERT [dbo].[AllocateClassrooms] ([Id], [DepartmentId], [CourseId], [RoomId], [Day], [FromTime], [ToTime], [IsAllocated]) VALUES (61, 6, 4, 1, N'Saturday', CAST(N'2019-12-22T08:00:00.000' AS DateTime), CAST(N'2019-12-22T09:00:00.000' AS DateTime), 1)
GO
INSERT [dbo].[AllocateClassrooms] ([Id], [DepartmentId], [CourseId], [RoomId], [Day], [FromTime], [ToTime], [IsAllocated]) VALUES (62, 6, 4, 1, N'Saturday', CAST(N'2019-12-22T10:00:00.000' AS DateTime), CAST(N'2019-12-22T11:00:00.000' AS DateTime), 1)
GO
INSERT [dbo].[AllocateClassrooms] ([Id], [DepartmentId], [CourseId], [RoomId], [Day], [FromTime], [ToTime], [IsAllocated]) VALUES (63, 7, 8, 2, N'Sunday', CAST(N'2019-12-22T09:00:00.000' AS DateTime), CAST(N'2019-12-22T10:00:00.000' AS DateTime), 1)
GO
INSERT [dbo].[AllocateClassrooms] ([Id], [DepartmentId], [CourseId], [RoomId], [Day], [FromTime], [ToTime], [IsAllocated]) VALUES (64, 7, 5, 1, N'Monday', CAST(N'2019-12-22T08:00:00.000' AS DateTime), CAST(N'2019-12-22T09:00:00.000' AS DateTime), 1)
GO
INSERT [dbo].[AllocateClassrooms] ([Id], [DepartmentId], [CourseId], [RoomId], [Day], [FromTime], [ToTime], [IsAllocated]) VALUES (65, 7, 42, 3, N'Monday', CAST(N'2019-12-22T09:00:00.000' AS DateTime), CAST(N'2019-12-22T10:30:00.000' AS DateTime), 1)
GO
SET IDENTITY_INSERT [dbo].[AllocateClassrooms] OFF
GO
INSERT [dbo].[AspNetRoles] ([Id], [Name]) VALUES (N'2', N'avi')
GO
INSERT [dbo].[AspNetRoles] ([Id], [Name]) VALUES (N'1', N'robin')
GO
INSERT [dbo].[AspNetRoles] ([Id], [Name]) VALUES (N'4', N'sakib')
GO
INSERT [dbo].[AspNetRoles] ([Id], [Name]) VALUES (N'3', N'zebin')
GO
INSERT [dbo].[AspNetUserRoles] ([UserId], [RoleId]) VALUES (N'325136af-168d-4deb-84e6-beb7e765052a', N'4')
GO
INSERT [dbo].[AspNetUserRoles] ([UserId], [RoleId]) VALUES (N'5b3ae36c-4e69-4abb-8962-38bd35e39a23', N'2')
GO
INSERT [dbo].[AspNetUserRoles] ([UserId], [RoleId]) VALUES (N'9fb34289-fe29-40cf-b519-1267c1ffe4a3', N'1')
GO
INSERT [dbo].[AspNetUserRoles] ([UserId], [RoleId]) VALUES (N'f6e2fc97-dac1-45bc-b927-36cdb9cf44ae', N'3')
GO
INSERT [dbo].[AspNetUsers] ([Id], [Email], [EmailConfirmed], [PasswordHash], [SecurityStamp], [PhoneNumber], [PhoneNumberConfirmed], [TwoFactorEnabled], [LockoutEndDateUtc], [LockoutEnabled], [AccessFailedCount], [UserName]) VALUES (N'325136af-168d-4deb-84e6-beb7e765052a', N'sakib@g.com', 0, N'AFwBh7MupJCT+pF+QRpAJV5jsAzw+vS8SClRz+CvVdFjBGFqu8ZicVk9xBnjGSpjiw==', N'44e9c512-12c4-4df0-a818-6d63300db1da', NULL, 0, 0, NULL, 1, 0, N'sakib@g.com')
GO
INSERT [dbo].[AspNetUsers] ([Id], [Email], [EmailConfirmed], [PasswordHash], [SecurityStamp], [PhoneNumber], [PhoneNumberConfirmed], [TwoFactorEnabled], [LockoutEndDateUtc], [LockoutEnabled], [AccessFailedCount], [UserName]) VALUES (N'5b3ae36c-4e69-4abb-8962-38bd35e39a23', N'avi@g.com', 0, N'AFTqT6RsZtlV42dUrpZ2kV3RvRDr2Qb9oWeRMW/E047wbKsK0Dp/BYZkYUc2GHfHqQ==', N'7fe66448-49f5-4cc7-87d8-79ffffe68573', NULL, 0, 0, NULL, 1, 0, N'avi@g.com')
GO
INSERT [dbo].[AspNetUsers] ([Id], [Email], [EmailConfirmed], [PasswordHash], [SecurityStamp], [PhoneNumber], [PhoneNumberConfirmed], [TwoFactorEnabled], [LockoutEndDateUtc], [LockoutEnabled], [AccessFailedCount], [UserName]) VALUES (N'9fb34289-fe29-40cf-b519-1267c1ffe4a3', N'robin@g.com', 0, N'AFGpcP3y7mYJ7U93jW/FULl+CR9LrCAxEiwyqzr6AaCEsy01TCLW2QDQWjBVIL4BXQ==', N'48423cf3-1c84-453d-a627-3acd7624e0ec', NULL, 0, 0, NULL, 1, 0, N'robin@g.com')
GO
INSERT [dbo].[AspNetUsers] ([Id], [Email], [EmailConfirmed], [PasswordHash], [SecurityStamp], [PhoneNumber], [PhoneNumberConfirmed], [TwoFactorEnabled], [LockoutEndDateUtc], [LockoutEnabled], [AccessFailedCount], [UserName]) VALUES (N'f6e2fc97-dac1-45bc-b927-36cdb9cf44ae', N'zebin@g.com', 0, N'AEGiTZypr9d216/cnjNHGI9e9tfaM6ENqNLbzeSs9wliSn0lV79TRjwzi1R5LxUNBA==', N'57fcddb5-83eb-490f-abeb-c529002c78e8', NULL, 0, 0, NULL, 1, 0, N'zebin@g.com')
GO
SET IDENTITY_INSERT [dbo].[Course] ON 
GO
INSERT [dbo].[Course] ([Id], [CourseCode], [CourseName], [CourseCredit], [CourseDetails], [DepartmentId], [SemesterId]) VALUES (4, N'ECO-102', N'Introduction to Macroeconomics', 5, N'This is the first course in Macroeconomics for the students of Economics major. This course is also required for BBA major students as an introduction to Macroeconomics. The aim of the course is to provide a non-technical introduction to the basic macroeconomic theory.', 6, 1)
GO
INSERT [dbo].[Course] ([Id], [CourseCode], [CourseName], [CourseCredit], [CourseDetails], [DepartmentId], [SemesterId]) VALUES (5, N'ACT-201', N'Financial Accounting', 5, N'Accounting and its environments; Concepts and conventions of Accounting; Generally Accepted Accounting Principles; Accounting Equations; Recording business transactions; Accounting cycle; Accounting for a merchandising concern; Preparation of financial statements and Accounting for cash, receivables, inventories, fixed assets: acquisition, disposal and depreciation. Analyzing financial statements; implementing Accounting system: computerized Accounting.', 7, 1)
GO
INSERT [dbo].[Course] ([Id], [CourseCode], [CourseName], [CourseCredit], [CourseDetails], [DepartmentId], [SemesterId]) VALUES (8, N'ACT-202', N'Management Accounting', 5, N'Cost concepts; Classification; Job Order Costing; Process Costing; Cost behavior analysis; Cost-volume-profit analysis; Variable Costing; Activity Based Costing; Budgeting; Cost control and performance appraisal; Flexible Budgets and Overhead Analysis; Segment reporting, Profitability analysis and decentralization; Responsibility Accounting and variance analysis.', 7, 1)
GO
INSERT [dbo].[Course] ([Id], [CourseCode], [CourseName], [CourseCredit], [CourseDetails], [DepartmentId], [SemesterId]) VALUES (9, N'BBACOS-101', N'Cost Management', 5, N'N/A', 7, 1)
GO
INSERT [dbo].[Course] ([Id], [CourseCode], [CourseName], [CourseCredit], [CourseDetails], [DepartmentId], [SemesterId]) VALUES (10, N'ENG-091', N'Foundation Course', 5, N'The English Foundation Course is designed to enable students to develop their competence in reading, writing, speaking, listening and grammar for academic purposes. The students will be encouraged to acquire skills and strategies for using language appropriately and effectively in various situations. The approach at all times will be communicative and interactive involving individual, pair and group work. ', 9, 1)
GO
INSERT [dbo].[Course] ([Id], [CourseCode], [CourseName], [CourseCredit], [CourseDetails], [DepartmentId], [SemesterId]) VALUES (11, N'ENG-101', N'English Fundamentals', 5, N'Drills in basic writing skills: mechanics, spelling, syntax, grammar review, sentence and essay writing. Required of all First Year students. ', 9, 1)
GO
INSERT [dbo].[Course] ([Id], [CourseCode], [CourseName], [CourseCredit], [CourseDetails], [DepartmentId], [SemesterId]) VALUES (12, N'ENG-102', N'Composition I', 5, N'The main focus of this course is writing. This course attempts to enhance students'' writing abilities through diverse writing skills and techniques. Students will be introduced to two aspects of expository writing: personalized/subjective and analytical/persuasive. In the first category, students will write essays expressing their subjective viewpoints. In the second category, students will analyse issues objectively, sticking firmly to factual details. ', 9, 2)
GO
INSERT [dbo].[Course] ([Id], [CourseCode], [CourseName], [CourseCredit], [CourseDetails], [DepartmentId], [SemesterId]) VALUES (13, N'ENG-106', N'English Fundamentals for Architecture', 5, N'The main objectives of the course include: Developing effective and efficient reading, writing, listening and speaking strategies and techniques, increasing students'' repertoire of vocabulary, reading with speed and understanding, writing standard, well- informed academic essays, enhancing spoken fluency.', 9, 2)
GO
INSERT [dbo].[Course] ([Id], [CourseCode], [CourseName], [CourseCredit], [CourseDetails], [DepartmentId], [SemesterId]) VALUES (14, N'ENG-111', N'Principles of Linguistics', 5, N'The course aims to familiarize students with basic concepts in linguistics including phonetics; phonology; morphology, syntax and semantics. Other aspects of this course will include definition and characteristics of language; role of linguistics in language teaching, relationship between linguistics and literature; second language acquisition and second language learning.', 9, 2)
GO
INSERT [dbo].[Course] ([Id], [CourseCode], [CourseName], [CourseCredit], [CourseDetails], [DepartmentId], [SemesterId]) VALUES (15, N'ENG-113', N'Introduction to English Poetry', 5, N'Study of selected English poems from Shakespeare to contemporary times; Analysis of Poems; Prosody; Poetic Genres.', 9, 2)
GO
INSERT [dbo].[Course] ([Id], [CourseCode], [CourseName], [CourseCredit], [CourseDetails], [DepartmentId], [SemesterId]) VALUES (16, N'ENG-114', N'Introduction to English Drama', 5, N'Study of selected plays from Shakespeare to Pinter; Analysis of Drama; Poetics and Fundamentals of Drama; Dramatic Forms.', 9, 1)
GO
INSERT [dbo].[Course] ([Id], [CourseCode], [CourseName], [CourseCredit], [CourseDetails], [DepartmentId], [SemesterId]) VALUES (17, N'ENG-115', N'Introduction to English Prose', 5, N'Study of selected English Fictional and Non-Fictional Prose from Swift to contemporary times; Analysing Prose, Prose Forms.', 9, 3)
GO
INSERT [dbo].[Course] ([Id], [CourseCode], [CourseName], [CourseCredit], [CourseDetails], [DepartmentId], [SemesterId]) VALUES (18, N'ENG-122', N'English Phonetics and Phonology', 5, N'This course is designed to promote a comprehensive study of English articulatory phonetics that deals with the production of English speech sounds. It intends to develop students'' skills in perceiving, articulating and transcribing speech sounds. It also focuses on segments, syllables, stress, intonation and functions of intonation that are segmental and supra-segmental features. On the one hand, the practical aim of this course is to help students pronounce English accurately and on the other hand, its theoretical aim is to give students a deeper understanding of the sound system of English.', 9, 4)
GO
INSERT [dbo].[Course] ([Id], [CourseCode], [CourseName], [CourseCredit], [CourseDetails], [DepartmentId], [SemesterId]) VALUES (19, N'ENG 123', N'History of English Language', 5, N'This course will familiarize students with the evolution and development of English Language; its current practices, and forces responsible for giving it the shape it is in', 9, 4)
GO
INSERT [dbo].[Course] ([Id], [CourseCode], [CourseName], [CourseCredit], [CourseDetails], [DepartmentId], [SemesterId]) VALUES (20, N'ENG-203', N'Communication Skills in Architecture', 5, N'This course is designed to strengthen students'' communication skills, that they need to perform successfully in academic and non-academic fields. It will be a laboratory-based course. Audio visual aids in the laboratory will facilitate speaking as well as listening accuracy. In this course, students will participate in discussions', 9, 5)
GO
INSERT [dbo].[Course] ([Id], [CourseCode], [CourseName], [CourseCredit], [CourseDetails], [DepartmentId], [SemesterId]) VALUES (21, N'ENG-211', N'Sociolinguistics', 5, N'This course is the study of language as a social factor. The study takes into account regional and social dialects along with standard language, the process of standardization and pidgin and Creole languages. It also focuses on how language functions in society and deals with bilingualism, multilingualism, diglossia, code switching, register, and style. ', 9, 5)
GO
INSERT [dbo].[Course] ([Id], [CourseCode], [CourseName], [CourseCredit], [CourseDetails], [DepartmentId], [SemesterId]) VALUES (22, N'ENG 212', N'Psycholinguistics', 5, N'This course examines stage by stage acquisition of phonology, morphology, syntax and semantics of the child''s first language. In other words, it aims to provide students with the knowledge of the earliest stages of a child language acquisition; development of the child''s sound system i.e. how children perceive and produce the sounds of their language; the acquisition of language structure emphasizing the principles children apply in this regard and the acquisition of meaning along with their awareness of the form and function of speech acts.', 9, 5)
GO
INSERT [dbo].[Course] ([Id], [CourseCode], [CourseName], [CourseCredit], [CourseDetails], [DepartmentId], [SemesterId]) VALUES (23, N'ENG 213', N'Survey of English Literature I', 5, N'Chaucer to Donne: Intensive Study of Chaucer, Spencer, Marlowe, Shakespeare, Webster, Jonson, Bacon, John Donne.', 9, 6)
GO
INSERT [dbo].[Course] ([Id], [CourseCode], [CourseName], [CourseCredit], [CourseDetails], [DepartmentId], [SemesterId]) VALUES (24, N'ENG 214', N'Survey of English Literature II', 5, N'Milton to Johnson: Intensive Study of Milton, Dryden, Swift, Defoe, Pope, Fielding and Dr. Johnson.', 9, 6)
GO
INSERT [dbo].[Course] ([Id], [CourseCode], [CourseName], [CourseCredit], [CourseDetails], [DepartmentId], [SemesterId]) VALUES (25, N'Shakespeare', N'ENG-217', 5, N'An introduction to the plays of Shakespeare (history, comedy, tragedy, and romance). The plays will be studied in the context of Renaissance thought and will explore issues such as politics, religion, family, gender, historical settings and theatrical performances.', 16, 6)
GO
INSERT [dbo].[Course] ([Id], [CourseCode], [CourseName], [CourseCredit], [CourseDetails], [DepartmentId], [SemesterId]) VALUES (26, N'ENG 218', N'Post-Colonial Writing in English', 5, N'This course will look at the vast body of contemporary writing in English from ex-colonial countries. Possible authors are Salman Rushdie, Ngugi ''waThiong''o, Amitav Ghosh, Chinua Achebe, Derek Walcott.', 9, 6)
GO
INSERT [dbo].[Course] ([Id], [CourseCode], [CourseName], [CourseCredit], [CourseDetails], [DepartmentId], [SemesterId]) VALUES (27, N'ENG 221', N'Discourse Analysis', 5, N'This course explores the structure and social context of texts both written and spoken language. Attention is focused on the structure and function of language beyond the sentence i.e. the way in which spoken (discourse) and written language (text) is used in coherent and meaningful ways (pragmatics).', 9, 8)
GO
INSERT [dbo].[Course] ([Id], [CourseCode], [CourseName], [CourseCredit], [CourseDetails], [DepartmentId], [SemesterId]) VALUES (28, N'ENG-232', N'History of English Language Teaching', 5, N'This course is designed to review the history of English language teaching. It covers the spread of English language teaching in Europe, and gives an overview of English language teaching since 1900 and the teaching of English as a foreign or second language since 1900, including foundations, development, changes and variations that took place in ELT.', 9, 9)
GO
INSERT [dbo].[Course] ([Id], [CourseCode], [CourseName], [CourseCredit], [CourseDetails], [DepartmentId], [SemesterId]) VALUES (29, N'ENG-241', N'Later Eighteenth-Century Literature', 5, N'A selection from works by Johnson, Boswell and Sterne, together with shorter samplings from Gray, Burke, Goldsmith, Burney, Reynolds, Wollstonecraft, and others.', 9, 9)
GO
INSERT [dbo].[Course] ([Id], [CourseCode], [CourseName], [CourseCredit], [CourseDetails], [DepartmentId], [SemesterId]) VALUES (30, N'ECO-201', N'Mathematics for Business and Economics', 5, N'The objective of this course is to provide an introduction to mathematical tools and techniques that are frequently used in microeconomics, macroeconomics, finance, and operations.
', 6, 1)
GO
INSERT [dbo].[Course] ([Id], [CourseCode], [CourseName], [CourseCredit], [CourseDetails], [DepartmentId], [SemesterId]) VALUES (31, N'ECO-308', N'International Trade', 5, N'Theories of absolute and comparative advantages; Heckscher-Ohlin and Factor Price Equalization Theorems; Offer Curves and Gains from Trade; Economies of Scale and New International Trade Theories; Industrial-Organization based trade models; The theory of protection; Export promotion & import substitution policies; Custom Unions, Regional co-operation, WTO.', 6, 2)
GO
INSERT [dbo].[Course] ([Id], [CourseCode], [CourseName], [CourseCredit], [CourseDetails], [DepartmentId], [SemesterId]) VALUES (32, N'ECO-310', N'History of Economic Thought', 5, N'Birth of political economy; Mercantilism and Classical economics: Smith, Malthus, Ricardo, Mill; Socialist thought and Marx; Marshall and the Marginal Revolution; Keynes and the Keynesian revolution; Neoclassical synthesis and economic growth; Theory of general equilibrium and welfare economics; Value, distribution and role of the state.', 6, 3)
GO
INSERT [dbo].[Course] ([Id], [CourseCode], [CourseName], [CourseCredit], [CourseDetails], [DepartmentId], [SemesterId]) VALUES (33, N'ECO-311', N'Economic Growth and Development', 5, N'This course provides an introduction to Micro and Macroeconomic theories of economic growth and their development aspects.', 6, 2)
GO
INSERT [dbo].[Course] ([Id], [CourseCode], [CourseName], [CourseCredit], [CourseDetails], [DepartmentId], [SemesterId]) VALUES (34, N'ECO-324', N'Bangladesh Economy', 5, N'This course analyzes the economic features and macroeconomic performance of the economy of Bangladesh.', 6, 3)
GO
INSERT [dbo].[Course] ([Id], [CourseCode], [CourseName], [CourseCredit], [CourseDetails], [DepartmentId], [SemesterId]) VALUES (35, N'ECO-431', N'International Finance and Economic Policy', 5, N'Balance of payments, economics and accounting; Partial and General equilibrium models of exchange rate determination; Interest rate parity and purchasing power parity theory; Role of monetary and fiscal stabilization policies in open economies; International debt problems; Role of international financial institutions in developed and developing economies.', 6, 3)
GO
INSERT [dbo].[Course] ([Id], [CourseCode], [CourseName], [CourseCredit], [CourseDetails], [DepartmentId], [SemesterId]) VALUES (36, N'ECO-432', N'Money and Banking', 5, N'Role of money in the economy and its impact on output, employment, and prices; Types of financial assets and their uses, stock and bond markets; Money and credit multipliers; Banking system of Bangladesh; Various monetary policies and their effectiveness; Central banking, credibility, rules, discretion.', 6, 3)
GO
INSERT [dbo].[Course] ([Id], [CourseCode], [CourseName], [CourseCredit], [CourseDetails], [DepartmentId], [SemesterId]) VALUES (37, N'ECO-301', N'Microeconomic Analysis', 5, N'The objective of this course is to provide an advanced treatment of standard microeconomic theories. The course is aimed at students who are planning to pursue graduate studies in economics.', 6, 4)
GO
INSERT [dbo].[Course] ([Id], [CourseCode], [CourseName], [CourseCredit], [CourseDetails], [DepartmentId], [SemesterId]) VALUES (38, N'ECO-302', N'Macroeconomic Analysis', 5, N'The objective of this course is to provide an advanced treatment of standard macroeconomic theories. The course is aimed for students who are planning to pursue graduate studies in economics.', 6, 5)
GO
INSERT [dbo].[Course] ([Id], [CourseCode], [CourseName], [CourseCredit], [CourseDetails], [DepartmentId], [SemesterId]) VALUES (39, N'ECO 304', N'Agricultural Economics', 5, N'Introduction of agriculture as an industry; Economics of agricultural production, farm management; Land economics, rural organization; Agricultural credit and finance; Agricultural marketing; Agricultural law, agrarian reform and agricultural policies; Agricultural prices and government policy.', 6, 5)
GO
INSERT [dbo].[Course] ([Id], [CourseCode], [CourseName], [CourseCredit], [CourseDetails], [DepartmentId], [SemesterId]) VALUES (40, N'ECO-305', N'Labour Economics', 5, N'The main objective of the course is to provide a survey of key issues in contemporary labour economics.', 6, 8)
GO
INSERT [dbo].[Course] ([Id], [CourseCode], [CourseName], [CourseCredit], [CourseDetails], [DepartmentId], [SemesterId]) VALUES (41, N'ECO 307', N'Mathematical Methods for Economics', 5, N'ntroductory Linear Algebra-Matrices, Eigenvalues, Vector Spaces; Comparative Static analysis and applications; Non-Linear Programming: Optimization with inequality constraints; Integration, Differential equations and their application to economics; Introduction to Dynamic programming.', 6, 8)
GO
INSERT [dbo].[Course] ([Id], [CourseCode], [CourseName], [CourseCredit], [CourseDetails], [DepartmentId], [SemesterId]) VALUES (42, N'ACT-301', N'Intermediate Accounting', 5, N'The course deals with measurement and reporting of financial condition of business firms and with Accounting principles and process of different types of assets, liabilities and equities. Topics include environment of Accounting, generally Accepted Accounting principles, Accounting cycle, income measurement and reporting, financial reports, inventory valuation and Accounting, plant assets acquisition, depreciation and depletion, current liabilities', 7, 2)
GO
INSERT [dbo].[Course] ([Id], [CourseCode], [CourseName], [CourseCredit], [CourseDetails], [DepartmentId], [SemesterId]) VALUES (43, N'ACT-422', N'Cost Accounting', 5, N'The course will cover Cost concept, classification and statements; Costing and control of materials; Costing and control of labors; Costing and control of manufacturing overhead; Service department cost allocation; Activity based costing; Job order cost system; Process costing-Weighted average and FIFO method, Accounting for spoilage; Joint product and by-product costing; Standard costing; Target costing', 7, 2)
GO
INSERT [dbo].[Course] ([Id], [CourseCode], [CourseName], [CourseCredit], [CourseDetails], [DepartmentId], [SemesterId]) VALUES (44, N'ACT-425', N'Principles of Auditing', 5, N'An introduction to auditing practice. Includes the social role of auditing and the services offered by auditors in internal, governmental, and public Accounting practice. Emphasis is on the financial auditing process, including professional ethics, audit risk assessment, study and evaluation of internal control, gathering and evaluating audit evidence, and audit reporting decisions.', 7, 2)
GO
INSERT [dbo].[Course] ([Id], [CourseCode], [CourseName], [CourseCredit], [CourseDetails], [DepartmentId], [SemesterId]) VALUES (45, N'ACT 423', N'Fundamentals of Taxation', 5, N'Topics include Income Tax: Definition of income and income tax, Characteristics of income, Total income and total world income, Income year and assessment year, Role of income tax law in.Industrial development of Bangladesh; Classification of income; Heads of income; Tax assessment and recovery assessment procedure; Income tax authorities; Assessment of individuals, partnership and public limited companies; Value Added Tax: Assessment and payment of tax, Valuation, Accounting, Refunds, Drawback, Calculation of VAT, Controlling evasion', 7, 3)
GO
INSERT [dbo].[Course] ([Id], [CourseCode], [CourseName], [CourseCredit], [CourseDetails], [DepartmentId], [SemesterId]) VALUES (46, N'ACT-421', N'Accounting Information Systems (AIS)', 5, N'The course covers Overview of Accounting information system; Organization and the Accounting system; Accounting information processing; Accounts system development; System analysis and acquisition; Computers and AIS; Software; Data communication; Database and file oriented systems; Control of AIS; Revenue cycle; Personnel cycle; Cash receipt and disbursement; Capital asset and financial statements.', 7, 3)
GO
INSERT [dbo].[Course] ([Id], [CourseCode], [CourseName], [CourseCredit], [CourseDetails], [DepartmentId], [SemesterId]) VALUES (47, N'ACT 431', N'Advanced Accounting', 5, N'The course deals with the conceptual framework of Accounting; Lease Accounting; Installment and hire-purchase, Single entry system; Consignment; Joint venture; Mergers, acquisitions and amalgamations; Insolvency Accounting; Accounting for VAT, tariffs, duties.', 7, 3)
GO
INSERT [dbo].[Course] ([Id], [CourseCode], [CourseName], [CourseCredit], [CourseDetails], [DepartmentId], [SemesterId]) VALUES (48, N'ACT-432', N'International Accounting', 5, N'The globalization of markets, both financial and physical, has increased the importance of understanding the international dimensions of corporate Activities. The course will give students the opportunity to learn about diverse financial reporting practices and the reasons for such diversities as well as applying this knowledge in the context of the review and analysis of firm''s performance by analysts, investors, and managers. At a corporate level, the course will also offer an appreciation of the significance of foreign exchange and of the tools and techniques for the management of its risks.', 7, 4)
GO
INSERT [dbo].[Course] ([Id], [CourseCode], [CourseName], [CourseCredit], [CourseDetails], [DepartmentId], [SemesterId]) VALUES (49, N'ACT-434', N'Accounting for Specialized Institutions', 5, N'The course will cover Accounting practice of specialized organizations such as banks, NGOs, Development Organizations, Government Agencies etc.', 7, 4)
GO
INSERT [dbo].[Course] ([Id], [CourseCode], [CourseName], [CourseCredit], [CourseDetails], [DepartmentId], [SemesterId]) VALUES (50, N'BUS-201', N'Business and Human Communication', 5, N'This course aims to teach the theory and process of communication; including barriers to effective communication; communication skills; letters, memos and reports writing; oral communication; listening; use of visual aids in communication; and use of non-verbal communication, and effective business meeting behaviour.', 7, 5)
GO
INSERT [dbo].[Course] ([Id], [CourseCode], [CourseName], [CourseCredit], [CourseDetails], [DepartmentId], [SemesterId]) VALUES (51, N'BUS-202', N'Business Law', 5, N'A study of legal environment of business in Bangladesh, Includes both commercial and industrial laws. Law of Contract; Sale of Goods ACT; Law of Agencies; Bailment; Law of Carriage of Goods; Negotiable Instruments ACT, Law of Insurance; Company Law. Industrial ordinance.', 7, 5)
GO
INSERT [dbo].[Course] ([Id], [CourseCode], [CourseName], [CourseCredit], [CourseDetails], [DepartmentId], [SemesterId]) VALUES (52, N'BUS 203', N'Business Environment', 5, N'A study of economic, social, cultural, political, legal and technological factors affecting business in local, national and global context. Relationship between business and Government and between business and society are also examined. The focus of the course is on issues management and identification of strategic options .The course involves learning tools and techniques for monitoring, identification and analysis of major environmental factors affecting business and assessing their impact on business decisions.', 7, 5)
GO
INSERT [dbo].[Course] ([Id], [CourseCode], [CourseName], [CourseCredit], [CourseDetails], [DepartmentId], [SemesterId]) VALUES (53, N'BUS-301', N'International Business', 5, N'International business and environment; International trade theories; Introduction to international finance, economics and marketing; International communication and promotion; Mergers and acquisitions; International organizations and regulatory bodies. National and sub regional trade; bilateral and multilateral trade arrangements; Global business strategy and International law.', 7, 6)
GO
INSERT [dbo].[Course] ([Id], [CourseCode], [CourseName], [CourseCredit], [CourseDetails], [DepartmentId], [SemesterId]) VALUES (54, N'BUS -302', N'Research Methods in Business and Management', 5, N'Research and management; Scientific thinking; Research process and design; Measurement and scaling; Sampling design; Data collection methods; Survey instrument design; Field administration, Analysis and research communications.', 7, 8)
GO
INSERT [dbo].[Course] ([Id], [CourseCode], [CourseName], [CourseCredit], [CourseDetails], [DepartmentId], [SemesterId]) VALUES (55, N'BUS-321', N'Principles of Entrepreneurship', 5, N'Entrepreneurship and theory; Impact of environmental variables on entrepreneurial success; Informal sector; Opportunity identification and assessment; Formulating business, financial and marketing plans; entrepreneurial start-up strategies; Operating the business; Legal issues and Ethics and social responsibility of the entrepreneur.', 7, 8)
GO
INSERT [dbo].[Course] ([Id], [CourseCode], [CourseName], [CourseCredit], [CourseDetails], [DepartmentId], [SemesterId]) VALUES (56, N'BUS-421', N'Venture Development', 5, N'Entrepreneurship and theory; Impact of environmental variables on entrepreneurial success; Informal sector; Opportunity identification and assessment; Formulating business, financial and marketing plans; entrepreneurial start-up strategies; Operating the business; Legal issues and Ethics and social responsibility of the entrepreneur.', 7, 8)
GO
INSERT [dbo].[Course] ([Id], [CourseCode], [CourseName], [CourseCredit], [CourseDetails], [DepartmentId], [SemesterId]) VALUES (57, N'BUS-422', N'Small Business Management', 5, N'The course aims at providing knowledge of the requisites for successful management of small business. The course aims to develop the students'' understanding of the economic, social and political environment within which the small business functions and to provide him with knowledge on how to avoid business failures & build up a highly profitable and growing enterprise.', 7, 8)
GO
INSERT [dbo].[Course] ([Id], [CourseCode], [CourseName], [CourseCredit], [CourseDetails], [DepartmentId], [SemesterId]) VALUES (58, N'BUS-423', N'Business Plan Development', 5, N'The course is a project work based on field studies. The students are required to search and select a potential business idea, collect all pertinent data, conduct feasibility studies, formulate business and functional strategies and develop a full-fledged business plan.', 7, 9)
GO
INSERT [dbo].[Course] ([Id], [CourseCode], [CourseName], [CourseCredit], [CourseDetails], [DepartmentId], [SemesterId]) VALUES (59, N'FIN-301', N'Financial Management', 5, N'This is the introductory course in finance and covers the basic tools and techniques of making financial decisions. Major topics include financial market and securities, financial statements and their analysis using financial ratios, time value of money', 7, 9)
GO
INSERT [dbo].[Course] ([Id], [CourseCode], [CourseName], [CourseCredit], [CourseDetails], [DepartmentId], [SemesterId]) VALUES (60, N'FIN-422', N'Project Appraisals and Management', 5, N'The course deals with project identification, preparation, appraisal, management of implementation and post project evaluation. Basic techniques like network analysis, organization and control aspects of project implementation in relation to resources, time scale and information processing are emphasized.', 7, 9)
GO
INSERT [dbo].[Course] ([Id], [CourseCode], [CourseName], [CourseCredit], [CourseDetails], [DepartmentId], [SemesterId]) VALUES (61, N'CSE-110', N'Programming Language', 5, N'This course would be an introduction to the foundations of computation and purpose of mechanized computation. Emphasis will be placed on techniques of problem analysis and the development of algorithms and programs. ', 10, 1)
GO
INSERT [dbo].[Course] ([Id], [CourseCode], [CourseName], [CourseCredit], [CourseDetails], [DepartmentId], [SemesterId]) VALUES (62, N'CSE-220', N'Data Structures ', 5, N'ntroduction to widely used and effective methods of data organisation, focussing on data structures, their algorithms and the performance of these algorithms. Concepts and examples, elementary data objects, elementary data structures, arrays, lists, stacks, queues, graphs, trees, compound structures, data abstraction and primitive operations on these structures. memory management; sorting and searching; hash techniques; Introduction to the fundamental algorithms and data structures: recursion, backtrack search, lists, stacks', 10, 2)
GO
INSERT [dbo].[Course] ([Id], [CourseCode], [CourseName], [CourseCredit], [CourseDetails], [DepartmentId], [SemesterId]) VALUES (63, N'CSE-221', N'Algorithms', 5, N'The study of efficient algorithms and effective algorithm design techniques. Techniques for analysis of algorithms, Methods for the design of efficient algorithms :Divide and Conquer paradigm, Greedy method, Dynamic programming, Backtracking, Basic search and traversal techniques, Graph algorithms, Elementary parallel algorithms, Algebraic simplification and transformations, Lower bound theory, NP-hard and NP-complete problems. Techniques for the design and analysis of efficient algorithms', 10, 3)
GO
INSERT [dbo].[Course] ([Id], [CourseCode], [CourseName], [CourseCredit], [CourseDetails], [DepartmentId], [SemesterId]) VALUES (64, N'CSE-230', N'Discrete Mathematics', 5, N'Set theory, Elementary number theory, Graph theory, Paths and trees, Boolean Algebra, Binary Relations, Functions, Algebraic system, Generating functions, Induction, Reduction, Semigroup, Permutation groups, Discrete Probability, Mathematical logic, Prepositional calculus and Predicate calculus.', 10, 3)
GO
INSERT [dbo].[Course] ([Id], [CourseCode], [CourseName], [CourseCredit], [CourseDetails], [DepartmentId], [SemesterId]) VALUES (65, N'CSE-250', N'Circuits and Electronics', 5, N'Fundamental electrical concepts and measuring units. Direct current: voltage, current, resistance and power. Laws of electrical circuits and methods of network analysis; Introduction to magnetic circuits. Alternating current: instantaneous and r.m.s. current, voltage and power, average power for various combinations of R, L and C circuits, phasor representation of sinusoidal quantities. The course includes a compulsory 3 hour laboratory work alternate week.', 10, 3)
GO
INSERT [dbo].[Course] ([Id], [CourseCode], [CourseName], [CourseCredit], [CourseDetails], [DepartmentId], [SemesterId]) VALUES (66, N'CSE-251', N'Electronic Devices and Circuits', 5, N'Introduction to semiconductors, p-type and n-type semiconductors; p-n junction diode characteristics; Diode applications: half and full wave rectifiers, clipping and clamping circuits, regulated power supply using zener diode.Bipolar Junction Transistor (BJT): principle of operation, I-V characteristics; Transistor circuit configurations (CE, CB, CC), BJT biasing, load lines; BJTs at low frequencies; Hybrid model, h parameters, simplified hybrid model; Small-signal analysis of single and multi-stage amplifiers, frequency response of BJT amplifier. Field Effect Transistors (FET): principle of operation of JFET and MOSFET; Depletion and enhancement type NMOS and PMOS; biasing of FETs; Low and high frequency models of FETs, Switching circuits using FETs', 10, 3)
GO
INSERT [dbo].[Course] ([Id], [CourseCode], [CourseName], [CourseCredit], [CourseDetails], [DepartmentId], [SemesterId]) VALUES (67, N'CSE 260', N'Digital Logic Design ', 5, N'An introduction to digital systems such as computer, communication and information systems. Topics covered include Boolean algebra, digital logic gates, combinational logic circuits, decoders, encoders, multiplexers. Asynchronous and synchronous counters. Registers, flip-flops, adders, Sequential circuit analysis and design. Simple computer architecture. The course includes a compulsory 3 hour laboratory work each week.', 10, 3)
GO
INSERT [dbo].[Course] ([Id], [CourseCode], [CourseName], [CourseCredit], [CourseDetails], [DepartmentId], [SemesterId]) VALUES (68, N'CSE-320', N'Data Communications', 5, N'Introduction to purpose and methods of communication. Necessity for modulation and techniques. Technical aspects of data communications. Effects of noise and control. Basic concepts such as fundamental limits, encoding, modulation, multiplexing, error detection and control. Topics include: Data Transmission Protocols, different layers in data communication systems, LANs, WANs linked with telephony.', 10, 4)
GO
INSERT [dbo].[Course] ([Id], [CourseCode], [CourseName], [CourseCredit], [CourseDetails], [DepartmentId], [SemesterId]) VALUES (69, N'CSE-321', N'Operating Systems', 5, N'Principles of operating systems: design objects; sequential process; concurrent processes, functional mutual exclusion, processor co-operation and deadlocks, management. Control and scheduling of large information processing systems. Dispatching processor access methods, job control languages memory addressing, paging and store multiplexing, and time sharing', 10, 9)
GO
INSERT [dbo].[Course] ([Id], [CourseCode], [CourseName], [CourseCredit], [CourseDetails], [DepartmentId], [SemesterId]) VALUES (70, N'CHE-110', N'Principles of Chemistry', 5, N'Atomic structure, quantum theory. Atomic spectrum of hydrogen and the Bohr model for electron orbits and energy levels, quantum numbers. Electronic configuration, periodic table, valence. Chemical bonding and molecular structure. Chemical formulas and equations, oxidation and reduction. Gas laws, ideal gas equation, kinetic theory of gases. Thermochemistry, chemical kinetics and chemical equilibria. Different types of solutions, their properties, strengths. Acids and bases', 11, 1)
GO
INSERT [dbo].[Course] ([Id], [CourseCode], [CourseName], [CourseCredit], [CourseDetails], [DepartmentId], [SemesterId]) VALUES (71, N'ENG-103', N'English Composition', 5, N'The main focus of this course is writing. The course attempts to enhance students writing abilities through diverse writing skills and techniques. Students will be introduced to aspects of expository writing: personalized/ subjective and analytical/persuasive. In the first category, students will write essays expressing their subjective viewpoints. In the second category students will analyze issues objectively', 11, 1)
GO
INSERT [dbo].[Course] ([Id], [CourseCode], [CourseName], [CourseCredit], [CourseDetails], [DepartmentId], [SemesterId]) VALUES (72, N'HUM-103', N'Ethics and Culture', 5, N'This course introduces the students to principles and concepts of ethics and their application to our personal life. It establishes a basic understanding of social responsibility, relationship with social and cultural aspects, and eventually requires each student to develop a framework for making ethical decision in his work. Students learn a systematic approach to moral reasoning. It focuses on problems associated with moral conflicts', 11, 2)
GO
INSERT [dbo].[Course] ([Id], [CourseCode], [CourseName], [CourseCredit], [CourseDetails], [DepartmentId], [SemesterId]) VALUES (73, N'DEV-101', N'Bangladesh Studies', 5, N'Socio-economic profile of Bangladesh, agriculture, industry, service sector, demographic patterns, social aid and physical infrastructures. Social stratification and power, power structures, government and NGO activities in socio-economic development, national issues and policies and changing society of Bangladesh.', 11, 2)
GO
INSERT [dbo].[Course] ([Id], [CourseCode], [CourseName], [CourseCredit], [CourseDetails], [DepartmentId], [SemesterId]) VALUES (74, N'MAT-120', N'Mathematics II', 5, N'Integral Calculus: Definitions of integration. Integration by the method of substitution. Integration by parts. Standard integrals. Integration by method of successive reduction. Definite integrals, its properties and use in summing series. Walli''s formula. Improper integrals. Beta function and Gamma function. Area under a plane curve in Cartesian and polar coordinates. Area of the region enclosed by two curves in Cartesian and polar coordinates. Trapezoidal rule. Simpson''s rule. Arc lengths of curves in Cartesian and polar coordinates, parametric and pedal equations. Intrinsic equations. Volumes of solids of revolution. ', 11, 3)
GO
INSERT [dbo].[Course] ([Id], [CourseCode], [CourseName], [CourseCredit], [CourseDetails], [DepartmentId], [SemesterId]) VALUES (75, N'PHY-112', N'Principles of Physics II', 5, N'Electric charge, Coulombs Law, electric field & flux density, Gausss Law, electric potential, capacitors, steady current, ohms law, Kirchhoffs Laws. Magnetic field, Biot-Savart Law, Amperes Law, electromagnetic induction, Faradays Law, Lenzs Law, self inductance and mutual inductance, alternating current, magnetic properties of matter, diamagnetism, paramagnetism and ferromagnetism. Maxwells equations of electromagnetic waves', 11, 3)
GO
INSERT [dbo].[Course] ([Id], [CourseCode], [CourseName], [CourseCredit], [CourseDetails], [DepartmentId], [SemesterId]) VALUES (76, N'ECE-201', N'Electrical Circuits I', 5, N'Circuit variables and elements: Voltage, current, power, energy, independent and dependent sources, resistance. Basic laws: Ohms law, Kirchhoffs current and voltage laws. Simple resistive circuits: Series and parallel circuits, voltage and current division, Wye-Delta transformation. Techniques of circuit analysis: Nodal and mesh analysis including supe rnode and super mesh. Network theorems: Source transformation', 11, 3)
GO
INSERT [dbo].[Course] ([Id], [CourseCode], [CourseName], [CourseCredit], [CourseDetails], [DepartmentId], [SemesterId]) VALUES (77, N'ECE-202', N'Electrical Circuits I Laboratory', 5, N'In this course, students will perform experiments to verify practically the theories and concepts learned in ECE 201 and will design simple systems. The students will learn the basics of electrical CAD tools in designing these simple systems.', 11, 3)
GO
INSERT [dbo].[Course] ([Id], [CourseCode], [CourseName], [CourseCredit], [CourseDetails], [DepartmentId], [SemesterId]) VALUES (78, N'ECO-105', N'Fundamentals of Economics', 5, N'Fundamental concepts in microeconomics and macroeconomics. Basic elements of consumer choice, demand and supply, product ion and cost , market structure. National income accounting, growth, unemployment and inflation, money and interest rate. Fiscal policy and monetary policy, economic growth and development. comparative advantage, foreign exchange and balance of payments, globalization.', 11, 3)
GO
INSERT [dbo].[Course] ([Id], [CourseCode], [CourseName], [CourseCredit], [CourseDetails], [DepartmentId], [SemesterId]) VALUES (79, N'CSE-162', N'Computer Programming Laboratory', 5, N'n this course, students will perform experiments to verify practically the theories and concepts learned in CSE 161 and will learn program design and coding.', 11, 4)
GO
INSERT [dbo].[Course] ([Id], [CourseCode], [CourseName], [CourseCredit], [CourseDetails], [DepartmentId], [SemesterId]) VALUES (80, N'ECE-204', N'Electrical Circuits II Laboratory', 5, N'In this course, students will perform experiments to verify practically the theories and concepts learned in ECE 203 and will design simple systems. The students will make use of electrical CAD tools in designing these systems.', 11, 4)
GO
INSERT [dbo].[Course] ([Id], [CourseCode], [CourseName], [CourseCredit], [CourseDetails], [DepartmentId], [SemesterId]) VALUES (81, N'ECE-206', N'Electronics Devices and Circuits I Laboratory', 5, N'In this course, students will perform experiments to verify practically the theories and concepts learned in ECE 205 and will design simple systems. The students will learn the basics of electronic CAD tools in designing these simple systems.', 11, 4)
GO
INSERT [dbo].[Course] ([Id], [CourseCode], [CourseName], [CourseCredit], [CourseDetails], [DepartmentId], [SemesterId]) VALUES (82, N'ECE-209', N'Semiconductor Devices and Materials', 5, N'Semiconductors in equilibrium: Energy bands, intrinsic and extrinsic semiconductors, Fermi levels, carrier concentrations, temperature dependence of carrier concentrations and invariance of Fermi level. Carrier transport processes and excess carriers: Drift and diffusion, generation and recombination of excess carriers and quasi-Fermi levels, built-in-field, Einstein relations, continuity and diffusion equations. PN junction at equilibrium: depletion region and depletion width, built-in electric field, contact potential, and the band diagram.', 11, 4)
GO
INSERT [dbo].[Course] ([Id], [CourseCode], [CourseName], [CourseCredit], [CourseDetails], [DepartmentId], [SemesterId]) VALUES (83, N'ENV-103', N'Elements of Environmental Sciences', 5, N'Fundamental concepts and scope of environmental science, Earth''s atmosphere, hydrosphere, lithosphere and biosphere, men and nature, technology and population, ecological concepts and ecosystems, environmental quality and management, agriculture, water resources, fisheries, forestry and wildlife, energy and mineral energy sources; renewable and non renewable resources, environmental degradation; pollution and waste management, environmental impact analysis, remote sensing and environmental monitoring.', 11, 5)
GO
INSERT [dbo].[Course] ([Id], [CourseCode], [CourseName], [CourseCredit], [CourseDetails], [DepartmentId], [SemesterId]) VALUES (84, N'ECE-241', N'Electromagnetic Fields and Waves', 5, N'Electromagnetic waves: Electric field and related theories, Electric potential, Solution of the field equations, Solution for free-space conditions, Solutions of Laplaces equation, Capacitance, Numerical problems, Magnetic field and related theories, Internal and external impedances, Stored energy of electric and magnetic field, Application of electric flux: basic idea about transformer, Maxwells equation and its application, Solution of Maxwells equation, velocities of propagation, Surface impedance and depth of penetration, Characteristic impedance, Polarization, Uniform plane wave propagation and reflection', 11, 5)
GO
INSERT [dbo].[Course] ([Id], [CourseCode], [CourseName], [CourseCredit], [CourseDetails], [DepartmentId], [SemesterId]) VALUES (85, N'MGT-211', N'Principles of Management ', 5, N'Meaning and importance of Management; Evolution of Management thoughts; Managerial decision making; Environmental impact Accounting treatment of price level changes; on management; Corporate social responsibility, Planning; Setting objectives; Implementing plans; Organizing; Organization design, Managing change; Directing; Motivation; Leadership; Managing work groups; Controlling: principles, process and problems and Managers in changing environment.', 11, 6)
GO
INSERT [dbo].[Course] ([Id], [CourseCode], [CourseName], [CourseCredit], [CourseDetails], [DepartmentId], [SemesterId]) VALUES (86, N'STA-201', N'Elements of Statistics and Probability', 5, N'Frequency distribution, mean, median, mode and other measures of central tendency, standard deviation and other measures of dispersion, moments, skewness and kurtosis, elementary probability theory and discontinuous probability distribution, binomial, Poisson and negative binomial distribution, continuous probability distributions, normal and exponential, characteristics of distributions, hypothesis testing and regression analysis, basic concepts and applications of probability theory and statistics, chi-squared test.', 11, 6)
GO
INSERT [dbo].[Course] ([Id], [CourseCode], [CourseName], [CourseCredit], [CourseDetails], [DepartmentId], [SemesterId]) VALUES (87, N'ECE-243', N'Signals and Systems', 5, N'Classification of signals and systems: signals - classification, basic operation on signals, elementary signals, representation of signals using impulse function; systems  classification. Properties of Linear Time Invariant (LTI) systems: linearity, causality, time invariance, memory, stability, invertibility. Time domain analysis of LTI systems: Differential equations - system representation, order of the system, solution techniques, zero state and zero input response, system properties; impulse response - convolution integral, determination of system properties; state variable - basic concept, state equation and time domain solution. Frequency domain analysis of LTI systems: Fourier series- properties, harmonic representation', 11, 6)
GO
INSERT [dbo].[Course] ([Id], [CourseCode], [CourseName], [CourseCredit], [CourseDetails], [DepartmentId], [SemesterId]) VALUES (88, N'CSE 310', N'Object Oriented Programming', 5, N'An introduction to object oriented programming using. Java is the language typically used to illustrate the concepts, but another suitable language may be substituted by the instructor. Topics covered include object instances, classes, inheritance, polymorphism and abstraction mechanism. Problem domain analysis and system design using object oriented approach. Object oriented database and object persistency. Software principles for object oriented approach. Advantages and problems with using object oriented approach to developing systems. The course includes a compulsory 3 hour laboratory work each week.', 10, 3)
GO
INSERT [dbo].[Course] ([Id], [CourseCode], [CourseName], [CourseCredit], [CourseDetails], [DepartmentId], [SemesterId]) VALUES (89, N'CSE-330', N'Numerical Methods ', 5, N'Computer Arithmetic: floating point representation of numbers, arithmetic operations with normalized floating point numbers; Iterative methods: different iterative methods for finding the roots of an equation and their computer implementation; Solution of simultaneous Algebraic Equations, Gauss elimination; Interpolation, Least square approximation of functions, Taylor series representation, Chebyshev series; Numerical differentiation and integration and Numerical Solution of Differential Equations.', 10, 3)
GO
INSERT [dbo].[Course] ([Id], [CourseCode], [CourseName], [CourseCredit], [CourseDetails], [DepartmentId], [SemesterId]) VALUES (90, N'CSE-331', N'Automata and Computability ', 5, N'An introduction to finite representation of infinite objects and basic mathematical models of computation. Finite automata and regular languages, pushdown automata and context free languages. Turing machines. Church''s Thesis. Partial recursive functions. Undecidability. Reducibility and completeness. Halting problem. Time complexity and NP-completeness. Probabilistic computation. Interactive proof systems.', 10, 4)
GO
INSERT [dbo].[Course] ([Id], [CourseCode], [CourseName], [CourseCredit], [CourseDetails], [DepartmentId], [SemesterId]) VALUES (91, N'CSE-340', N'Computer Architecture', 5, N'A systematic study of the various elements in computer design, including circuit design, storage mechanisms, addressing schemes, and various approaches to parallelism and distributed logic. Information representation and transfer; instruction and data access methods; the control unit; hardware and microprogrammed; memory organisation. RISC and CSEC machines.', 10, 4)
GO
INSERT [dbo].[Course] ([Id], [CourseCode], [CourseName], [CourseCredit], [CourseDetails], [DepartmentId], [SemesterId]) VALUES (92, N'CSE-342', N'Computer System Engineering', 5, N'Topics on the engineering of computer software and hardware systems: techniques for controlling complexity; networks and distributed systems; atomicity and coordination of parallel activities; recovery and reliability; privacy of information; impact of computer systems on society. Case studies of working systems and outside reading in the current literature provide comparisons and contrasts.', 10, 5)
GO
INSERT [dbo].[Course] ([Id], [CourseCode], [CourseName], [CourseCredit], [CourseDetails], [DepartmentId], [SemesterId]) VALUES (93, N'CSE-350', N'Digital Electronics and Pulse Techniques', 5, N'Diode logic gates, transistor switches, transistor gates, MOS gates, Logic families: TTL, ECL, IIL and CMOS logic with operation details. Propagation delay, product and noise immunity. Open collector and High impedance gates. Electronic circuits for flip flops, counters and register, memory systems. PLA''s (A/D, D/A converters with applications, S/H circuits) LED, LCD and optically coupled oscillators. Non-linear applications of OPAMPs. Analog switches. Linear wave shaping: diode wave shaping techniques, clipping and clamping circuits, comparator circuits, switching circuits. Pulse transformers, pulse transmission. Pulse generation:monostable', 10, 5)
GO
INSERT [dbo].[Course] ([Id], [CourseCode], [CourseName], [CourseCredit], [CourseDetails], [DepartmentId], [SemesterId]) VALUES (94, N'CSE-360', N'Computer Interfacing', 5, N'Interface components and their characteristics, micro processor I/O. Disk, Drums and Printers. Optical displays and sensors. High power interface devices, transducers, stepper motors and peripheral devices. The course includes a compulsory 3 hour laboratory work alternate week.', 10, 6)
GO
INSERT [dbo].[Course] ([Id], [CourseCode], [CourseName], [CourseCredit], [CourseDetails], [DepartmentId], [SemesterId]) VALUES (95, N'PHY-111', N'Principles of Physics', 5, N'Vectors and scalars, unit vector, scalar and vector products, static equilibrium, Newtons Laws of motion, principles of conservation of linear momentum and energy, friction, elastic and inelastic collisions, projectile motion, uniform circular motion, centripetal force, simple harmonic motion, rotation of rigid bodies, angular momentum, torque, moment of inertia and examples, Newtons Law of gravitation, gravitational field', 17, 9)
GO
INSERT [dbo].[Course] ([Id], [CourseCode], [CourseName], [CourseCredit], [CourseDetails], [DepartmentId], [SemesterId]) VALUES (96, N'EEE-202', N'Electrical Circuits Laboratory', 5, N'In this course, students will perform experiments to verify practically the theories and concepts learned in EEE 201 and will design simple systems. The students will learn the basics of electrical CAD tools in designing these simple systems.', 17, 8)
GO
INSERT [dbo].[Course] ([Id], [CourseCode], [CourseName], [CourseCredit], [CourseDetails], [DepartmentId], [SemesterId]) VALUES (97, N'CSE-103', N'Introduction to Computing', 5, N'Introduction to computers. Introduction to basic word processing and spreadsheet programs. Internet and information access. HTML Basic graphics', 15, 6)
GO
INSERT [dbo].[Course] ([Id], [CourseCode], [CourseName], [CourseCredit], [CourseDetails], [DepartmentId], [SemesterId]) VALUES (98, N'ENG-108', N'English Fundamentals for ArchitectureEnglish ', 5, N'The main objectives of the course include: Developing effective and efficient reading, writing, listening and speaking strategies and techniques, increasing students'' repertoire of vocabulary, reading with speed and understanding, writing standard, well- informed academic essays, enhancing spoken fluency.', 15, 3)
GO
INSERT [dbo].[Course] ([Id], [CourseCode], [CourseName], [CourseCredit], [CourseDetails], [DepartmentId], [SemesterId]) VALUES (99, N'LAW -04', N'Constitutional Law', 5, N'Introduction-Conception and elements of State-Definition, scope and nature of Constitutional Law-contents and classification of Constitutions. General theories of Constitution-classification of Constitutions, Supremacy of the Constitutions. Conventions of the Constitution-Ministerial responsibility-Sovereignty of Parliament-Theory of separation of powers-Rule of Law compared with Administrative judiciary. Fundamental Rights and Principles-Fundamental Principles of State Policy and their purpose. ', 17, 2)
GO
INSERT [dbo].[Course] ([Id], [CourseCode], [CourseName], [CourseCredit], [CourseDetails], [DepartmentId], [SemesterId]) VALUES (100, N'LAW-201', N'Equitable Principles and Specific Relief', 5, N'The course covers the origin and development of equity, equity and its relation to law, equity under Roman legal system, incorporation of Equitable principles in Bangladesh legal system, the general nature of equitable principles and remedies. The maxims of equity, election, satisfaction, redemption, equitable relief in contracts. Recovery of possession of immovable property, suit by person dispossessed', 17, 1)
GO
INSERT [dbo].[Course] ([Id], [CourseCode], [CourseName], [CourseCredit], [CourseDetails], [DepartmentId], [SemesterId]) VALUES (101, N'ENG-092', N'English Fundamentals for Literature', 5, N'Foundation', 9, 4)
GO
INSERT [dbo].[Course] ([Id], [CourseCode], [CourseName], [CourseCredit], [CourseDetails], [DepartmentId], [SemesterId]) VALUES (102, N'ANT-103', N'Biological Anthropology', 5, N'This course aims to introduce the field of Biological Anthropology to undergraduate students. A significant part of the course will focus on the methodology of Biological Anthropology. It will also address the principles of evolution and genetics; population variation among modern human; understanding Homo sapiens as a species belonging to the class mammalian and the similarity between humans and other primate species.', 18, 3)
GO
INSERT [dbo].[Course] ([Id], [CourseCode], [CourseName], [CourseCredit], [CourseDetails], [DepartmentId], [SemesterId]) VALUES (103, N'ANT-202', N'Social Inequality', 5, N'This course examines the different dimensions of social inequality and power. It focuses on income inequality, status inequality, racial, gender and ethnic inequalities and so on both from historical and theoretical perspectives. A wealth of information and empirical evidence are used to explain the different definitions, dimensions and approaches to the study of social inequality and stratification. In addition, it critically looks at different theoretical explanations for causes and persistence of inequality and implications of inequality for society.', 18, 3)
GO
INSERT [dbo].[Course] ([Id], [CourseCode], [CourseName], [CourseCredit], [CourseDetails], [DepartmentId], [SemesterId]) VALUES (104, N'ANT-203', N'Social Theory', 5, N'This course will introduce students with the classical and contemporary theories in the social sciences. It aims to inculcate in the student. A critical understanding of various schools of thought existing in Sociology and Anthropology, along with the different social and political contexts in which different thinkers carved out different ways of studying and thinking about society. The first half of the semester will focus on classical thinkers like Karl Marx', 18, 4)
GO
INSERT [dbo].[Course] ([Id], [CourseCode], [CourseName], [CourseCredit], [CourseDetails], [DepartmentId], [SemesterId]) VALUES (105, N'ARC-293', N'Music Appreciation', 5, N'Musical form. Ingredients of music: sound and time. Indian and Western music: melody and harmony. Foundations of sub-continental music: raga system. Presentation of vocal and instrumental music. Modern Bengali music and works of major composers and demonstrations. Western classical music and works of major composers. Music and its rhythm, composition etc.Musical form. Ingredients of music: sound and time. Indian and Western music: melody and harmony. Foundations of sub-continental music: raga system. Presentation of vocal and instrumental music. Modern Bengali music and works of major composers and demonstrations. Western classical music and works of major composers. Music and its rhythm, composition etc.', 19, 2)
GO
INSERT [dbo].[Course] ([Id], [CourseCode], [CourseName], [CourseCredit], [CourseDetails], [DepartmentId], [SemesterId]) VALUES (106, N'ENG-116', N'Introduction to English Language', 5, N'N/A', 16, 2)
GO
SET IDENTITY_INSERT [dbo].[Course] OFF
GO
SET IDENTITY_INSERT [dbo].[Department] ON 
GO
INSERT [dbo].[Department] ([DepartmentId], [DepartmentName], [DepartmentCode]) VALUES (6, N'Department of Economics and Social Sciences', N'ESS')
GO
INSERT [dbo].[Department] ([DepartmentId], [DepartmentName], [DepartmentCode]) VALUES (7, N'Department of Business Administration', N'BBA')
GO
INSERT [dbo].[Department] ([DepartmentId], [DepartmentName], [DepartmentCode]) VALUES (9, N'Department  of Arts in English ', N'BAE101')
GO
INSERT [dbo].[Department] ([DepartmentId], [DepartmentName], [DepartmentCode]) VALUES (10, N'Department of Science in Computer Science & Engineering ', N'CSE101')
GO
INSERT [dbo].[Department] ([DepartmentId], [DepartmentName], [DepartmentCode]) VALUES (11, N'Deaprtment of Science in Electronic And Communication Engineering', N'SECE101')
GO
INSERT [dbo].[Department] ([DepartmentId], [DepartmentName], [DepartmentCode]) VALUES (15, N'Department Of Fantasy', N'FA101')
GO
INSERT [dbo].[Department] ([DepartmentId], [DepartmentName], [DepartmentCode]) VALUES (16, N'Department of English', N'Eng')
GO
INSERT [dbo].[Department] ([DepartmentId], [DepartmentName], [DepartmentCode]) VALUES (17, N'Department Of Science in Electrical & Electronic Engineering', N'EEE')
GO
INSERT [dbo].[Department] ([DepartmentId], [DepartmentName], [DepartmentCode]) VALUES (18, N' Bachelor of Social Sciences in Anthropology', N'SSA')
GO
INSERT [dbo].[Department] ([DepartmentId], [DepartmentName], [DepartmentCode]) VALUES (19, N'Department  of  Pharmacy ', N'PHR-101')
GO
INSERT [dbo].[Department] ([DepartmentId], [DepartmentName], [DepartmentCode]) VALUES (20, N'Bangla Department', N'BANGLA')
GO
SET IDENTITY_INSERT [dbo].[Department] OFF
GO
SET IDENTITY_INSERT [dbo].[Designation] ON 
GO
INSERT [dbo].[Designation] ([Id], [DesignationName]) VALUES (1, N'Professor')
GO
INSERT [dbo].[Designation] ([Id], [DesignationName]) VALUES (2, N'Associate Professor')
GO
INSERT [dbo].[Designation] ([Id], [DesignationName]) VALUES (3, N'Senior Lecturer')
GO
INSERT [dbo].[Designation] ([Id], [DesignationName]) VALUES (4, N'Lecturer')
GO
SET IDENTITY_INSERT [dbo].[Designation] OFF
GO
SET IDENTITY_INSERT [dbo].[Results] ON 
GO
INSERT [dbo].[Results] ([Id], [DepartmentId], [StudentId], [CourseId], [Grade], [IsResultAvailable]) VALUES (9, 9, 4, 10, N'A-', 0)
GO
INSERT [dbo].[Results] ([Id], [DepartmentId], [StudentId], [CourseId], [Grade], [IsResultAvailable]) VALUES (11, 7, 7, 45, N'A-', 0)
GO
INSERT [dbo].[Results] ([Id], [DepartmentId], [StudentId], [CourseId], [Grade], [IsResultAvailable]) VALUES (12, 9, 4, 12, N'B+', 0)
GO
INSERT [dbo].[Results] ([Id], [DepartmentId], [StudentId], [CourseId], [Grade], [IsResultAvailable]) VALUES (13, 9, 4, 10, N'A', 0)
GO
INSERT [dbo].[Results] ([Id], [DepartmentId], [StudentId], [CourseId], [Grade], [IsResultAvailable]) VALUES (14, 9, 4, 10, N'B+', 0)
GO
INSERT [dbo].[Results] ([Id], [DepartmentId], [StudentId], [CourseId], [Grade], [IsResultAvailable]) VALUES (15, 9, 4, 10, N'B+', 0)
GO
INSERT [dbo].[Results] ([Id], [DepartmentId], [StudentId], [CourseId], [Grade], [IsResultAvailable]) VALUES (16, 9, 4, 12, N'A-', 0)
GO
INSERT [dbo].[Results] ([Id], [DepartmentId], [StudentId], [CourseId], [Grade], [IsResultAvailable]) VALUES (17, 9, 4, 10, N'B+', 0)
GO
INSERT [dbo].[Results] ([Id], [DepartmentId], [StudentId], [CourseId], [Grade], [IsResultAvailable]) VALUES (18, 6, 85, 41, N'B+', 0)
GO
INSERT [dbo].[Results] ([Id], [DepartmentId], [StudentId], [CourseId], [Grade], [IsResultAvailable]) VALUES (19, 7, 93, 5, N'A', 0)
GO
INSERT [dbo].[Results] ([Id], [DepartmentId], [StudentId], [CourseId], [Grade], [IsResultAvailable]) VALUES (20, 7, 93, 8, N'A+', 0)
GO
INSERT [dbo].[Results] ([Id], [DepartmentId], [StudentId], [CourseId], [Grade], [IsResultAvailable]) VALUES (21, 7, 93, 9, N'B+', 0)
GO
INSERT [dbo].[Results] ([Id], [DepartmentId], [StudentId], [CourseId], [Grade], [IsResultAvailable]) VALUES (22, 7, 97, 5, N'B+', 0)
GO
INSERT [dbo].[Results] ([Id], [DepartmentId], [StudentId], [CourseId], [Grade], [IsResultAvailable]) VALUES (23, 15, 96, 97, N'A-', 0)
GO
INSERT [dbo].[Results] ([Id], [DepartmentId], [StudentId], [CourseId], [Grade], [IsResultAvailable]) VALUES (24, 7, 93, 5, N'A', 0)
GO
INSERT [dbo].[Results] ([Id], [DepartmentId], [StudentId], [CourseId], [Grade], [IsResultAvailable]) VALUES (25, 7, 93, 8, N'A', 0)
GO
INSERT [dbo].[Results] ([Id], [DepartmentId], [StudentId], [CourseId], [Grade], [IsResultAvailable]) VALUES (26, 7, 93, 9, N'A+', 0)
GO
INSERT [dbo].[Results] ([Id], [DepartmentId], [StudentId], [CourseId], [Grade], [IsResultAvailable]) VALUES (27, 7, 97, 8, N'A', 0)
GO
INSERT [dbo].[Results] ([Id], [DepartmentId], [StudentId], [CourseId], [Grade], [IsResultAvailable]) VALUES (28, 15, 96, 98, N'A-', 0)
GO
INSERT [dbo].[Results] ([Id], [DepartmentId], [StudentId], [CourseId], [Grade], [IsResultAvailable]) VALUES (29, 10, 95, 62, N'A', 0)
GO
INSERT [dbo].[Results] ([Id], [DepartmentId], [StudentId], [CourseId], [Grade], [IsResultAvailable]) VALUES (30, 7, 97, 8, N'A', 1)
GO
INSERT [dbo].[Results] ([Id], [DepartmentId], [StudentId], [CourseId], [Grade], [IsResultAvailable]) VALUES (31, 7, 97, 5, N'A', 1)
GO
INSERT [dbo].[Results] ([Id], [DepartmentId], [StudentId], [CourseId], [Grade], [IsResultAvailable]) VALUES (32, 15, 96, 98, N'A+', 1)
GO
INSERT [dbo].[Results] ([Id], [DepartmentId], [StudentId], [CourseId], [Grade], [IsResultAvailable]) VALUES (33, 15, 96, 97, N'A+', 1)
GO
INSERT [dbo].[Results] ([Id], [DepartmentId], [StudentId], [CourseId], [Grade], [IsResultAvailable]) VALUES (34, 6, 102, 4, N'A', 1)
GO
SET IDENTITY_INSERT [dbo].[Results] OFF
GO
SET IDENTITY_INSERT [dbo].[Rooms] ON 
GO
INSERT [dbo].[Rooms] ([RoomId], [RoomNo]) VALUES (1, N'Room-101')
GO
INSERT [dbo].[Rooms] ([RoomId], [RoomNo]) VALUES (2, N'Room-102')
GO
INSERT [dbo].[Rooms] ([RoomId], [RoomNo]) VALUES (3, N'Room-103')
GO
INSERT [dbo].[Rooms] ([RoomId], [RoomNo]) VALUES (4, N'Room-104')
GO
INSERT [dbo].[Rooms] ([RoomId], [RoomNo]) VALUES (5, N'Room-105')
GO
INSERT [dbo].[Rooms] ([RoomId], [RoomNo]) VALUES (6, N'Room-201')
GO
INSERT [dbo].[Rooms] ([RoomId], [RoomNo]) VALUES (7, N'Room-202')
GO
INSERT [dbo].[Rooms] ([RoomId], [RoomNo]) VALUES (8, N'Room-203')
GO
INSERT [dbo].[Rooms] ([RoomId], [RoomNo]) VALUES (9, N'Room-204')
GO
INSERT [dbo].[Rooms] ([RoomId], [RoomNo]) VALUES (10, N'Room-205')
GO
INSERT [dbo].[Rooms] ([RoomId], [RoomNo]) VALUES (11, N'Room-301')
GO
INSERT [dbo].[Rooms] ([RoomId], [RoomNo]) VALUES (12, N'Room-302')
GO
INSERT [dbo].[Rooms] ([RoomId], [RoomNo]) VALUES (13, N'Room-303')
GO
INSERT [dbo].[Rooms] ([RoomId], [RoomNo]) VALUES (14, N'Room-304')
GO
INSERT [dbo].[Rooms] ([RoomId], [RoomNo]) VALUES (15, N'Room-305')
GO
SET IDENTITY_INSERT [dbo].[Rooms] OFF
GO
SET IDENTITY_INSERT [dbo].[Semester] ON 
GO
INSERT [dbo].[Semester] ([SemesterId], [SemesterName]) VALUES (5, N'Semester Five')
GO
INSERT [dbo].[Semester] ([SemesterId], [SemesterName]) VALUES (4, N'Semester Four')
GO
INSERT [dbo].[Semester] ([SemesterId], [SemesterName]) VALUES (6, N'Semester Six')
GO
INSERT [dbo].[Semester] ([SemesterId], [SemesterName]) VALUES (9, N'Semister Eight')
GO
INSERT [dbo].[Semester] ([SemesterId], [SemesterName]) VALUES (1, N'Semister One')
GO
INSERT [dbo].[Semester] ([SemesterId], [SemesterName]) VALUES (8, N'Semister Seven')
GO
INSERT [dbo].[Semester] ([SemesterId], [SemesterName]) VALUES (3, N'Semister Three')
GO
INSERT [dbo].[Semester] ([SemesterId], [SemesterName]) VALUES (2, N'Semister Two')
GO
SET IDENTITY_INSERT [dbo].[Semester] OFF
GO
SET IDENTITY_INSERT [dbo].[Student] ON 
GO
INSERT [dbo].[Student] ([Id], [StudentName], [Email], [ContactNo], [Date], [Address], [DepartmentId], [RegistrationNumber]) VALUES (4, N'Robin', N'amir@g.com', N'0145665444', CAST(N'2019-03-12' AS Date), N'Mirpur', 9, N'BAE101-2019-004')
GO
INSERT [dbo].[Student] ([Id], [StudentName], [Email], [ContactNo], [Date], [Address], [DepartmentId], [RegistrationNumber]) VALUES (7, N'Avi Saha ', N'avi2@g.com', N'014325566', CAST(N'2019-03-12' AS Date), N'Nkunjo', 7, N'BBA-2019-007')
GO
INSERT [dbo].[Student] ([Id], [StudentName], [Email], [ContactNo], [Date], [Address], [DepartmentId], [RegistrationNumber]) VALUES (8, N'Zebin', N'z@gm.con', N'014511224', CAST(N'2019-03-12' AS Date), N'Adabor', 9, N'BAE101-2019-008')
GO
INSERT [dbo].[Student] ([Id], [StudentName], [Email], [ContactNo], [Date], [Address], [DepartmentId], [RegistrationNumber]) VALUES (9, N'Sourab Dahal', N'sa@g.com', N'014259865', CAST(N'2019-01-12' AS Date), N'Dhanmondi', 7, N'BBA-2019-009')
GO
INSERT [dbo].[Student] ([Id], [StudentName], [Email], [ContactNo], [Date], [Address], [DepartmentId], [RegistrationNumber]) VALUES (10, N'Abir', N'a@g.com', N'0145225899', CAST(N'2019-03-12' AS Date), N'Farmgate', 7, N'BBA-2019-010')
GO
INSERT [dbo].[Student] ([Id], [StudentName], [Email], [ContactNo], [Date], [Address], [DepartmentId], [RegistrationNumber]) VALUES (11, N'Mushfiq', N'mus@g.com', N'0154394455', CAST(N'2019-05-03' AS Date), N'Nilkhet', 9, N'BAE101-2019-011')
GO
INSERT [dbo].[Student] ([Id], [StudentName], [Email], [ContactNo], [Date], [Address], [DepartmentId], [RegistrationNumber]) VALUES (12, N'Sakib', N'sag@g.com', N'016422589', CAST(N'2019-03-12' AS Date), N'Shyamoli', 9, N'BAE101-2019-012')
GO
INSERT [dbo].[Student] ([Id], [StudentName], [Email], [ContactNo], [Date], [Address], [DepartmentId], [RegistrationNumber]) VALUES (13, N'Zoynal', N'aag@g.com', N'01625899', CAST(N'2019-03-12' AS Date), N'Dhanmondi', 7, N'BBA-2019-013')
GO
INSERT [dbo].[Student] ([Id], [StudentName], [Email], [ContactNo], [Date], [Address], [DepartmentId], [RegistrationNumber]) VALUES (14, N'Shibli', N'shi@g.com', N'012589655', CAST(N'2019-03-12' AS Date), N'Senanibash', 7, N'BBA-2019-014')
GO
INSERT [dbo].[Student] ([Id], [StudentName], [Email], [ContactNo], [Date], [Address], [DepartmentId], [RegistrationNumber]) VALUES (15, N'Shibli', N'ag@gma.com', N'6565654465', CAST(N'2019-03-12' AS Date), N'Mirpuer', 9, N'BAE101-2019-015')
GO
INSERT [dbo].[Student] ([Id], [StudentName], [Email], [ContactNo], [Date], [Address], [DepartmentId], [RegistrationNumber]) VALUES (16, N'Asad', N'ada@g.com', N'0145224', CAST(N'2019-02-12' AS Date), N'Sylhet', 9, N'BAE101-2019-016')
GO
INSERT [dbo].[Student] ([Id], [StudentName], [Email], [ContactNo], [Date], [Address], [DepartmentId], [RegistrationNumber]) VALUES (17, N'Babu', N'ba@g.aco', N'0145221', CAST(N'2019-03-12' AS Date), N'Nilkhet', 9, N'BAE101-2019-017')
GO
INSERT [dbo].[Student] ([Id], [StudentName], [Email], [ContactNo], [Date], [Address], [DepartmentId], [RegistrationNumber]) VALUES (18, N'Anamika', N'ana@gm.com', N'01258955', CAST(N'2019-02-12' AS Date), N'Nilkhet', 15, N'FA101-2019-018')
GO
INSERT [dbo].[Student] ([Id], [StudentName], [Email], [ContactNo], [Date], [Address], [DepartmentId], [RegistrationNumber]) VALUES (19, N'Robin', N'mus@g.co', N'2145655', CAST(N'2019-02-12' AS Date), N'Nikonju', 15, N'FA101-2019-019')
GO
INSERT [dbo].[Student] ([Id], [StudentName], [Email], [ContactNo], [Date], [Address], [DepartmentId], [RegistrationNumber]) VALUES (20, N'Adnan', N'rob@g.com', N'0258989', CAST(N'2019-09-12' AS Date), N'Nikonju', 10, N'CSE101-2019-020')
GO
INSERT [dbo].[Student] ([Id], [StudentName], [Email], [ContactNo], [Date], [Address], [DepartmentId], [RegistrationNumber]) VALUES (21, N'Asfaq', N'ash@g.com', N'01258965', CAST(N'2019-06-12' AS Date), N'Moholla', 7, N'BBA-2019-021')
GO
INSERT [dbo].[Student] ([Id], [StudentName], [Email], [ContactNo], [Date], [Address], [DepartmentId], [RegistrationNumber]) VALUES (22, N'Tamim', N'tam@g.com', N'012598856', CAST(N'2012-05-04' AS Date), N'Noakhali', 9, N'BAE101-2012-022')
GO
INSERT [dbo].[Student] ([Id], [StudentName], [Email], [ContactNo], [Date], [Address], [DepartmentId], [RegistrationNumber]) VALUES (23, N'Kalam', N'kal@gma.com', N'012545658', CAST(N'2019-04-12' AS Date), N'Nilkhet', 11, N'SECE101-2019-023')
GO
INSERT [dbo].[Student] ([Id], [StudentName], [Email], [ContactNo], [Date], [Address], [DepartmentId], [RegistrationNumber]) VALUES (24, N'Zahirul', N'zah@gmc.com', N'adf', CAST(N'2019-02-12' AS Date), N'Monipur', 7, N'BBA-2019-024')
GO
INSERT [dbo].[Student] ([Id], [StudentName], [Email], [ContactNo], [Date], [Address], [DepartmentId], [RegistrationNumber]) VALUES (25, N'Mahmudalluh', N'mah@gm.com', N'01258965', CAST(N'2019-03-12' AS Date), N'Nilkhet', 9, N'BAE101-2019-025')
GO
INSERT [dbo].[Student] ([Id], [StudentName], [Email], [ContactNo], [Date], [Address], [DepartmentId], [RegistrationNumber]) VALUES (26, N'Zuyel', N'zu@gm.com', N'0125789', CAST(N'2019-03-12' AS Date), N'Mirpur', 10, N'CSE101-2019-026')
GO
INSERT [dbo].[Student] ([Id], [StudentName], [Email], [ContactNo], [Date], [Address], [DepartmentId], [RegistrationNumber]) VALUES (27, N'Ahmed', N'ah@gma.com', N'012856955', CAST(N'2019-04-12' AS Date), N'Nkunjo', 11, N'SECE101-2019-027')
GO
INSERT [dbo].[Student] ([Id], [StudentName], [Email], [ContactNo], [Date], [Address], [DepartmentId], [RegistrationNumber]) VALUES (28, N'Abullah', N'abdu@gma.com', N'01558965552', CAST(N'2019-02-12' AS Date), N'Asadgate', 7, N'BBA-2019-028')
GO
INSERT [dbo].[Student] ([Id], [StudentName], [Email], [ContactNo], [Date], [Address], [DepartmentId], [RegistrationNumber]) VALUES (29, N'Asadullah', N'asad@gmao.com', N'012588663', CAST(N'2019-08-12' AS Date), N'Moholla', 11, N'SECE101-2019-029')
GO
INSERT [dbo].[Student] ([Id], [StudentName], [Email], [ContactNo], [Date], [Address], [DepartmentId], [RegistrationNumber]) VALUES (30, N'Arman', N'arma@gmaocm.com', N'0125896', CAST(N'2019-03-12' AS Date), N'Mirpur', 7, N'BBA-2019-030')
GO
INSERT [dbo].[Student] ([Id], [StudentName], [Email], [ContactNo], [Date], [Address], [DepartmentId], [RegistrationNumber]) VALUES (31, N'Rafiq', N'ra@gm.com', N'0125896', CAST(N'2019-04-12' AS Date), N'Mirpur', 7, N'BBA-2019-031')
GO
INSERT [dbo].[Student] ([Id], [StudentName], [Email], [ContactNo], [Date], [Address], [DepartmentId], [RegistrationNumber]) VALUES (32, N'Hamid', N'hamid@gma.com', N'011558', CAST(N'2019-02-12' AS Date), N'Nilkhet', 7, N'BBA-2019-032')
GO
INSERT [dbo].[Student] ([Id], [StudentName], [Email], [ContactNo], [Date], [Address], [DepartmentId], [RegistrationNumber]) VALUES (33, N'adfasdf', N'dsfasfd@f.co', N'154546565', CAST(N'2019-04-12' AS Date), N'Mirpur', 6, N'ESS-2019-033')
GO
INSERT [dbo].[Student] ([Id], [StudentName], [Email], [ContactNo], [Date], [Address], [DepartmentId], [RegistrationNumber]) VALUES (34, N'Mim', N'mim@gma.omc', N'0158895', CAST(N'2019-04-12' AS Date), N'Mirpuer', 7, N'BBA-2019-034')
GO
INSERT [dbo].[Student] ([Id], [StudentName], [Email], [ContactNo], [Date], [Address], [DepartmentId], [RegistrationNumber]) VALUES (35, N'Niyas', N'niy@gm.com', N'0125668888', CAST(N'2019-02-12' AS Date), N'Mirpur', 7, N'BBA-2019-035')
GO
INSERT [dbo].[Student] ([Id], [StudentName], [Email], [ContactNo], [Date], [Address], [DepartmentId], [RegistrationNumber]) VALUES (36, N'fsdfdasf', N'za@gm.com', N'01643377329', CAST(N'2019-03-12' AS Date), N'Mirpur', 9, N'BAE101-2019-036')
GO
INSERT [dbo].[Student] ([Id], [StudentName], [Email], [ContactNo], [Date], [Address], [DepartmentId], [RegistrationNumber]) VALUES (37, N'asdfasdf', N'ag@gma.co', N'6565654465', CAST(N'2019-03-12' AS Date), N'Mirpur', 9, N'BAE101-2019-037')
GO
INSERT [dbo].[Student] ([Id], [StudentName], [Email], [ContactNo], [Date], [Address], [DepartmentId], [RegistrationNumber]) VALUES (38, N'Zebin', N'za@gm.cong', N'01643377329', CAST(N'2019-11-12' AS Date), N'Nilkhet', 7, N'BBA-2019-038')
GO
INSERT [dbo].[Student] ([Id], [StudentName], [Email], [ContactNo], [Date], [Address], [DepartmentId], [RegistrationNumber]) VALUES (39, N'sfdasfasdf', N'ag@gma.cohh', N'sdfsfasdf', CAST(N'2019-03-12' AS Date), N'Mirpuer', 10, N'CSE101-2019-039')
GO
INSERT [dbo].[Student] ([Id], [StudentName], [Email], [ContactNo], [Date], [Address], [DepartmentId], [RegistrationNumber]) VALUES (40, N'Zebin', N'ag@gdma.co', N'6565654465', CAST(N'2019-03-12' AS Date), N'Mirpuer', 10, N'CSE101-2019-040')
GO
INSERT [dbo].[Student] ([Id], [StudentName], [Email], [ContactNo], [Date], [Address], [DepartmentId], [RegistrationNumber]) VALUES (41, N'fdsfgaf', N'ag@gdma.com', N'sdfsfasdf', CAST(N'2019-03-12' AS Date), N'Nilkhet', 9, N'BAE101-2019-041')
GO
INSERT [dbo].[Student] ([Id], [StudentName], [Email], [ContactNo], [Date], [Address], [DepartmentId], [RegistrationNumber]) VALUES (42, N'fsdfdasf', N'za@gmdd.con', N'sdfsfasdf', CAST(N'2019-02-12' AS Date), N'Mirpuer', 7, N'BBA-2019-042')
GO
INSERT [dbo].[Student] ([Id], [StudentName], [Email], [ContactNo], [Date], [Address], [DepartmentId], [RegistrationNumber]) VALUES (43, N'faf', N'zaddd@gm.con', N'sdfsfasdf', CAST(N'2019-02-12' AS Date), N'Nilkhet', 9, N'BAE101-2019-043')
GO
INSERT [dbo].[Student] ([Id], [StudentName], [Email], [ContactNo], [Date], [Address], [DepartmentId], [RegistrationNumber]) VALUES (44, N'fsdfdasf', N'agdfd@gma.com', N'6565654465', CAST(N'2019-09-12' AS Date), N'Nilkhet', 10, N'CSE101-2019-044')
GO
INSERT [dbo].[Student] ([Id], [StudentName], [Email], [ContactNo], [Date], [Address], [DepartmentId], [RegistrationNumber]) VALUES (45, N'fesfasdfads', N'fdza@gm.con', N'sdfsfasdf', CAST(N'2019-03-12' AS Date), N'Nilkhet', 9, N'BAE101-2019-045')
GO
INSERT [dbo].[Student] ([Id], [StudentName], [Email], [ContactNo], [Date], [Address], [DepartmentId], [RegistrationNumber]) VALUES (46, N'fasfasd', N'asdfasdf@g.com', N'546456', CAST(N'2019-03-12' AS Date), N'Nilkhet', 9, N'BAE101-2019-046')
GO
INSERT [dbo].[Student] ([Id], [StudentName], [Email], [ContactNo], [Date], [Address], [DepartmentId], [RegistrationNumber]) VALUES (47, N'fasdfsd', N'afd@g.com', N'fasdfsdaf', CAST(N'2019-02-12' AS Date), N'Mirpuer', 9, N'BAE101-2019-047')
GO
INSERT [dbo].[Student] ([Id], [StudentName], [Email], [ContactNo], [Date], [Address], [DepartmentId], [RegistrationNumber]) VALUES (48, N'Basar', N'ami@gm.com', N'asdfasfd', CAST(N'2019-03-12' AS Date), N'Mirpuer', 9, N'BAE101-2019-048')
GO
INSERT [dbo].[Student] ([Id], [StudentName], [Email], [ContactNo], [Date], [Address], [DepartmentId], [RegistrationNumber]) VALUES (49, N'Milon', N'min@gma.com', N'asdfasdf', CAST(N'2019-09-12' AS Date), N'Nilkhet', 9, N'BAE101-2019-049')
GO
INSERT [dbo].[Student] ([Id], [StudentName], [Email], [ContactNo], [Date], [Address], [DepartmentId], [RegistrationNumber]) VALUES (50, N'Ku dsfa', N'adsfa@gm.co', N'01643377329', CAST(N'2019-03-12' AS Date), N'Mirpur', 9, N'BAE101-2019-050')
GO
INSERT [dbo].[Student] ([Id], [StudentName], [Email], [ContactNo], [Date], [Address], [DepartmentId], [RegistrationNumber]) VALUES (51, N'fsdfdasf', N'zdfa@gm.con', N'01643377329', CAST(N'2019-02-12' AS Date), N'Mirpur', 10, N'CSE101-2019-051')
GO
INSERT [dbo].[Student] ([Id], [StudentName], [Email], [ContactNo], [Date], [Address], [DepartmentId], [RegistrationNumber]) VALUES (52, N'fsdfdasf', N'agdfasd@gma.com', N'sdfsfasdf', CAST(N'2019-02-12' AS Date), N'Nilkhet', 9, N'BAE101-2019-052')
GO
INSERT [dbo].[Student] ([Id], [StudentName], [Email], [ContactNo], [Date], [Address], [DepartmentId], [RegistrationNumber]) VALUES (53, N'janina', N'jani@gma.co', N'346464654', CAST(N'2019-02-12' AS Date), N'Mirpur', 11, N'SECE101-2019-053')
GO
INSERT [dbo].[Student] ([Id], [StudentName], [Email], [ContactNo], [Date], [Address], [DepartmentId], [RegistrationNumber]) VALUES (54, N'Nafis Kamal', N'nafsa@gm.com', N'0125896544', CAST(N'2019-02-12' AS Date), N'Mohammad Pur', 7, N'BBA-2019-054')
GO
INSERT [dbo].[Student] ([Id], [StudentName], [Email], [ContactNo], [Date], [Address], [DepartmentId], [RegistrationNumber]) VALUES (55, N'Shourab Khan', N'sagg@g.com', N'6565654465', CAST(N'2019-10-12' AS Date), N'Nilkhet', 10, N'CSE101-2019-055')
GO
INSERT [dbo].[Student] ([Id], [StudentName], [Email], [ContactNo], [Date], [Address], [DepartmentId], [RegistrationNumber]) VALUES (56, N'Khan Ataur', N'khja@g.ocm', N'0125896532', CAST(N'2019-05-12' AS Date), N'Mirpur', 10, N'CSE101-2019-056')
GO
INSERT [dbo].[Student] ([Id], [StudentName], [Email], [ContactNo], [Date], [Address], [DepartmentId], [RegistrationNumber]) VALUES (57, N'Moshiur Khan', N'mosh@gm.ocm', N'01643377329', CAST(N'2019-08-12' AS Date), N'Mirpuer', 10, N'CSE101-2019-057')
GO
INSERT [dbo].[Student] ([Id], [StudentName], [Email], [ContactNo], [Date], [Address], [DepartmentId], [RegistrationNumber]) VALUES (58, N'Shamsunnur', N'shamsu@gm.com', N'0125469855', CAST(N'2019-06-12' AS Date), N'Adabor', 11, N'SECE101-2019-058')
GO
INSERT [dbo].[Student] ([Id], [StudentName], [Email], [ContactNo], [Date], [Address], [DepartmentId], [RegistrationNumber]) VALUES (61, N'Nazma', N'nazzr@gm.com', N'0125544555', CAST(N'2019-09-12' AS Date), N'Nilkhet', 9, N'BAE101-2019-061')
GO
INSERT [dbo].[Student] ([Id], [StudentName], [Email], [ContactNo], [Date], [Address], [DepartmentId], [RegistrationNumber]) VALUES (62, N'Hamid', N'hamid@gm.com', N'01245896532', CAST(N'2019-01-12' AS Date), N'Mirpuer', 10, N'CSE101-2019-062')
GO
INSERT [dbo].[Student] ([Id], [StudentName], [Email], [ContactNo], [Date], [Address], [DepartmentId], [RegistrationNumber]) VALUES (63, N'Shamol', N'sham@gm.com', N'01254589665', CAST(N'2019-09-12' AS Date), N'Mirpur', 16, N'Eng-2019-063')
GO
INSERT [dbo].[Student] ([Id], [StudentName], [Email], [ContactNo], [Date], [Address], [DepartmentId], [RegistrationNumber]) VALUES (64, N'Shamsunnahar', N'shaem@gm.com', N'012548665', CAST(N'2019-09-12' AS Date), N'Mirpur', 9, N'BAE101-2019-064')
GO
INSERT [dbo].[Student] ([Id], [StudentName], [Email], [ContactNo], [Date], [Address], [DepartmentId], [RegistrationNumber]) VALUES (65, N'Khairul', N'kha@gm.com', N'01258965489', CAST(N'2019-12-09' AS Date), N'Adabor', 9, N'BAE101-2019-065')
GO
INSERT [dbo].[Student] ([Id], [StudentName], [Email], [ContactNo], [Date], [Address], [DepartmentId], [RegistrationNumber]) VALUES (66, N'Zahirul Islam', N'zah@gm.com', N'0125895546', CAST(N'2019-12-03' AS Date), N'Mirpuer', 9, N'BAE101-2019-066')
GO
INSERT [dbo].[Student] ([Id], [StudentName], [Email], [ContactNo], [Date], [Address], [DepartmentId], [RegistrationNumber]) VALUES (67, N'Masud Parvez', N'mas@gm.com', N'01258954455', CAST(N'2019-12-04' AS Date), N'Adabor', 9, N'BAE101-2019-067')
GO
INSERT [dbo].[Student] ([Id], [StudentName], [Email], [ContactNo], [Date], [Address], [DepartmentId], [RegistrationNumber]) VALUES (68, N'NIhar Khan', N'nih@gm.com', N'01258589655', CAST(N'2019-12-10' AS Date), N'Nilkhet', 9, N'BAE101-2019-068')
GO
INSERT [dbo].[Student] ([Id], [StudentName], [Email], [ContactNo], [Date], [Address], [DepartmentId], [RegistrationNumber]) VALUES (69, N'Kamal ', N'kam@gm.com', N'021112221', CAST(N'2019-12-11' AS Date), N'Mirpur', 7, N'BBA-2019-069')
GO
INSERT [dbo].[Student] ([Id], [StudentName], [Email], [ContactNo], [Date], [Address], [DepartmentId], [RegistrationNumber]) VALUES (70, N'Masudur Rahman', N'masd@gm.com', N'012589655', CAST(N'2019-12-10' AS Date), N'Nilkhet', 15, N'FA101-2019-070')
GO
INSERT [dbo].[Student] ([Id], [StudentName], [Email], [ContactNo], [Date], [Address], [DepartmentId], [RegistrationNumber]) VALUES (71, N'Ahmed Shah Abdali', N'ahm@g.com', N'012589655', CAST(N'2019-12-04' AS Date), N'Mirpuer', 9, N'BAE101-2019-071')
GO
INSERT [dbo].[Student] ([Id], [StudentName], [Email], [ContactNo], [Date], [Address], [DepartmentId], [RegistrationNumber]) VALUES (72, N'Kutubuddin', N'khutb@g.com', N'0125896566', CAST(N'2019-12-10' AS Date), N'Nilkhet', 11, N'SECE101-2019-072')
GO
INSERT [dbo].[Student] ([Id], [StudentName], [Email], [ContactNo], [Date], [Address], [DepartmentId], [RegistrationNumber]) VALUES (73, N'Jafarullah Sarafat', N'jafar@gm.com', N'01258965632', CAST(N'2019-12-08' AS Date), N'Mirpur', 10, N'CSE101-2019-073')
GO
INSERT [dbo].[Student] ([Id], [StudentName], [Email], [ContactNo], [Date], [Address], [DepartmentId], [RegistrationNumber]) VALUES (74, N'Shamsunnahar', N'shamsul@gm.com', N'01259655332', CAST(N'2019-12-10' AS Date), N'Mirpur', 16, N'Eng-2019-074')
GO
INSERT [dbo].[Student] ([Id], [StudentName], [Email], [ContactNo], [Date], [Address], [DepartmentId], [RegistrationNumber]) VALUES (75, N'Kabir Singh', N'kab@gm.com', N'01258965322', CAST(N'2019-12-08' AS Date), N'Adabor', 16, N'Eng-2019-075')
GO
INSERT [dbo].[Student] ([Id], [StudentName], [Email], [ContactNo], [Date], [Address], [DepartmentId], [RegistrationNumber]) VALUES (76, N'Zubair AR', N'zub@g.com', N'012589655', CAST(N'2019-12-10' AS Date), N'Adabor', 10, N'CSE101-2019-076')
GO
INSERT [dbo].[Student] ([Id], [StudentName], [Email], [ContactNo], [Date], [Address], [DepartmentId], [RegistrationNumber]) VALUES (77, N'Zubair Islam', N'zuba@g.com', N'012589655', CAST(N'2019-12-10' AS Date), N'Adabor', 10, N'CSE101-2019-077')
GO
INSERT [dbo].[Student] ([Id], [StudentName], [Email], [ContactNo], [Date], [Address], [DepartmentId], [RegistrationNumber]) VALUES (78, N'Md. Abid Anwar', N'abid@gmail.com', N'01643377329', CAST(N'2019-12-03' AS Date), N'Mirpur', 7, N'BBA-2019-078')
GO
INSERT [dbo].[Student] ([Id], [StudentName], [Email], [ContactNo], [Date], [Address], [DepartmentId], [RegistrationNumber]) VALUES (79, N'Atiur Rahman', N'atir@gm.com', N'01568965562', CAST(N'2019-12-11' AS Date), N'Mohammadpur', 10, N'CSE101-2019-079')
GO
INSERT [dbo].[Student] ([Id], [StudentName], [Email], [ContactNo], [Date], [Address], [DepartmentId], [RegistrationNumber]) VALUES (80, N'Tabassum Khan', N'tabu@gmail.com', N'0125896556', CAST(N'2019-12-11' AS Date), N'Monipur', 6, N'ESS-2019-080')
GO
INSERT [dbo].[Student] ([Id], [StudentName], [Email], [ContactNo], [Date], [Address], [DepartmentId], [RegistrationNumber]) VALUES (81, N'Sayman Rahman', N'sayman@yahoo.com', N'0125896556', CAST(N'2019-12-10' AS Date), N'Ahmednogor', 7, N'BBA-2019-081')
GO
INSERT [dbo].[Student] ([Id], [StudentName], [Email], [ContactNo], [Date], [Address], [DepartmentId], [RegistrationNumber]) VALUES (82, N'Mizanur Rahman', N'mizan@gmail.com', N'0125896532', CAST(N'2019-12-11' AS Date), N'Rampura', 7, N'BBA-2019-082')
GO
INSERT [dbo].[Student] ([Id], [StudentName], [Email], [ContactNo], [Date], [Address], [DepartmentId], [RegistrationNumber]) VALUES (83, N'Mina Chakroborty', N'mina@gmail.com', N'0125896569', CAST(N'2019-12-03' AS Date), N'Monipur', 7, N'BBA-2019-083')
GO
INSERT [dbo].[Student] ([Id], [StudentName], [Email], [ContactNo], [Date], [Address], [DepartmentId], [RegistrationNumber]) VALUES (84, N'Ahmed Baby', N'adf@gmail.com', N'01643377329', CAST(N'2019-12-03' AS Date), N'Mirpur', 6, N'ESS-2019-084')
GO
INSERT [dbo].[Student] ([Id], [StudentName], [Email], [ContactNo], [Date], [Address], [DepartmentId], [RegistrationNumber]) VALUES (85, N'Mashiur Rahman', N'mushi@gmail.com', N'01258632568', CAST(N'2019-12-13' AS Date), N'Mohammadpur', 6, N'ESS-2019-085')
GO
INSERT [dbo].[Student] ([Id], [StudentName], [Email], [ContactNo], [Date], [Address], [DepartmentId], [RegistrationNumber]) VALUES (86, N'Zubair Ar', N'zub@gmail.com', N'01643259986', CAST(N'2019-12-11' AS Date), N'Mirpur', 15, N'FA101-2019-086')
GO
INSERT [dbo].[Student] ([Id], [StudentName], [Email], [ContactNo], [Date], [Address], [DepartmentId], [RegistrationNumber]) VALUES (87, N'Niyas Kamal', N'niyas123@gmail.com', N'01642589655', CAST(N'2019-12-10' AS Date), N'Monipur', 7, N'BBA-2019-087')
GO
INSERT [dbo].[Student] ([Id], [StudentName], [Email], [ContactNo], [Date], [Address], [DepartmentId], [RegistrationNumber]) VALUES (88, N'Ahmed Mostofa', N'ahm@gmail.com', N'01258965325', CAST(N'2019-12-06' AS Date), N'Sonapur', 6, N'ESS-2019-088')
GO
INSERT [dbo].[Student] ([Id], [StudentName], [Email], [ContactNo], [Date], [Address], [DepartmentId], [RegistrationNumber]) VALUES (89, N'Maksudur Rahman', N'maksud@gmail.com', N'01256328965', CAST(N'2019-12-04' AS Date), N'Mohammadpur', 7, N'BBA-2019-089')
GO
INSERT [dbo].[Student] ([Id], [StudentName], [Email], [ContactNo], [Date], [Address], [DepartmentId], [RegistrationNumber]) VALUES (90, N'Mostofa Kamal', N'mostofa@gmail.com', N'01325695565', CAST(N'2019-12-10' AS Date), N'Mohammadpur', 10, N'CSE101-2019-090')
GO
INSERT [dbo].[Student] ([Id], [StudentName], [Email], [ContactNo], [Date], [Address], [DepartmentId], [RegistrationNumber]) VALUES (91, N'Sakib Al Hasan', N'sakib@gmail.com', N'01256325889', CAST(N'2019-12-11' AS Date), N'Monipur', 16, N'Eng-2019-091')
GO
INSERT [dbo].[Student] ([Id], [StudentName], [Email], [ContactNo], [Date], [Address], [DepartmentId], [RegistrationNumber]) VALUES (92, N'Asaduzzaman Vuiya', N'asad@gmail.com', N'01258655235', CAST(N'2019-12-10' AS Date), N'Mohammadpur', 7, N'BBA-2019-092')
GO
INSERT [dbo].[Student] ([Id], [StudentName], [Email], [ContactNo], [Date], [Address], [DepartmentId], [RegistrationNumber]) VALUES (93, N'Mahabuba Jamal', N'mah@gmail.com', N'01965236589', CAST(N'2019-12-05' AS Date), N'Monipur', 7, N'BBA-2019-093')
GO
INSERT [dbo].[Student] ([Id], [StudentName], [Email], [ContactNo], [Date], [Address], [DepartmentId], [RegistrationNumber]) VALUES (94, N'Kutubuddin Aibek', N'kutub@gmail.com', N'01252145963', CAST(N'2019-12-04' AS Date), N'Monipur', 15, N'FA101-2019-094')
GO
INSERT [dbo].[Student] ([Id], [StudentName], [Email], [ContactNo], [Date], [Address], [DepartmentId], [RegistrationNumber]) VALUES (95, N'Kalam Abdulla', N'zah2@gmc.com', N'01658325965', CAST(N'2015-12-02' AS Date), N'Nilkhet', 10, N'CSE101-2015-095')
GO
INSERT [dbo].[Student] ([Id], [StudentName], [Email], [ContactNo], [Date], [Address], [DepartmentId], [RegistrationNumber]) VALUES (96, N'Asadullah Rahman', N'za2@gm.com', N'01256328965', CAST(N'2019-12-05' AS Date), N'Monipur', 15, N'FA101-2019-096')
GO
INSERT [dbo].[Student] ([Id], [StudentName], [Email], [ContactNo], [Date], [Address], [DepartmentId], [RegistrationNumber]) VALUES (97, N'Asaduzzaman Kamal', N'kamu@gmail.com', N'01259632568', CAST(N'2012-12-06' AS Date), N'Munshigong', 7, N'BBA-2012-097')
GO
INSERT [dbo].[Student] ([Id], [StudentName], [Email], [ContactNo], [Date], [Address], [DepartmentId], [RegistrationNumber]) VALUES (98, N'Kamal Ahmed', N'kamal2@gmail.com', N'01258965235', CAST(N'2020-12-12' AS Date), N'Mirpur', 7, N'BBA-2020-001')
GO
INSERT [dbo].[Student] ([Id], [StudentName], [Email], [ContactNo], [Date], [Address], [DepartmentId], [RegistrationNumber]) VALUES (99, N'Asaduzzaman Kamal', N'amir2@g.com', N'01258965236', CAST(N'2019-12-12' AS Date), N'mirpur', 7, N'BBA-2019-026')
GO
INSERT [dbo].[Student] ([Id], [StudentName], [Email], [ContactNo], [Date], [Address], [DepartmentId], [RegistrationNumber]) VALUES (100, N'Asaduzzaman Kamal', N'asad3@gmail.com', N'01125896522', CAST(N'2010-12-12' AS Date), N'aham', 7, N'BBA-2010-001')
GO
INSERT [dbo].[Student] ([Id], [StudentName], [Email], [ContactNo], [Date], [Address], [DepartmentId], [RegistrationNumber]) VALUES (101, N'Alauddin Chow', N'ala@gmail.com', N'01258663225', CAST(N'2019-12-05' AS Date), N'Mirpur', 9, N'BAE101-2019-027')
GO
INSERT [dbo].[Student] ([Id], [StudentName], [Email], [ContactNo], [Date], [Address], [DepartmentId], [RegistrationNumber]) VALUES (102, N'Tariqul Islam', N'rar@gmail.com', N'01258632863', CAST(N'2015-12-02' AS Date), N'Mohammadpur', 6, N'ESS-2015-001')
GO
SET IDENTITY_INSERT [dbo].[Student] OFF
GO
SET IDENTITY_INSERT [dbo].[StudentCourseAssigns] ON 
GO
INSERT [dbo].[StudentCourseAssigns] ([Id], [StudentId], [DepartmentId], [CourseId], [EnrollmentDate], [IsAssigned]) VALUES (2, 9, 7, 42, CAST(N'2019-12-04T00:00:00.000' AS DateTime), 0)
GO
INSERT [dbo].[StudentCourseAssigns] ([Id], [StudentId], [DepartmentId], [CourseId], [EnrollmentDate], [IsAssigned]) VALUES (3, 48, 9, 19, CAST(N'2019-12-11T00:00:00.000' AS DateTime), 0)
GO
INSERT [dbo].[StudentCourseAssigns] ([Id], [StudentId], [DepartmentId], [CourseId], [EnrollmentDate], [IsAssigned]) VALUES (4, 16, 9, 19, CAST(N'2019-12-04T00:00:00.000' AS DateTime), 0)
GO
INSERT [dbo].[StudentCourseAssigns] ([Id], [StudentId], [DepartmentId], [CourseId], [EnrollmentDate], [IsAssigned]) VALUES (5, 41, 9, 27, CAST(N'2019-12-13T00:00:00.000' AS DateTime), 0)
GO
INSERT [dbo].[StudentCourseAssigns] ([Id], [StudentId], [DepartmentId], [CourseId], [EnrollmentDate], [IsAssigned]) VALUES (6, 4, 9, 10, CAST(N'2019-12-03T00:00:00.000' AS DateTime), 0)
GO
INSERT [dbo].[StudentCourseAssigns] ([Id], [StudentId], [DepartmentId], [CourseId], [EnrollmentDate], [IsAssigned]) VALUES (7, 7, 7, 8, CAST(N'2019-12-05T00:00:00.000' AS DateTime), 0)
GO
INSERT [dbo].[StudentCourseAssigns] ([Id], [StudentId], [DepartmentId], [CourseId], [EnrollmentDate], [IsAssigned]) VALUES (8, 4, 9, 11, CAST(N'2019-12-04T00:00:00.000' AS DateTime), 0)
GO
INSERT [dbo].[StudentCourseAssigns] ([Id], [StudentId], [DepartmentId], [CourseId], [EnrollmentDate], [IsAssigned]) VALUES (9, 4, 9, 14, CAST(N'2019-12-04T00:00:00.000' AS DateTime), 0)
GO
INSERT [dbo].[StudentCourseAssigns] ([Id], [StudentId], [DepartmentId], [CourseId], [EnrollmentDate], [IsAssigned]) VALUES (10, 7, 7, 47, CAST(N'2019-12-16T00:00:00.000' AS DateTime), 0)
GO
INSERT [dbo].[StudentCourseAssigns] ([Id], [StudentId], [DepartmentId], [CourseId], [EnrollmentDate], [IsAssigned]) VALUES (11, 9, 7, 54, CAST(N'2019-12-09T00:00:00.000' AS DateTime), 0)
GO
INSERT [dbo].[StudentCourseAssigns] ([Id], [StudentId], [DepartmentId], [CourseId], [EnrollmentDate], [IsAssigned]) VALUES (12, 8, 9, 18, CAST(N'2019-12-01T00:00:00.000' AS DateTime), 0)
GO
INSERT [dbo].[StudentCourseAssigns] ([Id], [StudentId], [DepartmentId], [CourseId], [EnrollmentDate], [IsAssigned]) VALUES (13, 4, 9, 12, CAST(N'2019-12-03T00:00:00.000' AS DateTime), 0)
GO
INSERT [dbo].[StudentCourseAssigns] ([Id], [StudentId], [DepartmentId], [CourseId], [EnrollmentDate], [IsAssigned]) VALUES (14, 7, 7, 5, CAST(N'2019-12-02T00:00:00.000' AS DateTime), 0)
GO
INSERT [dbo].[StudentCourseAssigns] ([Id], [StudentId], [DepartmentId], [CourseId], [EnrollmentDate], [IsAssigned]) VALUES (15, 7, 7, 9, CAST(N'2019-12-10T00:00:00.000' AS DateTime), 0)
GO
INSERT [dbo].[StudentCourseAssigns] ([Id], [StudentId], [DepartmentId], [CourseId], [EnrollmentDate], [IsAssigned]) VALUES (16, 9, 7, 8, CAST(N'2019-12-02T00:00:00.000' AS DateTime), 0)
GO
INSERT [dbo].[StudentCourseAssigns] ([Id], [StudentId], [DepartmentId], [CourseId], [EnrollmentDate], [IsAssigned]) VALUES (17, 9, 7, 5, CAST(N'2019-12-04T00:00:00.000' AS DateTime), 0)
GO
INSERT [dbo].[StudentCourseAssigns] ([Id], [StudentId], [DepartmentId], [CourseId], [EnrollmentDate], [IsAssigned]) VALUES (18, 4, 9, 10, CAST(N'2019-12-03T00:00:00.000' AS DateTime), 0)
GO
INSERT [dbo].[StudentCourseAssigns] ([Id], [StudentId], [DepartmentId], [CourseId], [EnrollmentDate], [IsAssigned]) VALUES (19, 4, 9, 10, CAST(N'2019-12-04T00:00:00.000' AS DateTime), 0)
GO
INSERT [dbo].[StudentCourseAssigns] ([Id], [StudentId], [DepartmentId], [CourseId], [EnrollmentDate], [IsAssigned]) VALUES (20, 7, 7, 45, CAST(N'2019-12-04T00:00:00.000' AS DateTime), 0)
GO
INSERT [dbo].[StudentCourseAssigns] ([Id], [StudentId], [DepartmentId], [CourseId], [EnrollmentDate], [IsAssigned]) VALUES (21, 8, 9, 13, CAST(N'2019-12-04T00:00:00.000' AS DateTime), 0)
GO
INSERT [dbo].[StudentCourseAssigns] ([Id], [StudentId], [DepartmentId], [CourseId], [EnrollmentDate], [IsAssigned]) VALUES (22, 4, 9, 12, CAST(N'2019-12-11T00:00:00.000' AS DateTime), 0)
GO
INSERT [dbo].[StudentCourseAssigns] ([Id], [StudentId], [DepartmentId], [CourseId], [EnrollmentDate], [IsAssigned]) VALUES (23, 4, 9, 14, CAST(N'2019-12-10T00:00:00.000' AS DateTime), 0)
GO
INSERT [dbo].[StudentCourseAssigns] ([Id], [StudentId], [DepartmentId], [CourseId], [EnrollmentDate], [IsAssigned]) VALUES (24, 4, 9, 10, CAST(N'2019-12-03T00:00:00.000' AS DateTime), 0)
GO
INSERT [dbo].[StudentCourseAssigns] ([Id], [StudentId], [DepartmentId], [CourseId], [EnrollmentDate], [IsAssigned]) VALUES (25, 4, 9, 11, CAST(N'2019-12-03T00:00:00.000' AS DateTime), 0)
GO
INSERT [dbo].[StudentCourseAssigns] ([Id], [StudentId], [DepartmentId], [CourseId], [EnrollmentDate], [IsAssigned]) VALUES (26, 4, 9, 12, CAST(N'2019-12-04T00:00:00.000' AS DateTime), 0)
GO
INSERT [dbo].[StudentCourseAssigns] ([Id], [StudentId], [DepartmentId], [CourseId], [EnrollmentDate], [IsAssigned]) VALUES (27, 7, 7, 5, CAST(N'2019-12-04T00:00:00.000' AS DateTime), 0)
GO
INSERT [dbo].[StudentCourseAssigns] ([Id], [StudentId], [DepartmentId], [CourseId], [EnrollmentDate], [IsAssigned]) VALUES (28, 85, 6, 41, CAST(N'2019-12-17T00:00:00.000' AS DateTime), 0)
GO
INSERT [dbo].[StudentCourseAssigns] ([Id], [StudentId], [DepartmentId], [CourseId], [EnrollmentDate], [IsAssigned]) VALUES (29, 85, 6, 4, CAST(N'2019-12-10T00:00:00.000' AS DateTime), 0)
GO
INSERT [dbo].[StudentCourseAssigns] ([Id], [StudentId], [DepartmentId], [CourseId], [EnrollmentDate], [IsAssigned]) VALUES (30, 84, 6, 39, CAST(N'2019-12-03T00:00:00.000' AS DateTime), 0)
GO
INSERT [dbo].[StudentCourseAssigns] ([Id], [StudentId], [DepartmentId], [CourseId], [EnrollmentDate], [IsAssigned]) VALUES (31, 93, 7, 5, CAST(N'2019-12-11T00:00:00.000' AS DateTime), 0)
GO
INSERT [dbo].[StudentCourseAssigns] ([Id], [StudentId], [DepartmentId], [CourseId], [EnrollmentDate], [IsAssigned]) VALUES (32, 92, 7, 58, CAST(N'2019-12-04T00:00:00.000' AS DateTime), 0)
GO
INSERT [dbo].[StudentCourseAssigns] ([Id], [StudentId], [DepartmentId], [CourseId], [EnrollmentDate], [IsAssigned]) VALUES (33, 93, 7, 8, CAST(N'2019-12-03T00:00:00.000' AS DateTime), 0)
GO
INSERT [dbo].[StudentCourseAssigns] ([Id], [StudentId], [DepartmentId], [CourseId], [EnrollmentDate], [IsAssigned]) VALUES (34, 93, 7, 9, CAST(N'2019-12-04T00:00:00.000' AS DateTime), 0)
GO
INSERT [dbo].[StudentCourseAssigns] ([Id], [StudentId], [DepartmentId], [CourseId], [EnrollmentDate], [IsAssigned]) VALUES (35, 91, 16, 25, CAST(N'2019-12-06T00:00:00.000' AS DateTime), 0)
GO
INSERT [dbo].[StudentCourseAssigns] ([Id], [StudentId], [DepartmentId], [CourseId], [EnrollmentDate], [IsAssigned]) VALUES (36, 93, 7, 45, CAST(N'2019-12-07T00:00:00.000' AS DateTime), 0)
GO
INSERT [dbo].[StudentCourseAssigns] ([Id], [StudentId], [DepartmentId], [CourseId], [EnrollmentDate], [IsAssigned]) VALUES (37, 83, 7, 4, CAST(N'2019-12-04T00:00:00.000' AS DateTime), 0)
GO
INSERT [dbo].[StudentCourseAssigns] ([Id], [StudentId], [DepartmentId], [CourseId], [EnrollmentDate], [IsAssigned]) VALUES (38, 93, 7, 42, CAST(N'2019-12-04T00:00:00.000' AS DateTime), 0)
GO
INSERT [dbo].[StudentCourseAssigns] ([Id], [StudentId], [DepartmentId], [CourseId], [EnrollmentDate], [IsAssigned]) VALUES (39, 93, 7, 43, CAST(N'2019-12-04T00:00:00.000' AS DateTime), 0)
GO
INSERT [dbo].[StudentCourseAssigns] ([Id], [StudentId], [DepartmentId], [CourseId], [EnrollmentDate], [IsAssigned]) VALUES (40, 93, 7, 44, CAST(N'2019-12-05T00:00:00.000' AS DateTime), 0)
GO
INSERT [dbo].[StudentCourseAssigns] ([Id], [StudentId], [DepartmentId], [CourseId], [EnrollmentDate], [IsAssigned]) VALUES (41, 93, 7, 46, CAST(N'2019-12-08T00:00:00.000' AS DateTime), 0)
GO
INSERT [dbo].[StudentCourseAssigns] ([Id], [StudentId], [DepartmentId], [CourseId], [EnrollmentDate], [IsAssigned]) VALUES (42, 92, 7, 5, CAST(N'2019-12-09T00:00:00.000' AS DateTime), 0)
GO
INSERT [dbo].[StudentCourseAssigns] ([Id], [StudentId], [DepartmentId], [CourseId], [EnrollmentDate], [IsAssigned]) VALUES (43, 92, 7, 8, CAST(N'2019-12-04T00:00:00.000' AS DateTime), 0)
GO
INSERT [dbo].[StudentCourseAssigns] ([Id], [StudentId], [DepartmentId], [CourseId], [EnrollmentDate], [IsAssigned]) VALUES (44, 92, 7, 9, CAST(N'2019-12-09T00:00:00.000' AS DateTime), 0)
GO
INSERT [dbo].[StudentCourseAssigns] ([Id], [StudentId], [DepartmentId], [CourseId], [EnrollmentDate], [IsAssigned]) VALUES (45, 92, 7, 42, CAST(N'2019-12-05T00:00:00.000' AS DateTime), 0)
GO
INSERT [dbo].[StudentCourseAssigns] ([Id], [StudentId], [DepartmentId], [CourseId], [EnrollmentDate], [IsAssigned]) VALUES (46, 92, 7, 43, CAST(N'2019-12-10T00:00:00.000' AS DateTime), 0)
GO
INSERT [dbo].[StudentCourseAssigns] ([Id], [StudentId], [DepartmentId], [CourseId], [EnrollmentDate], [IsAssigned]) VALUES (47, 94, 15, 97, CAST(N'2019-12-10T00:00:00.000' AS DateTime), 0)
GO
INSERT [dbo].[StudentCourseAssigns] ([Id], [StudentId], [DepartmentId], [CourseId], [EnrollmentDate], [IsAssigned]) VALUES (48, 94, 15, 98, CAST(N'2019-12-10T00:00:00.000' AS DateTime), 0)
GO
INSERT [dbo].[StudentCourseAssigns] ([Id], [StudentId], [DepartmentId], [CourseId], [EnrollmentDate], [IsAssigned]) VALUES (49, 97, 7, 5, CAST(N'2019-12-05T00:00:00.000' AS DateTime), 0)
GO
INSERT [dbo].[StudentCourseAssigns] ([Id], [StudentId], [DepartmentId], [CourseId], [EnrollmentDate], [IsAssigned]) VALUES (50, 97, 7, 8, CAST(N'2019-12-03T00:00:00.000' AS DateTime), 0)
GO
INSERT [dbo].[StudentCourseAssigns] ([Id], [StudentId], [DepartmentId], [CourseId], [EnrollmentDate], [IsAssigned]) VALUES (51, 97, 7, 9, CAST(N'2019-12-03T00:00:00.000' AS DateTime), 0)
GO
INSERT [dbo].[StudentCourseAssigns] ([Id], [StudentId], [DepartmentId], [CourseId], [EnrollmentDate], [IsAssigned]) VALUES (52, 95, 10, 62, CAST(N'2019-12-11T00:00:00.000' AS DateTime), 0)
GO
INSERT [dbo].[StudentCourseAssigns] ([Id], [StudentId], [DepartmentId], [CourseId], [EnrollmentDate], [IsAssigned]) VALUES (53, 96, 15, 97, CAST(N'2019-12-10T00:00:00.000' AS DateTime), 0)
GO
INSERT [dbo].[StudentCourseAssigns] ([Id], [StudentId], [DepartmentId], [CourseId], [EnrollmentDate], [IsAssigned]) VALUES (54, 93, 7, 5, CAST(N'2019-12-02T00:00:00.000' AS DateTime), 0)
GO
INSERT [dbo].[StudentCourseAssigns] ([Id], [StudentId], [DepartmentId], [CourseId], [EnrollmentDate], [IsAssigned]) VALUES (55, 93, 7, 8, CAST(N'2019-12-03T00:00:00.000' AS DateTime), 0)
GO
INSERT [dbo].[StudentCourseAssigns] ([Id], [StudentId], [DepartmentId], [CourseId], [EnrollmentDate], [IsAssigned]) VALUES (56, 93, 7, 9, CAST(N'2019-12-04T00:00:00.000' AS DateTime), 0)
GO
INSERT [dbo].[StudentCourseAssigns] ([Id], [StudentId], [DepartmentId], [CourseId], [EnrollmentDate], [IsAssigned]) VALUES (57, 96, 15, 98, CAST(N'2019-12-05T00:00:00.000' AS DateTime), 0)
GO
INSERT [dbo].[StudentCourseAssigns] ([Id], [StudentId], [DepartmentId], [CourseId], [EnrollmentDate], [IsAssigned]) VALUES (58, 97, 7, 42, CAST(N'2019-12-05T00:00:00.000' AS DateTime), 0)
GO
INSERT [dbo].[StudentCourseAssigns] ([Id], [StudentId], [DepartmentId], [CourseId], [EnrollmentDate], [IsAssigned]) VALUES (59, 97, 7, 44, CAST(N'2019-12-04T00:00:00.000' AS DateTime), 0)
GO
INSERT [dbo].[StudentCourseAssigns] ([Id], [StudentId], [DepartmentId], [CourseId], [EnrollmentDate], [IsAssigned]) VALUES (60, 95, 10, 61, CAST(N'2019-12-04T00:00:00.000' AS DateTime), 1)
GO
INSERT [dbo].[StudentCourseAssigns] ([Id], [StudentId], [DepartmentId], [CourseId], [EnrollmentDate], [IsAssigned]) VALUES (61, 97, 7, 8, CAST(N'2019-12-04T00:00:00.000' AS DateTime), 1)
GO
INSERT [dbo].[StudentCourseAssigns] ([Id], [StudentId], [DepartmentId], [CourseId], [EnrollmentDate], [IsAssigned]) VALUES (62, 97, 7, 5, CAST(N'2019-12-05T00:00:00.000' AS DateTime), 1)
GO
INSERT [dbo].[StudentCourseAssigns] ([Id], [StudentId], [DepartmentId], [CourseId], [EnrollmentDate], [IsAssigned]) VALUES (63, 97, 7, 9, CAST(N'2019-12-04T00:00:00.000' AS DateTime), 1)
GO
INSERT [dbo].[StudentCourseAssigns] ([Id], [StudentId], [DepartmentId], [CourseId], [EnrollmentDate], [IsAssigned]) VALUES (64, 96, 15, 97, CAST(N'2019-12-03T00:00:00.000' AS DateTime), 1)
GO
INSERT [dbo].[StudentCourseAssigns] ([Id], [StudentId], [DepartmentId], [CourseId], [EnrollmentDate], [IsAssigned]) VALUES (65, 96, 15, 98, CAST(N'2019-12-05T00:00:00.000' AS DateTime), 1)
GO
INSERT [dbo].[StudentCourseAssigns] ([Id], [StudentId], [DepartmentId], [CourseId], [EnrollmentDate], [IsAssigned]) VALUES (66, 95, 10, 63, CAST(N'2019-12-05T00:00:00.000' AS DateTime), 1)
GO
INSERT [dbo].[StudentCourseAssigns] ([Id], [StudentId], [DepartmentId], [CourseId], [EnrollmentDate], [IsAssigned]) VALUES (67, 102, 6, 4, CAST(N'2019-12-12T00:00:00.000' AS DateTime), 1)
GO
INSERT [dbo].[StudentCourseAssigns] ([Id], [StudentId], [DepartmentId], [CourseId], [EnrollmentDate], [IsAssigned]) VALUES (68, 102, 6, 30, CAST(N'2019-12-03T00:00:00.000' AS DateTime), 1)
GO
INSERT [dbo].[StudentCourseAssigns] ([Id], [StudentId], [DepartmentId], [CourseId], [EnrollmentDate], [IsAssigned]) VALUES (69, 102, 6, 31, CAST(N'2019-12-04T00:00:00.000' AS DateTime), 1)
GO
INSERT [dbo].[StudentCourseAssigns] ([Id], [StudentId], [DepartmentId], [CourseId], [EnrollmentDate], [IsAssigned]) VALUES (70, 102, 6, 32, CAST(N'2019-12-05T00:00:00.000' AS DateTime), 1)
GO
SET IDENTITY_INSERT [dbo].[StudentCourseAssigns] OFF
GO
SET IDENTITY_INSERT [dbo].[Teacher] ON 
GO
INSERT [dbo].[Teacher] ([Id], [Name], [Address], [email], [Contact No], [Credit], [DesignationId], [DepartmentId]) VALUES (1, N'  Md. Mamun Habib', N'Room: UB20611 Building: 02 Level 6 66 Mohakhali, Dhaka 1212', N'mamunhabib@bracu.ac.bd', N'165456', 15, 2, 7)
GO
INSERT [dbo].[Teacher] ([Id], [Name], [Address], [email], [Contact No], [Credit], [DesignationId], [DepartmentId]) VALUES (2, N'Akbar Ali Khan', N'Room: UB20604 Building:02 66 Mohakhali, Dhaka 1212 ', N'aakhan@bracu.ac.bd', N'+880-2-9844051 Ext. 4069', 15, 1, 7)
GO
INSERT [dbo].[Teacher] ([Id], [Name], [Address], [email], [Contact No], [Credit], [DesignationId], [DepartmentId]) VALUES (3, N'Lady Syeda Sarwat Abed', N'BRAC Institute of Languages  14th Floor  University Building 2  BRAC University  66 Mohakhali, Dhaka 1212BRAC Institute of Languages  14th Floor  University Building 2  BRAC University  66 Mohakhali, Dhaka 1212', N'sarwat@bracu.ac.bd', N'+880-2-8824051, Ext. 4163', 15, 3, 9)
GO
INSERT [dbo].[Teacher] ([Id], [Name], [Address], [email], [Contact No], [Credit], [DesignationId], [DepartmentId]) VALUES (4, N'Fuad H. Mallick', N'BRAC University 66 Mohakhali C/A Dhaka 1212 Bangladesh', N'fuad@bracu.ac.bd', N'+880-2-9844051 Ext. 4009', 15, 3, 10)
GO
INSERT [dbo].[Teacher] ([Id], [Name], [Address], [email], [Contact No], [Credit], [DesignationId], [DepartmentId]) VALUES (5, N'Zainab Faruqui Ali', N'Department of Architecture Brac University 66 Mohakhali C/A Dhaka 1212 Bangladesh', N'zainab@bracu.ac.bd', N'04478444051', 12, 2, 11)
GO
INSERT [dbo].[Teacher] ([Id], [Name], [Address], [email], [Contact No], [Credit], [DesignationId], [DepartmentId]) VALUES (6, N'  Md. Zoynal Habib', N'Mirpur', N'amijoynal2@gmail.com', N'01525965236', 15, 1, 10)
GO
INSERT [dbo].[Teacher] ([Id], [Name], [Address], [email], [Contact No], [Credit], [DesignationId], [DepartmentId]) VALUES (8, N'Md. Zoynal Habib', N'Mirpuer', N'sarwffat@bracu.ac.bd', N'01525965236', 45, 2, 15)
GO
INSERT [dbo].[Teacher] ([Id], [Name], [Address], [email], [Contact No], [Credit], [DesignationId], [DepartmentId]) VALUES (9, N'Mahbubul Alam Majumdar, PhD', N'Department of Computer Science and Engineering  Buidling-5, Floor-4th, Room: UB50402', N'majumdar@bracu.ac.bd', N' +8804478444060, Ext: 5065', 25, 1, 10)
GO
INSERT [dbo].[Teacher] ([Id], [Name], [Address], [email], [Contact No], [Credit], [DesignationId], [DepartmentId]) VALUES (10, N'Md. Khalilur Rhaman', N'Department of Computer Science and Engineering  Buidling-5, Floor-4th, Room: UB50402', N'khalilur@bracu.ac.bd', N' 04478444112, Ext-5117', 30.5, 2, 10)
GO
INSERT [dbo].[Teacher] ([Id], [Name], [Address], [email], [Contact No], [Credit], [DesignationId], [DepartmentId]) VALUES (11, N'Amitabha Chakrabarty', N'Department of Computer Science and Engineering  Buidling-5, Floor-4th, Room: UB50402', N'amitabha@bracu.ac.bd', N' 04478444112, Ext-5117', 30, 2, 10)
GO
INSERT [dbo].[Teacher] ([Id], [Name], [Address], [email], [Contact No], [Credit], [DesignationId], [DepartmentId]) VALUES (12, N'Matin Saad Abdullah', N'Department of Computer Science and Engineering  Buidling-5, Floor-4th, Room: UB50402', N'mabdullah@bracu.ac.bd', N' 04478444112, Ext-5117', 30, 2, 10)
GO
INSERT [dbo].[Teacher] ([Id], [Name], [Address], [email], [Contact No], [Credit], [DesignationId], [DepartmentId]) VALUES (13, N'  Jia Uddin', N'Department of Computer Science and Engineering  Buidling-5, Floor-4th, Room: UB50402', N'jia.uddin@bracu.ac.bd', N'09617445155 Ext. 5155', 30, 2, 10)
GO
INSERT [dbo].[Teacher] ([Id], [Name], [Address], [email], [Contact No], [Credit], [DesignationId], [DepartmentId]) VALUES (14, N'Sadia Hamid Kazi', N'Department of Computer Science and Engineering  Buidling-5, Floor-4th, Room: UB50402', N'skazi@bracu.ac.bd', N'09617445155 Ext. 5155', 30, 3, 10)
GO
INSERT [dbo].[Teacher] ([Id], [Name], [Address], [email], [Contact No], [Credit], [DesignationId], [DepartmentId]) VALUES (15, N'Md. Ashraful Alam', N'Department of Computer Science and Engineering  Buidling-5, Floor-4th, Room: UB50402', N'ashraful.alam@bracu.ac.bd', N'+8804478444060', 30, 4, 10)
GO
INSERT [dbo].[Teacher] ([Id], [Name], [Address], [email], [Contact No], [Credit], [DesignationId], [DepartmentId]) VALUES (16, N'Firdous Azim', N'Department of Computer Science and Engineering  Buidling-5, Floor-4th, Room: UB50402', N'fazim@bracu.ac.bd', N'4478444012 Ext. 4076 / 5017', 30, 3, 9)
GO
INSERT [dbo].[Teacher] ([Id], [Name], [Address], [email], [Contact No], [Credit], [DesignationId], [DepartmentId]) VALUES (17, N'Rifat Mahbub', N'Department of Computer Science and Engineering  Buidling-5, Floor-4th, Room: UB50402', N'rifat.mahbub@bracu.ac.bd', N'  4478444012 Ext. 4076 / 5017', 30, 1, 9)
GO
INSERT [dbo].[Teacher] ([Id], [Name], [Address], [email], [Contact No], [Credit], [DesignationId], [DepartmentId]) VALUES (18, N'Rukhsana Rahim Chowdhury', N'Department of Computer Science and Engineering  Buidling-5, Floor-4th, Room: UB50402', N'rukhsana@bracu.ac.bd', N'9844051-54 Ext. 4097', 30, 3, 9)
GO
INSERT [dbo].[Teacher] ([Id], [Name], [Address], [email], [Contact No], [Credit], [DesignationId], [DepartmentId]) VALUES (19, N'Roohi Huda', N'66 Mohakhali Dhaka 1212 Bangladesh', N'roohi@bracu.ac.bd', N'880-28824051-4, Ext. 4077', 30, 2, 9)
GO
INSERT [dbo].[Teacher] ([Id], [Name], [Address], [email], [Contact No], [Credit], [DesignationId], [DepartmentId]) VALUES (20, N'Nawshaba Ahmed', N'66 Mohakhali Dhaka 1212 Bangladesh', N'nawshaba@bracu.ac.bd', N'4478444012 Ext. 4097', 30, 1, 9)
GO
INSERT [dbo].[Teacher] ([Id], [Name], [Address], [email], [Contact No], [Credit], [DesignationId], [DepartmentId]) VALUES (21, N'Aparna Islam', N'Room: UB21503 Building # 02 BRAC University 66 Mohakhali, Dhaka - 1212 ', N'aparna@bracu.ac.bd', N'+88-02-8824051 Ext. 4153', 30, 3, 7)
GO
INSERT [dbo].[Teacher] ([Id], [Name], [Address], [email], [Contact No], [Credit], [DesignationId], [DepartmentId]) VALUES (22, N'Mr.Mahmudul Haq', N'Room: UB20504 Building: 02 66 Mohakhali, Dhaka 1212', N'mhaq@bracu.ac.bd', N' +880-2-9844051 Ext. 4038', 30, 2, 7)
GO
INSERT [dbo].[Teacher] ([Id], [Name], [Address], [email], [Contact No], [Credit], [DesignationId], [DepartmentId]) VALUES (23, N'Jebunnesa Chowdhury', N'Room: UB20504 Building: 02 66 Mohakhali, Dhaka 1212', N'jebunnesa@bracu.ac.bd', N'09617445214 Ext. 5214', 30, 2, 7)
GO
INSERT [dbo].[Teacher] ([Id], [Name], [Address], [email], [Contact No], [Credit], [DesignationId], [DepartmentId]) VALUES (24, N'Romana Siddique', N'Room: UB21513 Building: 02 Postal Address: 66 Mohakhali, Dhaka 1212', N'rsiddique@bracu.ac.bd', N'09617445140 Ext. 5140', 30, 3, 7)
GO
INSERT [dbo].[Teacher] ([Id], [Name], [Address], [email], [Contact No], [Credit], [DesignationId], [DepartmentId]) VALUES (25, N'Fahareen-Binta Mosharraf', N'Room # UB21506 Building: 02 BRAC University 66 Mohakhali, Dhaka 1212', N'fahareen@bracu.ac.bd', N' 09617445214 Ext. 5214', 30, 4, 7)
GO
INSERT [dbo].[Teacher] ([Id], [Name], [Address], [email], [Contact No], [Credit], [DesignationId], [DepartmentId]) VALUES (26, N'Ainun Nishat', N'Room: UB60301 3rd Floor. Building # 06 49 Mohakhali, Dhaka-1212 Bangladesh', N'nishat@bracu.ac.bd', N'+880-2-9844051-4 Ext: 4085', 30, 4, 6)
GO
INSERT [dbo].[Teacher] ([Id], [Name], [Address], [email], [Contact No], [Credit], [DesignationId], [DepartmentId]) VALUES (27, N'Mr. Md. Sajidur Rahman', N'Room: (3rd Floor) Building: (UB6) 49 Mohakhali, Dhaka 1212', N'sajid@bracu.ac.bd', N' 09617444084 Ext. 4084', 30, 1, 6)
GO
INSERT [dbo].[Teacher] ([Id], [Name], [Address], [email], [Contact No], [Credit], [DesignationId], [DepartmentId]) VALUES (28, N'Moushumi Zahur', N'Room: UB21501 Building: 02 66 Mohakhali, Dhaka 1212', N'moushumi@bracu.ac.bd', N'88-02-8824051-54 (ext. 4060)', 30, 1, 6)
GO
INSERT [dbo].[Teacher] ([Id], [Name], [Address], [email], [Contact No], [Credit], [DesignationId], [DepartmentId]) VALUES (29, N'Sabrina Shahrin Sharna', N'Room: UB21501 Building: 02 66 Mohakhali, Dhaka 1212', N'sharna@bracu.ac.bd', N' +8804478444060, Ext: 5065', 30, 4, 6)
GO
INSERT [dbo].[Teacher] ([Id], [Name], [Address], [email], [Contact No], [Credit], [DesignationId], [DepartmentId]) VALUES (30, N'Ms. Roufa Khanum', N'Room: UB21501 Building: 02 66 Mohakhali, Dhaka 1212', N'roufa@bracu.ac.bd', N'09617444086 Ext. 4086', 30, 3, 6)
GO
INSERT [dbo].[Teacher] ([Id], [Name], [Address], [email], [Contact No], [Credit], [DesignationId], [DepartmentId]) VALUES (31, N'Md. Tafazzal Hussain', N'UB80508 Brac University 66 Mohakhali, C/A Dhaka-1212', N'tafazzal@bracu.ac.bd', N'09617445165 Ext. 5165', 30, 1, 11)
GO
INSERT [dbo].[Teacher] ([Id], [Name], [Address], [email], [Contact No], [Credit], [DesignationId], [DepartmentId]) VALUES (32, N'Sharmina Hussain', N'Room: (UB021503) Building: 02 66 Mohakhali, Dhaka 1212', N'sharmina@bracu.ac.bd', N'+88-02-8824051 Ext. 4153', 30, 3, 11)
GO
INSERT [dbo].[Teacher] ([Id], [Name], [Address], [email], [Contact No], [Credit], [DesignationId], [DepartmentId]) VALUES (33, N'Md. Firoze H. Haque', N'Room: UB21505 Building: (02) 66 Mohakhali, Dhaka 1212, Bangladesh', N'f.haque@bracu.ac.bd', N' +8804478444060, Ext: 5065', 30, 3, 11)
GO
INSERT [dbo].[Teacher] ([Id], [Name], [Address], [email], [Contact No], [Credit], [DesignationId], [DepartmentId]) VALUES (34, N'Muhammad Lutfor Rahman', N'MNS Department University Building # 02 15th Floor, Room No: UB 21505 Brac University, 66 Mohakhali', N'mlrahman@bracu.ac.bd', N'+88-02-8824051 Ext. 4153', 30, 4, 11)
GO
INSERT [dbo].[Teacher] ([Id], [Name], [Address], [email], [Contact No], [Credit], [DesignationId], [DepartmentId]) VALUES (35, N'Mohammad Mosaddidur Rahman', N'Room:  UB21903 Building:  02 66 Mohakhali, Dhaka 1212', N'mosaddid@bracu.ac.bd', N'+88-02-8824051 Ext. 4153', 30, 4, 11)
GO
INSERT [dbo].[Teacher] ([Id], [Name], [Address], [email], [Contact No], [Credit], [DesignationId], [DepartmentId]) VALUES (36, N'Sabreena Ahmed', N'66 Mohakhali Dhaka 1212 Bangladesh', N'sabreena.a@bracu.ac.bd', N'+88-02-8824051 Ext. 4153', 30, 1, 16)
GO
INSERT [dbo].[Teacher] ([Id], [Name], [Address], [email], [Contact No], [Credit], [DesignationId], [DepartmentId]) VALUES (37, N'Mohammad Mahmudul Haque', N'66 Mohakhali Dhaka 1212 Bangladesh', N'mmhaque@bracu.ac.bd', N'4478444012 Ext. 4097', 30, 1, 15)
GO
INSERT [dbo].[Teacher] ([Id], [Name], [Address], [email], [Contact No], [Credit], [DesignationId], [DepartmentId]) VALUES (38, N'S. M. Mohibul Hasan', N'66 Mohakhali Dhaka 1212 Bangladesh', N'mohibul@bracu.ac.bd', N'4478444012 Ext. 4097', 30, 2, 16)
GO
INSERT [dbo].[Teacher] ([Id], [Name], [Address], [email], [Contact No], [Credit], [DesignationId], [DepartmentId]) VALUES (39, N'Mahmud Hasan', N'Room: (UB 1500) Building: (02) 66 Mohakhali, Dhaka 1212', N'mahmud.hasan@bracu.ac.bd', N'+88-02-8824051-4 Ext. 4060', 30, 1, 15)
GO
INSERT [dbo].[Teacher] ([Id], [Name], [Address], [email], [Contact No], [Credit], [DesignationId], [DepartmentId]) VALUES (40, N'Ms. Rahma Akhter', N'Room: UB20605 Building: 02 66 Mohakhali, Dhaka 1212.', N'rahma.akhter@bracu.ac.bd', N'09617445155 Ext. 5155', 30, 4, 16)
GO
INSERT [dbo].[Teacher] ([Id], [Name], [Address], [email], [Contact No], [Credit], [DesignationId], [DepartmentId]) VALUES (41, N'Mr. Md. Fazla Mohiuddin', N'Room:  UB21903 Building:  02 66 Mohakhali, Dhaka 1212', N'm.fazla@bracu.ac.bd', N'09617445155 Ext. 5155', 30, 4, 16)
GO
INSERT [dbo].[Teacher] ([Id], [Name], [Address], [email], [Contact No], [Credit], [DesignationId], [DepartmentId]) VALUES (42, N'Mr. Feihan Ahsan', N'Room: UB 20509 Building: 02 66 Mohakhali, Dhaka 1212', N'fahsan@bracu.ac.bd', N'09617445155 Ext. 5155', 30, 4, 16)
GO
INSERT [dbo].[Teacher] ([Id], [Name], [Address], [email], [Contact No], [Credit], [DesignationId], [DepartmentId]) VALUES (43, N'Ms. Asheka Mahboob', N'Department of Computer Science and Engineering  Buidling-5, Floor-4th, Room: UB50402', N'asheka.mahboob@bracu.ac.bd', N'+88-02-8824051 Ext. 4153', 30, 4, 15)
GO
INSERT [dbo].[Teacher] ([Id], [Name], [Address], [email], [Contact No], [Credit], [DesignationId], [DepartmentId]) VALUES (44, N'Manzoor Ahmed', N'66 Mohakhali
Dhaka 1212 ', N'asd@gmail.com', N' +880-2-9844051 Ext 4188,', 25.25, 1, 10)
GO
INSERT [dbo].[Teacher] ([Id], [Name], [Address], [email], [Contact No], [Credit], [DesignationId], [DepartmentId]) VALUES (45, N'Mirza Azizul Islam', N'Room: UB20610
Building: 02
66 Mohakhali, Dhaka 1212', N'maislam@bracu.ac.bd', N'+880-2-9844051 Ext. 4037', 30, 2, 15)
GO
INSERT [dbo].[Teacher] ([Id], [Name], [Address], [email], [Contact No], [Credit], [DesignationId], [DepartmentId]) VALUES (46, N'Shahidul Islam Khan', N'Room: UB20610
Building: 02
66 Mohakhali, Dhaka 1212', N'shahidul.khan@bracu.ac.bd', N'+880-2-9844051-4 (Ext: 4196)', 30, 2, 7)
GO
INSERT [dbo].[Teacher] ([Id], [Name], [Address], [email], [Contact No], [Credit], [DesignationId], [DepartmentId]) VALUES (47, N'Aktaruzzaman Ilias', N'Monipur', N'aktar@gmail.com', N'01643377329', 30, 2, 15)
GO
INSERT [dbo].[Teacher] ([Id], [Name], [Address], [email], [Contact No], [Credit], [DesignationId], [DepartmentId]) VALUES (48, N'Aktaruzzaman Ilias', N'Mohammadpur', N'aktar25@gmail.com', N'01325896523', 25, 1, 6)
GO
INSERT [dbo].[Teacher] ([Id], [Name], [Address], [email], [Contact No], [Credit], [DesignationId], [DepartmentId]) VALUES (49, N'Md. Khalilur Rhaman ', N'Mohammadpur', N'khalil@gmail.com', N'01279854225', 20, 3, 17)
GO
INSERT [dbo].[Teacher] ([Id], [Name], [Address], [email], [Contact No], [Credit], [DesignationId], [DepartmentId]) VALUES (50, N'Ms. Ummul Wara Adrita', N'Room: UB20503
Building: 02
66 Mohakhali, Dhaka 1212', N'wara.adrita@bracu.ac.bd', N'01258965225', 30, 2, 9)
GO
INSERT [dbo].[Teacher] ([Id], [Name], [Address], [email], [Contact No], [Credit], [DesignationId], [DepartmentId]) VALUES (51, N'Tanjina Khan', N'Room: UB41405
Building: 04
Postal Address: 66 Mohakhali, Dhaka 1212', N'tanjinakhan@bracu.ac.bd', N'01478444115', 35, 3, 15)
GO
INSERT [dbo].[Teacher] ([Id], [Name], [Address], [email], [Contact No], [Credit], [DesignationId], [DepartmentId]) VALUES (52, N'Dilruba Showkat', N'BRAC University

Building-5, Floor-4th, Room-UB50410

45 Mohakhali C/A, Dhaka-1212', N'dilruba@bracu.ac.bd', N'01856932569', 30, 2, 9)
GO
INSERT [dbo].[Teacher] ([Id], [Name], [Address], [email], [Contact No], [Credit], [DesignationId], [DepartmentId]) VALUES (53, N'Rubana Ahmed', N'66 Mohakhali
Dhaka 1212
Bangladesh', N'rubana@bracu.ac.bd', N'01279854225', 30, 3, 16)
GO
INSERT [dbo].[Teacher] ([Id], [Name], [Address], [email], [Contact No], [Credit], [DesignationId], [DepartmentId]) VALUES (54, N'Maksuda Aziz', N'Monipur', N'sa2@g.com', N'01279854225', 20, 1, 9)
GO
INSERT [dbo].[Teacher] ([Id], [Name], [Address], [email], [Contact No], [Credit], [DesignationId], [DepartmentId]) VALUES (55, N'Shibli Mahmud', N'Mirpur', N'aag2@g.com', N'01258965236', 30, 1, 15)
GO
INSERT [dbo].[Teacher] ([Id], [Name], [Address], [email], [Contact No], [Credit], [DesignationId], [DepartmentId]) VALUES (56, N'avis', N'dhaka', N'avidddddk@g.com', N'01347489989', 10, 1, 6)
GO
SET IDENTITY_INSERT [dbo].[Teacher] OFF
GO
SET IDENTITY_INSERT [dbo].[TeacherCourseAssign] ON 
GO
INSERT [dbo].[TeacherCourseAssign] ([id], [DepartmentId], [TeacherId], [CourseId], [IsAssigned]) VALUES (6, 6, 1, 4, 0)
GO
INSERT [dbo].[TeacherCourseAssign] ([id], [DepartmentId], [TeacherId], [CourseId], [IsAssigned]) VALUES (9, 9, 8, 5, 0)
GO
INSERT [dbo].[TeacherCourseAssign] ([id], [DepartmentId], [TeacherId], [CourseId], [IsAssigned]) VALUES (10, 7, 2, 8, 0)
GO
INSERT [dbo].[TeacherCourseAssign] ([id], [DepartmentId], [TeacherId], [CourseId], [IsAssigned]) VALUES (11, 7, 1, 9, 0)
GO
INSERT [dbo].[TeacherCourseAssign] ([id], [DepartmentId], [TeacherId], [CourseId], [IsAssigned]) VALUES (12, 9, 18, 10, 0)
GO
INSERT [dbo].[TeacherCourseAssign] ([id], [DepartmentId], [TeacherId], [CourseId], [IsAssigned]) VALUES (13, 7, 2, 46, 0)
GO
INSERT [dbo].[TeacherCourseAssign] ([id], [DepartmentId], [TeacherId], [CourseId], [IsAssigned]) VALUES (14, 7, 2, 47, 0)
GO
INSERT [dbo].[TeacherCourseAssign] ([id], [DepartmentId], [TeacherId], [CourseId], [IsAssigned]) VALUES (15, 7, 2, 49, 0)
GO
INSERT [dbo].[TeacherCourseAssign] ([id], [DepartmentId], [TeacherId], [CourseId], [IsAssigned]) VALUES (16, 7, 1, 43, 0)
GO
INSERT [dbo].[TeacherCourseAssign] ([id], [DepartmentId], [TeacherId], [CourseId], [IsAssigned]) VALUES (17, 7, 2, 48, 0)
GO
INSERT [dbo].[TeacherCourseAssign] ([id], [DepartmentId], [TeacherId], [CourseId], [IsAssigned]) VALUES (18, 7, 2, 44, 0)
GO
INSERT [dbo].[TeacherCourseAssign] ([id], [DepartmentId], [TeacherId], [CourseId], [IsAssigned]) VALUES (19, 7, 2, 50, 0)
GO
INSERT [dbo].[TeacherCourseAssign] ([id], [DepartmentId], [TeacherId], [CourseId], [IsAssigned]) VALUES (20, 7, 2, 54, 0)
GO
INSERT [dbo].[TeacherCourseAssign] ([id], [DepartmentId], [TeacherId], [CourseId], [IsAssigned]) VALUES (21, 6, 27, 31, 0)
GO
INSERT [dbo].[TeacherCourseAssign] ([id], [DepartmentId], [TeacherId], [CourseId], [IsAssigned]) VALUES (22, 10, 10, 69, 0)
GO
INSERT [dbo].[TeacherCourseAssign] ([id], [DepartmentId], [TeacherId], [CourseId], [IsAssigned]) VALUES (23, 7, 1, 53, 0)
GO
INSERT [dbo].[TeacherCourseAssign] ([id], [DepartmentId], [TeacherId], [CourseId], [IsAssigned]) VALUES (24, 7, 2, 52, 0)
GO
INSERT [dbo].[TeacherCourseAssign] ([id], [DepartmentId], [TeacherId], [CourseId], [IsAssigned]) VALUES (25, 10, 11, 89, 0)
GO
INSERT [dbo].[TeacherCourseAssign] ([id], [DepartmentId], [TeacherId], [CourseId], [IsAssigned]) VALUES (26, 10, 4, 88, 0)
GO
INSERT [dbo].[TeacherCourseAssign] ([id], [DepartmentId], [TeacherId], [CourseId], [IsAssigned]) VALUES (27, 7, 21, 45, 0)
GO
INSERT [dbo].[TeacherCourseAssign] ([id], [DepartmentId], [TeacherId], [CourseId], [IsAssigned]) VALUES (28, 7, 21, 9, 0)
GO
INSERT [dbo].[TeacherCourseAssign] ([id], [DepartmentId], [TeacherId], [CourseId], [IsAssigned]) VALUES (29, 7, 22, 47, 0)
GO
INSERT [dbo].[TeacherCourseAssign] ([id], [DepartmentId], [TeacherId], [CourseId], [IsAssigned]) VALUES (30, 7, 2, 8, 0)
GO
INSERT [dbo].[TeacherCourseAssign] ([id], [DepartmentId], [TeacherId], [CourseId], [IsAssigned]) VALUES (31, 7, 2, 44, 0)
GO
INSERT [dbo].[TeacherCourseAssign] ([id], [DepartmentId], [TeacherId], [CourseId], [IsAssigned]) VALUES (32, 7, 2, 8, 0)
GO
INSERT [dbo].[TeacherCourseAssign] ([id], [DepartmentId], [TeacherId], [CourseId], [IsAssigned]) VALUES (33, 7, 1, 52, 0)
GO
INSERT [dbo].[TeacherCourseAssign] ([id], [DepartmentId], [TeacherId], [CourseId], [IsAssigned]) VALUES (34, 7, 1, 9, 0)
GO
INSERT [dbo].[TeacherCourseAssign] ([id], [DepartmentId], [TeacherId], [CourseId], [IsAssigned]) VALUES (35, 7, 1, 9, 0)
GO
INSERT [dbo].[TeacherCourseAssign] ([id], [DepartmentId], [TeacherId], [CourseId], [IsAssigned]) VALUES (36, 7, 1, 43, 0)
GO
INSERT [dbo].[TeacherCourseAssign] ([id], [DepartmentId], [TeacherId], [CourseId], [IsAssigned]) VALUES (37, 7, 1, 45, 0)
GO
INSERT [dbo].[TeacherCourseAssign] ([id], [DepartmentId], [TeacherId], [CourseId], [IsAssigned]) VALUES (38, 7, 21, 44, 0)
GO
INSERT [dbo].[TeacherCourseAssign] ([id], [DepartmentId], [TeacherId], [CourseId], [IsAssigned]) VALUES (39, 15, 47, 97, 0)
GO
INSERT [dbo].[TeacherCourseAssign] ([id], [DepartmentId], [TeacherId], [CourseId], [IsAssigned]) VALUES (40, 7, 2, 5, 0)
GO
INSERT [dbo].[TeacherCourseAssign] ([id], [DepartmentId], [TeacherId], [CourseId], [IsAssigned]) VALUES (41, 7, 2, 8, 0)
GO
INSERT [dbo].[TeacherCourseAssign] ([id], [DepartmentId], [TeacherId], [CourseId], [IsAssigned]) VALUES (42, 7, 21, 42, 0)
GO
INSERT [dbo].[TeacherCourseAssign] ([id], [DepartmentId], [TeacherId], [CourseId], [IsAssigned]) VALUES (43, 9, 17, 10, 0)
GO
INSERT [dbo].[TeacherCourseAssign] ([id], [DepartmentId], [TeacherId], [CourseId], [IsAssigned]) VALUES (44, 6, 26, 31, 0)
GO
INSERT [dbo].[TeacherCourseAssign] ([id], [DepartmentId], [TeacherId], [CourseId], [IsAssigned]) VALUES (45, 7, 2, 9, 0)
GO
INSERT [dbo].[TeacherCourseAssign] ([id], [DepartmentId], [TeacherId], [CourseId], [IsAssigned]) VALUES (46, 6, 26, 34, 0)
GO
INSERT [dbo].[TeacherCourseAssign] ([id], [DepartmentId], [TeacherId], [CourseId], [IsAssigned]) VALUES (47, 16, 40, 25, 0)
GO
INSERT [dbo].[TeacherCourseAssign] ([id], [DepartmentId], [TeacherId], [CourseId], [IsAssigned]) VALUES (48, 15, 37, 98, 0)
GO
INSERT [dbo].[TeacherCourseAssign] ([id], [DepartmentId], [TeacherId], [CourseId], [IsAssigned]) VALUES (49, 7, 21, 43, 0)
GO
INSERT [dbo].[TeacherCourseAssign] ([id], [DepartmentId], [TeacherId], [CourseId], [IsAssigned]) VALUES (50, 9, 17, 11, 0)
GO
INSERT [dbo].[TeacherCourseAssign] ([id], [DepartmentId], [TeacherId], [CourseId], [IsAssigned]) VALUES (51, 7, 2, 5, 0)
GO
INSERT [dbo].[TeacherCourseAssign] ([id], [DepartmentId], [TeacherId], [CourseId], [IsAssigned]) VALUES (52, 7, 2, 8, 0)
GO
INSERT [dbo].[TeacherCourseAssign] ([id], [DepartmentId], [TeacherId], [CourseId], [IsAssigned]) VALUES (53, 7, 2, 9, 0)
GO
INSERT [dbo].[TeacherCourseAssign] ([id], [DepartmentId], [TeacherId], [CourseId], [IsAssigned]) VALUES (54, 7, 2, 42, 0)
GO
INSERT [dbo].[TeacherCourseAssign] ([id], [DepartmentId], [TeacherId], [CourseId], [IsAssigned]) VALUES (55, 7, 1, 43, 0)
GO
INSERT [dbo].[TeacherCourseAssign] ([id], [DepartmentId], [TeacherId], [CourseId], [IsAssigned]) VALUES (56, 7, 22, 44, 0)
GO
INSERT [dbo].[TeacherCourseAssign] ([id], [DepartmentId], [TeacherId], [CourseId], [IsAssigned]) VALUES (57, 9, 3, 12, 0)
GO
INSERT [dbo].[TeacherCourseAssign] ([id], [DepartmentId], [TeacherId], [CourseId], [IsAssigned]) VALUES (58, 6, 26, 4, 0)
GO
INSERT [dbo].[TeacherCourseAssign] ([id], [DepartmentId], [TeacherId], [CourseId], [IsAssigned]) VALUES (59, 7, 2, 45, 0)
GO
INSERT [dbo].[TeacherCourseAssign] ([id], [DepartmentId], [TeacherId], [CourseId], [IsAssigned]) VALUES (60, 6, 26, 30, 0)
GO
INSERT [dbo].[TeacherCourseAssign] ([id], [DepartmentId], [TeacherId], [CourseId], [IsAssigned]) VALUES (61, 6, 26, 31, 0)
GO
INSERT [dbo].[TeacherCourseAssign] ([id], [DepartmentId], [TeacherId], [CourseId], [IsAssigned]) VALUES (62, 7, 1, 46, 0)
GO
INSERT [dbo].[TeacherCourseAssign] ([id], [DepartmentId], [TeacherId], [CourseId], [IsAssigned]) VALUES (63, 9, 3, 10, 0)
GO
INSERT [dbo].[TeacherCourseAssign] ([id], [DepartmentId], [TeacherId], [CourseId], [IsAssigned]) VALUES (64, 6, 30, 32, 0)
GO
INSERT [dbo].[TeacherCourseAssign] ([id], [DepartmentId], [TeacherId], [CourseId], [IsAssigned]) VALUES (65, 6, 30, 33, 0)
GO
INSERT [dbo].[TeacherCourseAssign] ([id], [DepartmentId], [TeacherId], [CourseId], [IsAssigned]) VALUES (66, 6, 28, 34, 0)
GO
INSERT [dbo].[TeacherCourseAssign] ([id], [DepartmentId], [TeacherId], [CourseId], [IsAssigned]) VALUES (67, 7, 2, 47, 0)
GO
INSERT [dbo].[TeacherCourseAssign] ([id], [DepartmentId], [TeacherId], [CourseId], [IsAssigned]) VALUES (68, 7, 21, 48, 0)
GO
INSERT [dbo].[TeacherCourseAssign] ([id], [DepartmentId], [TeacherId], [CourseId], [IsAssigned]) VALUES (69, 15, 8, 98, 0)
GO
INSERT [dbo].[TeacherCourseAssign] ([id], [DepartmentId], [TeacherId], [CourseId], [IsAssigned]) VALUES (70, 17, 49, 96, 0)
GO
INSERT [dbo].[TeacherCourseAssign] ([id], [DepartmentId], [TeacherId], [CourseId], [IsAssigned]) VALUES (71, 15, 37, 97, 0)
GO
INSERT [dbo].[TeacherCourseAssign] ([id], [DepartmentId], [TeacherId], [CourseId], [IsAssigned]) VALUES (72, 6, 27, 35, 0)
GO
INSERT [dbo].[TeacherCourseAssign] ([id], [DepartmentId], [TeacherId], [CourseId], [IsAssigned]) VALUES (73, 6, 30, 36, 0)
GO
INSERT [dbo].[TeacherCourseAssign] ([id], [DepartmentId], [TeacherId], [CourseId], [IsAssigned]) VALUES (74, 6, 26, 37, 0)
GO
INSERT [dbo].[TeacherCourseAssign] ([id], [DepartmentId], [TeacherId], [CourseId], [IsAssigned]) VALUES (75, 6, 26, 38, 0)
GO
INSERT [dbo].[TeacherCourseAssign] ([id], [DepartmentId], [TeacherId], [CourseId], [IsAssigned]) VALUES (76, 6, 26, 39, 0)
GO
INSERT [dbo].[TeacherCourseAssign] ([id], [DepartmentId], [TeacherId], [CourseId], [IsAssigned]) VALUES (77, 6, 26, 40, 0)
GO
INSERT [dbo].[TeacherCourseAssign] ([id], [DepartmentId], [TeacherId], [CourseId], [IsAssigned]) VALUES (78, 9, 3, 10, 1)
GO
INSERT [dbo].[TeacherCourseAssign] ([id], [DepartmentId], [TeacherId], [CourseId], [IsAssigned]) VALUES (79, 6, 26, 4, 1)
GO
INSERT [dbo].[TeacherCourseAssign] ([id], [DepartmentId], [TeacherId], [CourseId], [IsAssigned]) VALUES (80, 6, 27, 30, 1)
GO
INSERT [dbo].[TeacherCourseAssign] ([id], [DepartmentId], [TeacherId], [CourseId], [IsAssigned]) VALUES (81, 6, 28, 31, 1)
GO
INSERT [dbo].[TeacherCourseAssign] ([id], [DepartmentId], [TeacherId], [CourseId], [IsAssigned]) VALUES (82, 6, 26, 32, 1)
GO
INSERT [dbo].[TeacherCourseAssign] ([id], [DepartmentId], [TeacherId], [CourseId], [IsAssigned]) VALUES (83, 6, 26, 33, 1)
GO
INSERT [dbo].[TeacherCourseAssign] ([id], [DepartmentId], [TeacherId], [CourseId], [IsAssigned]) VALUES (84, 6, 26, 34, 1)
GO
INSERT [dbo].[TeacherCourseAssign] ([id], [DepartmentId], [TeacherId], [CourseId], [IsAssigned]) VALUES (85, 6, 26, 35, 1)
GO
INSERT [dbo].[TeacherCourseAssign] ([id], [DepartmentId], [TeacherId], [CourseId], [IsAssigned]) VALUES (86, 6, 26, 36, 1)
GO
INSERT [dbo].[TeacherCourseAssign] ([id], [DepartmentId], [TeacherId], [CourseId], [IsAssigned]) VALUES (87, 6, 26, 37, 1)
GO
INSERT [dbo].[TeacherCourseAssign] ([id], [DepartmentId], [TeacherId], [CourseId], [IsAssigned]) VALUES (88, 6, 26, 38, 1)
GO
SET IDENTITY_INSERT [dbo].[TeacherCourseAssign] OFF
GO
/****** Object:  Index [IX_CourseId]    Script Date: 25-Dec-19 12:24:33 AM ******/
CREATE NONCLUSTERED INDEX [IX_CourseId] ON [dbo].[AllocateClassrooms]
(
	[CourseId] ASC
)WITH (PAD_INDEX = OFF, STATISTICS_NORECOMPUTE = OFF, SORT_IN_TEMPDB = OFF, DROP_EXISTING = OFF, ONLINE = OFF, ALLOW_ROW_LOCKS = ON, ALLOW_PAGE_LOCKS = ON) ON [PRIMARY]
GO
/****** Object:  Index [IX_DepartmentId]    Script Date: 25-Dec-19 12:24:33 AM ******/
CREATE NONCLUSTERED INDEX [IX_DepartmentId] ON [dbo].[AllocateClassrooms]
(
	[DepartmentId] ASC
)WITH (PAD_INDEX = OFF, STATISTICS_NORECOMPUTE = OFF, SORT_IN_TEMPDB = OFF, DROP_EXISTING = OFF, ONLINE = OFF, ALLOW_ROW_LOCKS = ON, ALLOW_PAGE_LOCKS = ON) ON [PRIMARY]
GO
/****** Object:  Index [IX_RoomId]    Script Date: 25-Dec-19 12:24:33 AM ******/
CREATE NONCLUSTERED INDEX [IX_RoomId] ON [dbo].[AllocateClassrooms]
(
	[RoomId] ASC
)WITH (PAD_INDEX = OFF, STATISTICS_NORECOMPUTE = OFF, SORT_IN_TEMPDB = OFF, DROP_EXISTING = OFF, ONLINE = OFF, ALLOW_ROW_LOCKS = ON, ALLOW_PAGE_LOCKS = ON) ON [PRIMARY]
GO
SET ANSI_PADDING ON
GO
/****** Object:  Index [RoleNameIndex]    Script Date: 25-Dec-19 12:24:33 AM ******/
CREATE UNIQUE NONCLUSTERED INDEX [RoleNameIndex] ON [dbo].[AspNetRoles]
(
	[Name] ASC
)WITH (PAD_INDEX = OFF, STATISTICS_NORECOMPUTE = OFF, SORT_IN_TEMPDB = OFF, IGNORE_DUP_KEY = OFF, DROP_EXISTING = OFF, ONLINE = OFF, ALLOW_ROW_LOCKS = ON, ALLOW_PAGE_LOCKS = ON) ON [PRIMARY]
GO
SET ANSI_PADDING ON
GO
/****** Object:  Index [IX_UserId]    Script Date: 25-Dec-19 12:24:33 AM ******/
CREATE NONCLUSTERED INDEX [IX_UserId] ON [dbo].[AspNetUserClaims]
(
	[UserId] ASC
)WITH (PAD_INDEX = OFF, STATISTICS_NORECOMPUTE = OFF, SORT_IN_TEMPDB = OFF, DROP_EXISTING = OFF, ONLINE = OFF, ALLOW_ROW_LOCKS = ON, ALLOW_PAGE_LOCKS = ON) ON [PRIMARY]
GO
SET ANSI_PADDING ON
GO
/****** Object:  Index [IX_UserId]    Script Date: 25-Dec-19 12:24:33 AM ******/
CREATE NONCLUSTERED INDEX [IX_UserId] ON [dbo].[AspNetUserLogins]
(
	[UserId] ASC
)WITH (PAD_INDEX = OFF, STATISTICS_NORECOMPUTE = OFF, SORT_IN_TEMPDB = OFF, DROP_EXISTING = OFF, ONLINE = OFF, ALLOW_ROW_LOCKS = ON, ALLOW_PAGE_LOCKS = ON) ON [PRIMARY]
GO
SET ANSI_PADDING ON
GO
/****** Object:  Index [IX_RoleId]    Script Date: 25-Dec-19 12:24:33 AM ******/
CREATE NONCLUSTERED INDEX [IX_RoleId] ON [dbo].[AspNetUserRoles]
(
	[RoleId] ASC
)WITH (PAD_INDEX = OFF, STATISTICS_NORECOMPUTE = OFF, SORT_IN_TEMPDB = OFF, DROP_EXISTING = OFF, ONLINE = OFF, ALLOW_ROW_LOCKS = ON, ALLOW_PAGE_LOCKS = ON) ON [PRIMARY]
GO
SET ANSI_PADDING ON
GO
/****** Object:  Index [IX_UserId]    Script Date: 25-Dec-19 12:24:33 AM ******/
CREATE NONCLUSTERED INDEX [IX_UserId] ON [dbo].[AspNetUserRoles]
(
	[UserId] ASC
)WITH (PAD_INDEX = OFF, STATISTICS_NORECOMPUTE = OFF, SORT_IN_TEMPDB = OFF, DROP_EXISTING = OFF, ONLINE = OFF, ALLOW_ROW_LOCKS = ON, ALLOW_PAGE_LOCKS = ON) ON [PRIMARY]
GO
SET ANSI_PADDING ON
GO
/****** Object:  Index [UserNameIndex]    Script Date: 25-Dec-19 12:24:33 AM ******/
CREATE UNIQUE NONCLUSTERED INDEX [UserNameIndex] ON [dbo].[AspNetUsers]
(
	[UserName] ASC
)WITH (PAD_INDEX = OFF, STATISTICS_NORECOMPUTE = OFF, SORT_IN_TEMPDB = OFF, IGNORE_DUP_KEY = OFF, DROP_EXISTING = OFF, ONLINE = OFF, ALLOW_ROW_LOCKS = ON, ALLOW_PAGE_LOCKS = ON) ON [PRIMARY]
GO
SET ANSI_PADDING ON
GO
/****** Object:  Index [UQ__Course__9526E2777D065888]    Script Date: 25-Dec-19 12:24:33 AM ******/
ALTER TABLE [dbo].[Course] ADD  CONSTRAINT [UQ__Course__9526E2777D065888] UNIQUE NONCLUSTERED 
(
	[CourseName] ASC
)WITH (PAD_INDEX = OFF, STATISTICS_NORECOMPUTE = OFF, SORT_IN_TEMPDB = OFF, IGNORE_DUP_KEY = OFF, ONLINE = OFF, ALLOW_ROW_LOCKS = ON, ALLOW_PAGE_LOCKS = ON) ON [PRIMARY]
GO
SET ANSI_PADDING ON
GO
/****** Object:  Index [UQ__Course__FC00E000CEE59924]    Script Date: 25-Dec-19 12:24:33 AM ******/
ALTER TABLE [dbo].[Course] ADD  CONSTRAINT [UQ__Course__FC00E000CEE59924] UNIQUE NONCLUSTERED 
(
	[CourseCode] ASC
)WITH (PAD_INDEX = OFF, STATISTICS_NORECOMPUTE = OFF, SORT_IN_TEMPDB = OFF, IGNORE_DUP_KEY = OFF, ONLINE = OFF, ALLOW_ROW_LOCKS = ON, ALLOW_PAGE_LOCKS = ON) ON [PRIMARY]
GO
/****** Object:  Index [Course_Id]    Script Date: 25-Dec-19 12:24:33 AM ******/
CREATE UNIQUE NONCLUSTERED INDEX [Course_Id] ON [dbo].[Course]
(
	[Id] ASC
)WITH (PAD_INDEX = OFF, STATISTICS_NORECOMPUTE = OFF, SORT_IN_TEMPDB = OFF, IGNORE_DUP_KEY = OFF, DROP_EXISTING = OFF, ONLINE = OFF, ALLOW_ROW_LOCKS = ON, ALLOW_PAGE_LOCKS = ON) ON [PRIMARY]
GO
SET ANSI_PADDING ON
GO
/****** Object:  Index [UQ__Departme__6EA8896D1DBD7529]    Script Date: 25-Dec-19 12:24:33 AM ******/
ALTER TABLE [dbo].[Department] ADD UNIQUE NONCLUSTERED 
(
	[DepartmentCode] ASC
)WITH (PAD_INDEX = OFF, STATISTICS_NORECOMPUTE = OFF, SORT_IN_TEMPDB = OFF, IGNORE_DUP_KEY = OFF, ONLINE = OFF, ALLOW_ROW_LOCKS = ON, ALLOW_PAGE_LOCKS = ON) ON [PRIMARY]
GO
SET ANSI_PADDING ON
GO
/****** Object:  Index [UQ__Departme__D949CC3493C95484]    Script Date: 25-Dec-19 12:24:33 AM ******/
ALTER TABLE [dbo].[Department] ADD UNIQUE NONCLUSTERED 
(
	[DepartmentName] ASC
)WITH (PAD_INDEX = OFF, STATISTICS_NORECOMPUTE = OFF, SORT_IN_TEMPDB = OFF, IGNORE_DUP_KEY = OFF, ONLINE = OFF, ALLOW_ROW_LOCKS = ON, ALLOW_PAGE_LOCKS = ON) ON [PRIMARY]
GO
/****** Object:  Index [Department_Id]    Script Date: 25-Dec-19 12:24:33 AM ******/
CREATE UNIQUE NONCLUSTERED INDEX [Department_Id] ON [dbo].[Department]
(
	[DepartmentId] ASC
)WITH (PAD_INDEX = OFF, STATISTICS_NORECOMPUTE = OFF, SORT_IN_TEMPDB = OFF, IGNORE_DUP_KEY = OFF, DROP_EXISTING = OFF, ONLINE = OFF, ALLOW_ROW_LOCKS = ON, ALLOW_PAGE_LOCKS = ON) ON [PRIMARY]
GO
/****** Object:  Index [Designation_Id]    Script Date: 25-Dec-19 12:24:33 AM ******/
CREATE UNIQUE NONCLUSTERED INDEX [Designation_Id] ON [dbo].[Designation]
(
	[Id] ASC
)WITH (PAD_INDEX = OFF, STATISTICS_NORECOMPUTE = OFF, SORT_IN_TEMPDB = OFF, IGNORE_DUP_KEY = OFF, DROP_EXISTING = OFF, ONLINE = OFF, ALLOW_ROW_LOCKS = ON, ALLOW_PAGE_LOCKS = ON) ON [PRIMARY]
GO
/****** Object:  Index [IX_CourseId]    Script Date: 25-Dec-19 12:24:33 AM ******/
CREATE NONCLUSTERED INDEX [IX_CourseId] ON [dbo].[Results]
(
	[CourseId] ASC
)WITH (PAD_INDEX = OFF, STATISTICS_NORECOMPUTE = OFF, SORT_IN_TEMPDB = OFF, DROP_EXISTING = OFF, ONLINE = OFF, ALLOW_ROW_LOCKS = ON, ALLOW_PAGE_LOCKS = ON) ON [PRIMARY]
GO
/****** Object:  Index [IX_DepartmentId]    Script Date: 25-Dec-19 12:24:33 AM ******/
CREATE NONCLUSTERED INDEX [IX_DepartmentId] ON [dbo].[Results]
(
	[DepartmentId] ASC
)WITH (PAD_INDEX = OFF, STATISTICS_NORECOMPUTE = OFF, SORT_IN_TEMPDB = OFF, DROP_EXISTING = OFF, ONLINE = OFF, ALLOW_ROW_LOCKS = ON, ALLOW_PAGE_LOCKS = ON) ON [PRIMARY]
GO
/****** Object:  Index [IX_StudentId]    Script Date: 25-Dec-19 12:24:33 AM ******/
CREATE NONCLUSTERED INDEX [IX_StudentId] ON [dbo].[Results]
(
	[StudentId] ASC
)WITH (PAD_INDEX = OFF, STATISTICS_NORECOMPUTE = OFF, SORT_IN_TEMPDB = OFF, DROP_EXISTING = OFF, ONLINE = OFF, ALLOW_ROW_LOCKS = ON, ALLOW_PAGE_LOCKS = ON) ON [PRIMARY]
GO
SET ANSI_PADDING ON
GO
/****** Object:  Index [UQ__Semester__7B4EBE0F672C4466]    Script Date: 25-Dec-19 12:24:33 AM ******/
ALTER TABLE [dbo].[Semester] ADD UNIQUE NONCLUSTERED 
(
	[SemesterName] ASC
)WITH (PAD_INDEX = OFF, STATISTICS_NORECOMPUTE = OFF, SORT_IN_TEMPDB = OFF, IGNORE_DUP_KEY = OFF, ONLINE = OFF, ALLOW_ROW_LOCKS = ON, ALLOW_PAGE_LOCKS = ON) ON [PRIMARY]
GO
/****** Object:  Index [Semister_Id]    Script Date: 25-Dec-19 12:24:33 AM ******/
CREATE UNIQUE NONCLUSTERED INDEX [Semister_Id] ON [dbo].[Semester]
(
	[SemesterId] ASC
)WITH (PAD_INDEX = OFF, STATISTICS_NORECOMPUTE = OFF, SORT_IN_TEMPDB = OFF, IGNORE_DUP_KEY = OFF, DROP_EXISTING = OFF, ONLINE = OFF, ALLOW_ROW_LOCKS = ON, ALLOW_PAGE_LOCKS = ON) ON [PRIMARY]
GO
SET ANSI_PADDING ON
GO
/****** Object:  Index [UQ__Student__A9D1053432A85D58]    Script Date: 25-Dec-19 12:24:33 AM ******/
ALTER TABLE [dbo].[Student] ADD UNIQUE NONCLUSTERED 
(
	[Email] ASC
)WITH (PAD_INDEX = OFF, STATISTICS_NORECOMPUTE = OFF, SORT_IN_TEMPDB = OFF, IGNORE_DUP_KEY = OFF, ONLINE = OFF, ALLOW_ROW_LOCKS = ON, ALLOW_PAGE_LOCKS = ON) ON [PRIMARY]
GO
/****** Object:  Index [Student_Id]    Script Date: 25-Dec-19 12:24:33 AM ******/
CREATE UNIQUE NONCLUSTERED INDEX [Student_Id] ON [dbo].[Student]
(
	[Id] ASC
)WITH (PAD_INDEX = OFF, STATISTICS_NORECOMPUTE = OFF, SORT_IN_TEMPDB = OFF, IGNORE_DUP_KEY = OFF, DROP_EXISTING = OFF, ONLINE = OFF, ALLOW_ROW_LOCKS = ON, ALLOW_PAGE_LOCKS = ON) ON [PRIMARY]
GO
/****** Object:  Index [IX_CourseId]    Script Date: 25-Dec-19 12:24:33 AM ******/
CREATE NONCLUSTERED INDEX [IX_CourseId] ON [dbo].[StudentCourseAssigns]
(
	[CourseId] ASC
)WITH (PAD_INDEX = OFF, STATISTICS_NORECOMPUTE = OFF, SORT_IN_TEMPDB = OFF, DROP_EXISTING = OFF, ONLINE = OFF, ALLOW_ROW_LOCKS = ON, ALLOW_PAGE_LOCKS = ON) ON [PRIMARY]
GO
/****** Object:  Index [IX_DepartmentId]    Script Date: 25-Dec-19 12:24:33 AM ******/
CREATE NONCLUSTERED INDEX [IX_DepartmentId] ON [dbo].[StudentCourseAssigns]
(
	[DepartmentId] ASC
)WITH (PAD_INDEX = OFF, STATISTICS_NORECOMPUTE = OFF, SORT_IN_TEMPDB = OFF, DROP_EXISTING = OFF, ONLINE = OFF, ALLOW_ROW_LOCKS = ON, ALLOW_PAGE_LOCKS = ON) ON [PRIMARY]
GO
/****** Object:  Index [IX_StudentId]    Script Date: 25-Dec-19 12:24:33 AM ******/
CREATE NONCLUSTERED INDEX [IX_StudentId] ON [dbo].[StudentCourseAssigns]
(
	[StudentId] ASC
)WITH (PAD_INDEX = OFF, STATISTICS_NORECOMPUTE = OFF, SORT_IN_TEMPDB = OFF, DROP_EXISTING = OFF, ONLINE = OFF, ALLOW_ROW_LOCKS = ON, ALLOW_PAGE_LOCKS = ON) ON [PRIMARY]
GO
SET ANSI_PADDING ON
GO
/****** Object:  Index [UQ__Teacher__AB6E6164FFCC8076]    Script Date: 25-Dec-19 12:24:33 AM ******/
ALTER TABLE [dbo].[Teacher] ADD  CONSTRAINT [UQ__Teacher__AB6E6164FFCC8076] UNIQUE NONCLUSTERED 
(
	[email] ASC
)WITH (PAD_INDEX = OFF, STATISTICS_NORECOMPUTE = OFF, SORT_IN_TEMPDB = OFF, IGNORE_DUP_KEY = OFF, ONLINE = OFF, ALLOW_ROW_LOCKS = ON, ALLOW_PAGE_LOCKS = ON) ON [PRIMARY]
GO
/****** Object:  Index [Teacher_Id]    Script Date: 25-Dec-19 12:24:33 AM ******/
CREATE UNIQUE NONCLUSTERED INDEX [Teacher_Id] ON [dbo].[Teacher]
(
	[Id] ASC
)WITH (PAD_INDEX = OFF, STATISTICS_NORECOMPUTE = OFF, SORT_IN_TEMPDB = OFF, IGNORE_DUP_KEY = OFF, DROP_EXISTING = OFF, ONLINE = OFF, ALLOW_ROW_LOCKS = ON, ALLOW_PAGE_LOCKS = ON) ON [PRIMARY]
GO
/****** Object:  Index [CourseAssign_id]    Script Date: 25-Dec-19 12:24:33 AM ******/
CREATE UNIQUE NONCLUSTERED INDEX [CourseAssign_id] ON [dbo].[TeacherCourseAssign]
(
	[id] ASC
)WITH (PAD_INDEX = OFF, STATISTICS_NORECOMPUTE = OFF, SORT_IN_TEMPDB = OFF, IGNORE_DUP_KEY = OFF, DROP_EXISTING = OFF, ONLINE = OFF, ALLOW_ROW_LOCKS = ON, ALLOW_PAGE_LOCKS = ON) ON [PRIMARY]
GO
ALTER TABLE [dbo].[AllocateClassrooms] ADD  DEFAULT ((0)) FOR [IsAllocated]
GO
ALTER TABLE [dbo].[Results] ADD  DEFAULT ((0)) FOR [IsResultAvailable]
GO
ALTER TABLE [dbo].[StudentCourseAssigns] ADD  DEFAULT ((0)) FOR [IsAssigned]
GO
ALTER TABLE [dbo].[AllocateClassrooms]  WITH CHECK ADD  CONSTRAINT [FK_dbo.AllocateClassrooms_dbo.Course_CourseId] FOREIGN KEY([CourseId])
REFERENCES [dbo].[Course] ([Id])
ON DELETE CASCADE
GO
ALTER TABLE [dbo].[AllocateClassrooms] CHECK CONSTRAINT [FK_dbo.AllocateClassrooms_dbo.Course_CourseId]
GO
ALTER TABLE [dbo].[AllocateClassrooms]  WITH CHECK ADD  CONSTRAINT [FK_dbo.AllocateClassrooms_dbo.Department_DepartmentId] FOREIGN KEY([DepartmentId])
REFERENCES [dbo].[Department] ([DepartmentId])
ON DELETE CASCADE
GO
ALTER TABLE [dbo].[AllocateClassrooms] CHECK CONSTRAINT [FK_dbo.AllocateClassrooms_dbo.Department_DepartmentId]
GO
ALTER TABLE [dbo].[AllocateClassrooms]  WITH CHECK ADD  CONSTRAINT [FK_dbo.AllocateClassrooms_dbo.Rooms_RoomId] FOREIGN KEY([RoomId])
REFERENCES [dbo].[Rooms] ([RoomId])
ON DELETE CASCADE
GO
ALTER TABLE [dbo].[AllocateClassrooms] CHECK CONSTRAINT [FK_dbo.AllocateClassrooms_dbo.Rooms_RoomId]
GO
ALTER TABLE [dbo].[AspNetUserClaims]  WITH CHECK ADD  CONSTRAINT [FK_dbo.AspNetUserClaims_dbo.AspNetUsers_UserId] FOREIGN KEY([UserId])
REFERENCES [dbo].[AspNetUsers] ([Id])
ON DELETE CASCADE
GO
ALTER TABLE [dbo].[AspNetUserClaims] CHECK CONSTRAINT [FK_dbo.AspNetUserClaims_dbo.AspNetUsers_UserId]
GO
ALTER TABLE [dbo].[AspNetUserLogins]  WITH CHECK ADD  CONSTRAINT [FK_dbo.AspNetUserLogins_dbo.AspNetUsers_UserId] FOREIGN KEY([UserId])
REFERENCES [dbo].[AspNetUsers] ([Id])
ON DELETE CASCADE
GO
ALTER TABLE [dbo].[AspNetUserLogins] CHECK CONSTRAINT [FK_dbo.AspNetUserLogins_dbo.AspNetUsers_UserId]
GO
ALTER TABLE [dbo].[AspNetUserRoles]  WITH CHECK ADD  CONSTRAINT [FK_dbo.AspNetUserRoles_dbo.AspNetRoles_RoleId] FOREIGN KEY([RoleId])
REFERENCES [dbo].[AspNetRoles] ([Id])
ON DELETE CASCADE
GO
ALTER TABLE [dbo].[AspNetUserRoles] CHECK CONSTRAINT [FK_dbo.AspNetUserRoles_dbo.AspNetRoles_RoleId]
GO
ALTER TABLE [dbo].[AspNetUserRoles]  WITH CHECK ADD  CONSTRAINT [FK_dbo.AspNetUserRoles_dbo.AspNetUsers_UserId] FOREIGN KEY([UserId])
REFERENCES [dbo].[AspNetUsers] ([Id])
ON DELETE CASCADE
GO
ALTER TABLE [dbo].[AspNetUserRoles] CHECK CONSTRAINT [FK_dbo.AspNetUserRoles_dbo.AspNetUsers_UserId]
GO
ALTER TABLE [dbo].[Course]  WITH CHECK ADD  CONSTRAINT [Many to one relation cou sem] FOREIGN KEY([SemesterId])
REFERENCES [dbo].[Semester] ([SemesterId])
GO
ALTER TABLE [dbo].[Course] CHECK CONSTRAINT [Many to one relation cou sem]
GO
ALTER TABLE [dbo].[Course]  WITH CHECK ADD  CONSTRAINT [One to many relation dept cour] FOREIGN KEY([DepartmentId])
REFERENCES [dbo].[Department] ([DepartmentId])
GO
ALTER TABLE [dbo].[Course] CHECK CONSTRAINT [One to many relation dept cour]
GO
ALTER TABLE [dbo].[Results]  WITH CHECK ADD  CONSTRAINT [FK_dbo.Results_dbo.Course_CourseId] FOREIGN KEY([CourseId])
REFERENCES [dbo].[Course] ([Id])
ON DELETE CASCADE
GO
ALTER TABLE [dbo].[Results] CHECK CONSTRAINT [FK_dbo.Results_dbo.Course_CourseId]
GO
ALTER TABLE [dbo].[Results]  WITH CHECK ADD  CONSTRAINT [FK_dbo.Results_dbo.Department_DepartmentId] FOREIGN KEY([DepartmentId])
REFERENCES [dbo].[Department] ([DepartmentId])
ON DELETE CASCADE
GO
ALTER TABLE [dbo].[Results] CHECK CONSTRAINT [FK_dbo.Results_dbo.Department_DepartmentId]
GO
ALTER TABLE [dbo].[Results]  WITH CHECK ADD  CONSTRAINT [FK_dbo.Results_dbo.Student_StudentId] FOREIGN KEY([StudentId])
REFERENCES [dbo].[Student] ([Id])
ON DELETE CASCADE
GO
ALTER TABLE [dbo].[Results] CHECK CONSTRAINT [FK_dbo.Results_dbo.Student_StudentId]
GO
ALTER TABLE [dbo].[Student]  WITH CHECK ADD  CONSTRAINT [One to many relation dept stu] FOREIGN KEY([DepartmentId])
REFERENCES [dbo].[Department] ([DepartmentId])
GO
ALTER TABLE [dbo].[Student] CHECK CONSTRAINT [One to many relation dept stu]
GO
ALTER TABLE [dbo].[StudentCourseAssigns]  WITH CHECK ADD  CONSTRAINT [FK_dbo.StudentCourseAssigns_dbo.Course_CourseId] FOREIGN KEY([CourseId])
REFERENCES [dbo].[Course] ([Id])
GO
ALTER TABLE [dbo].[StudentCourseAssigns] CHECK CONSTRAINT [FK_dbo.StudentCourseAssigns_dbo.Course_CourseId]
GO
ALTER TABLE [dbo].[StudentCourseAssigns]  WITH CHECK ADD  CONSTRAINT [FK_dbo.StudentCourseAssigns_dbo.Department_DepartmentId] FOREIGN KEY([DepartmentId])
REFERENCES [dbo].[Department] ([DepartmentId])
GO
ALTER TABLE [dbo].[StudentCourseAssigns] CHECK CONSTRAINT [FK_dbo.StudentCourseAssigns_dbo.Department_DepartmentId]
GO
ALTER TABLE [dbo].[StudentCourseAssigns]  WITH CHECK ADD  CONSTRAINT [FK_dbo.StudentCourseAssigns_dbo.Student_StudentId] FOREIGN KEY([StudentId])
REFERENCES [dbo].[Student] ([Id])
GO
ALTER TABLE [dbo].[StudentCourseAssigns] CHECK CONSTRAINT [FK_dbo.StudentCourseAssigns_dbo.Student_StudentId]
GO
ALTER TABLE [dbo].[Teacher]  WITH CHECK ADD  CONSTRAINT [One to many relation dept tea] FOREIGN KEY([DepartmentId])
REFERENCES [dbo].[Department] ([DepartmentId])
GO
ALTER TABLE [dbo].[Teacher] CHECK CONSTRAINT [One to many relation dept tea]
GO
ALTER TABLE [dbo].[Teacher]  WITH CHECK ADD  CONSTRAINT [One to many relation des tea] FOREIGN KEY([DesignationId])
REFERENCES [dbo].[Designation] ([Id])
GO
ALTER TABLE [dbo].[Teacher] CHECK CONSTRAINT [One to many relation des tea]
GO
ALTER TABLE [dbo].[TeacherCourseAssign]  WITH CHECK ADD  CONSTRAINT [One to one relation cou asn] FOREIGN KEY([CourseId])
REFERENCES [dbo].[Course] ([Id])
GO
ALTER TABLE [dbo].[TeacherCourseAssign] CHECK CONSTRAINT [One to one relation cou asn]
GO
ALTER TABLE [dbo].[TeacherCourseAssign]  WITH CHECK ADD  CONSTRAINT [One to one relation dept cou asn] FOREIGN KEY([DepartmentId])
REFERENCES [dbo].[Department] ([DepartmentId])
GO
ALTER TABLE [dbo].[TeacherCourseAssign] CHECK CONSTRAINT [One to one relation dept cou asn]
GO
ALTER TABLE [dbo].[TeacherCourseAssign]  WITH CHECK ADD  CONSTRAINT [One to one relation tea cou] FOREIGN KEY([TeacherId])
REFERENCES [dbo].[Teacher] ([Id])
GO
ALTER TABLE [dbo].[TeacherCourseAssign] CHECK CONSTRAINT [One to one relation tea cou]
GO
/****** Object:  StoredProcedure [dbo].[GetAllTeacher]    Script Date: 25-Dec-19 12:24:33 AM ******/
SET ANSI_NULLS ON
GO
SET QUOTED_IDENTIFIER ON
GO
CREATE PROCEDURE [dbo].[GetAllTeacher]
AS
BEGIN
SELECT * FROM Teacher
END
GO
USE [master]
GO
ALTER DATABASE [University_DB] SET  READ_WRITE 
GO
